L	1.293865e-01	-2.593554e-02	50000	1.510000e-01	0.000000e+00	3.020000e+00	0.000000e+00
R	2.695852e-01	2.105951e-02	3.001324e+00	100000	3.029800e-01	0.000000e+00	3.039600e+00	0.000000e+00
L	2.313174e-01	4.984775e-02	150000	4.559204e-01	0.000000e+00	3.058808e+00	0.000000e+00
R	5.296007e-01	-6.508761e-03	3.112397e+00	200000	6.098020e-01	0.000000e+00	3.077632e+00	0.000000e+00
L	7.994506e-01	1.745338e-01	250000	7.646060e-01	0.000000e+00	3.096079e+00	0.000000e+00
R	1.117305e+00	3.315215e-03	2.892661e+00	300000	9.203138e-01	0.000000e+00	3.114158e+00	0.000000e+00
L	9.247082e-01	3.695133e-02	350000	1.076908e+00	0.000000e+00	3.131874e+00	0.000000e+00
R	1.627694e+00	1.249706e-03	3.117340e+00	400000	1.234369e+00	0.000000e+00	3.149237e+00	0.000000e+00
L	1.472448e+00	-2.180318e-01	450000	1.392682e+00	0.000000e+00	3.166252e+00	0.000000e+00
R	1.458145e+00	1.471088e-02	3.444949e+00	500000	1.551828e+00	0.000000e+00	3.182927e+00	0.000000e+00
L	1.675697e+00	5.648998e-02	550000	1.711792e+00	0.000000e+00	3.199269e+00	0.000000e+00
R	1.947020e+00	2.346980e-02	2.881317e+00	600000	1.872556e+00	0.000000e+00	3.215283e+00	0.000000e+00
L	2.119342e+00	-2.271781e-01	650000	2.034105e+00	0.000000e+00	3.230978e+00	0.000000e+00
R	1.410439e+00	-1.820672e-02	2.971615e+00	700000	2.196423e+00	0.000000e+00	3.246358e+00	0.000000e+00
L	2.490896e+00	9.963988e-02	750000	2.359494e+00	0.000000e+00	3.261431e+00	0.000000e+00
R	2.157582e+00	2.542084e-02	2.975541e+00	800000	2.523304e+00	0.000000e+00	3.276202e+00	0.000000e+00
L	2.674902e+00	-4.408497e-02	850000	2.687838e+00	0.000000e+00	3.290678e+00	0.000000e+00
R	2.887408e+00	2.455909e-02	3.496389e+00	900000	2.853082e+00	0.000000e+00	3.304865e+00	0.000000e+00
L	3.071503e+00	9.749221e-02	950000	3.019020e+00	0.000000e+00	3.318767e+00	0.000000e+00
R	3.329187e+00	-1.880956e-02	3.117181e+00	1000000	3.185640e+00	0.000000e+00	3.332392e+00	0.000000e+00
L	3.282431e+00	7.489896e-02	1050000	3.352927e+00	0.000000e+00	3.345744e+00	0.000000e+00
R	3.445834e+00	7.007263e-02	3.113042e+00	1100000	3.520868e+00	0.000000e+00	3.358829e+00	0.000000e+00
L	3.524620e+00	1.152710e-01	1150000	3.689451e+00	0.000000e+00	3.371653e+00	0.000000e+00
R	4.285217e+00	1.517078e-02	3.634965e+00	1200000	3.858662e+00	0.000000e+00	3.384220e+00	0.000000e+00
L	4.242440e+00	-1.410412e-02	1250000	4.028489e+00	0.000000e+00	3.396535e+00	0.000000e+00
R	3.772031e+00	-1.596230e-02	3.694473e+00	1300000	4.198919e+00	0.000000e+00	3.408605e+00	0.000000e+00
L	4.153389e+00	5.029698e-03	1350000	4.369940e+00	0.000000e+00	3.420432e+00	0.000000e+00
R	4.617513e+00	-9.467765e-03	3.649113e+00	1400000	4.541542e+00	0.000000e+00	3.432024e+00	0.000000e+00
L	4.800828e+00	3.482113e-01	1450000	4.713711e+00	0.000000e+00	3.443383e+00	0.000000e+00
R	5.072427e+00	-1.828210e-02	3.285976e+00	1500000	4.886437e+00	0.000000e+00	3.454516e+00	0.000000e+00
L	4.934971e+00	1.428410e-01	1550000	5.059708e+00	0.000000e+00	3.465425e+00	0.000000e+00
R	5.063464e+00	-2.107823e-03	3.700908e+00	1600000	5.233514e+00	0.000000e+00	3.476117e+00	0.000000e+00
L	5.299324e+00	-4.404869e-02	1650000	5.407843e+00	0.000000e+00	3.486595e+00	0.000000e+00
R	5.030301e+00	-3.247436e-02	3.326542e+00	1700000	5.582687e+00	0.000000e+00	3.496863e+00	0.000000e+00
L	5.820397e+00	1.790240e-01	1750000	5.758033e+00	0.000000e+00	3.506925e+00	0.000000e+00
R	5.928332e+00	7.840928e-03	3.567178e+00	1800000	5.933872e+00	0.000000e+00	3.516787e+00	0.000000e+00
L	6.272906e+00	1.340033e-01	1850000	6.110195e+00	0.000000e+00	3.526451e+00	0.000000e+00
R	6.369099e+00	-3.032833e-02	3.806938e+00	1900000	6.286991e+00	0.000000e+00	3.535922e+00	0.000000e+00
L	6.521408e+00	1.840412e-01	1950000	6.464251e+00	0.000000e+00	3.545204e+00	0.000000e+00
R	6.632994e+00	5.859303e-02	3.446637e+00	2000000	6.641966e+00	0.000000e+00	3.554300e+00	0.000000e+00
L	7.059086e+00	1.726785e-02	2050000	6.820127e+00	0.000000e+00	3.563214e+00	0.000000e+00
R	6.843843e+00	-3.385344e-02	3.526640e+00	2100000	6.998724e+00	0.000000e+00	3.571949e+00	0.000000e+00
L	7.391248e+00	1.224562e-01	2150000	7.177750e+00	0.000000e+00	3.580510e+00	0.000000e+00
R	7.563860e+00	-7.127618e-02	3.802189e+00	2200000	7.357195e+00	0.000000e+00	3.588900e+00	0.000000e+00
L	7.620429e+00	-8.248894e-02	2250000	7.537051e+00	0.000000e+00	3.597122e+00	0.000000e+00
R	7.529094e+00	-6.931355e-05	4.122643e+00	2300000	7.717310e+00	0.000000e+00	3.605180e+00	0.000000e+00
L	7.739698e+00	-6.417076e-02	2350000	7.897964e+00	0.000000e+00	3.613076e+00	0.000000e+00
R	8.487540e+00	-1.338452e-02	3.511539e+00	2400000	8.079004e+00	0.000000e+00	3.620815e+00	0.000000e+00
L	8.275091e+00	-1.861934e-01	2450000	8.260424e+00	0.000000e+00	3.628398e+00	0.000000e+00
R	8.508199e+00	-3.628853e-02	3.901390e+00	2500000	8.442216e+00	0.000000e+00	3.635830e+00	0.000000e+00
L	8.624849e+00	3.425147e-01	2550000	8.624371e+00	0.000000e+00	3.643114e+00	0.000000e+00
R	8.891136e+00	4.097068e-02	3.259272e+00	2600000	8.806884e+00	0.000000e+00	3.650251e+00	0.000000e+00
L	8.971425e+00	4.847185e-02	2650000	8.989746e+00	0.000000e+00	3.657246e+00	0.000000e+00
R	9.696668e+00	-5.042748e-02	3.961287e+00	2700000	9.172951e+00	0.000000e+00	3.664101e+00	0.000000e+00
L	9.445195e+00	2.300319e-01	2750000	9.356492e+00	0.000000e+00	3.670819e+00	0.000000e+00
R	9.754078e+00	1.562136e-03	3.520908e+00	2800000	9.540362e+00	0.000000e+00	3.677403e+00	0.000000e+00
L	9.537328e+00	2.931341e-02	2850000	9.724555e+00	0.000000e+00	3.683855e+00	0.000000e+00
R	9.851555e+00	6.060802e-02	3.506870e+00	2900000	9.909064e+00	0.000000e+00	3.690178e+00	0.000000e+00
L	1.014194e+01	-2.353502e-01	2950000	1.009388e+01	0.000000e+00	3.696374e+00	0.000000e+00
R	1.016037e+01	7.834436e-03	3.949635e+00	3000000	1.027901e+01	0.000000e+00	3.702447e+00	0.000000e+00
L	1.068164e+01	-6.622226e-03	3050000	1.046443e+01	0.000000e+00	3.708398e+00	0.000000e+00
R	1.031496e+01	1.373551e-02	3.869326e+00	3100000	1.065014e+01	0.000000e+00	3.714230e+00	0.000000e+00
L	1.090988e+01	-1.050432e-01	3150000	1.083613e+01	0.000000e+00	3.719945e+00	0.000000e+00
R	1.136243e+01	2.636877e-03	3.935494e+00	3200000	1.102241e+01	0.000000e+00	3.725546e+00	0.000000e+00
L	1.140007e+01	9.139085e-02	3250000	1.120896e+01	0.000000e+00	3.731036e+00	0.000000e+00
R	1.148174e+01	6.458386e-02	3.809526e+00	3300000	1.139578e+01	0.000000e+00	3.736415e+00	0.000000e+00
L	1.153847e+01	1.679506e-02	3350000	1.158287e+01	0.000000e+00	3.741687e+00	0.000000e+00
R	1.221504e+01	3.561375e-03	3.902666e+00	3400000	1.177021e+01	0.000000e+00	3.746853e+00	0.000000e+00
L	1.213717e+01	-7.692879e-02	3450000	1.195781e+01	0.000000e+00	3.751916e+00	0.000000e+00
R	1.162768e+01	8.982695e-03	3.825798e+00	3500000	1.214565e+01	0.000000e+00	3.756877e+00	0.000000e+00
L	1.224254e+01	1.306630e-01	3550000	1.233374e+01	0.000000e+00	3.761740e+00	0.000000e+00
R	1.270433e+01	-2.984977e-02	3.921971e+00	3600000	1.252206e+01	0.000000e+00	3.766505e+00	0.000000e+00
L	1.268121e+01	-2.224538e-01	3650000	1.271062e+01	0.000000e+00	3.771175e+00	0.000000e+00
R	1.303529e+01	-1.356439e-03	3.552167e+00	3700000	1.289941e+01	0.000000e+00	3.775751e+00	0.000000e+00
L	1.316686e+01	7.321399e-02	3750000	1.308842e+01	0.000000e+00	3.780236e+00	0.000000e+00
R	1.310439e+01	1.201057e-02	4.089151e+00	3800000	1.327765e+01	0.000000e+00	3.784632e+00	0.000000e+00
L	1.336020e+01	5.713350e-02	3850000	1.346710e+01	0.000000e+00	3.788939e+00	0.000000e+00
R	1.365758e+01	6.798031e-02	3.234469e+00	3900000	1.365676e+01	0.000000e+00	3.793160e+00	0.000000e+00
L	1.395091e+01	-4.593675e-02	3950000	1.384662e+01	0.000000e+00	3.797297e+00	0.000000e+00
R	1.400663e+01	5.704767e-02	3.798779e+00	4000000	1.403669e+01	0.000000e+00	3.801351e+00	0.000000e+00
L	1.456310e+01	-6.632219e-02	4050000	1.422696e+01	0.000000e+00	3.805324e+00	0.000000e+00
R	1.452257e+01	-1.472543e-02	3.602011e+00	4100000	1.441742e+01	0.000000e+00	3.809218e+00	0.000000e+00
L	1.461744e+01	-4.238573e-02	4150000	1.460807e+01	0.000000e+00	3.813033e+00	0.000000e+00
R	1.485965e+01	-6.315084e-02	4.417513e+00	4200000	1.479891e+01	0.000000e+00	3.816773e+00	0.000000e+00
L	1.496488e+01	2.614358e-01	4250000	1.498993e+01	0.000000e+00	3.820437e+00	0.000000e+00
R	1.487900e+01	8.776071e-03	4.773511e+00	4300000	1.518113e+01	0.000000e+00	3.824028e+00	0.000000e+00
L	1.524205e+01	-2.242950e-01	4350000	1.537251e+01	0.000000e+00	3.827548e+00	0.000000e+00
R	1.540010e+01	1.417465e-02	4.038999e+00	4400000	1.556406e+01	0.000000e+00	3.830997e+00	0.000000e+00
L	1.594933e+01	-3.855186e-02	4450000	1.575578e+01	0.000000e+00	3.834377e+00	0.000000e+00
R	1.546699e+01	-1.305089e-02	4.209756e+00	4500000	1.594766e+01	0.000000e+00	3.837689e+00	0.000000e+00
L	1.620956e+01	-2.935408e-01	4550000	1.613971e+01	0.000000e+00	3.840936e+00	0.000000e+00
R	1.632140e+01	4.194504e-02	4.482081e+00	4600000	1.633191e+01	0.000000e+00	3.844117e+00	0.000000e+00
L	1.660853e+01	4.639535e-02	4650000	1.652428e+01	0.000000e+00	3.847235e+00	0.000000e+00
R	1.634473e+01	-2.529729e-02	3.864365e+00	4700000	1.671679e+01	0.000000e+00	3.850290e+00	0.000000e+00
L	1.698493e+01	8.702763e-02	4750000	1.690945e+01	0.000000e+00	3.853284e+00	0.000000e+00
R	1.695880e+01	-3.455827e-02	3.622884e+00	4800000	1.710226e+01	0.000000e+00	3.856218e+00	0.000000e+00
L	1.712167e+01	9.651138e-02	4850000	1.729522e+01	0.000000e+00	3.859094e+00	0.000000e+00
R	1.679463e+01	-9.998341e-03	3.996876e+00	4900000	1.748832e+01	0.000000e+00	3.861912e+00	0.000000e+00
L	1.790985e+01	1.069495e-02	4950000	1.768155e+01	0.000000e+00	3.864674e+00	0.000000e+00
R	1.817530e+01	-1.197012e-02	3.644059e+00	5000000	1.787492e+01	0.000000e+00	3.867380e+00	0.000000e+00
L	1.796726e+01	2.291004e-01	5050000	1.806842e+01	0.000000e+00	3.870033e+00	0.000000e+00
R	1.856032e+01	1.462194e-02	4.871713e+00	5100000	1.826205e+01	0.000000e+00	3.872632e+00	0.000000e+00
L	1.845096e+01	9.305245e-02	5150000	1.845581e+01	0.000000e+00	3.875180e+00	0.000000e+00
R	1.874197e+01	-6.656571e-03	4.572527e+00	5200000	1.864969e+01	0.000000e+00	3.877676e+00	0.000000e+00
L	1.906969e+01	-2.099219e-01	5250000	1.884370e+01	0.000000e+00	3.880122e+00	0.000000e+00
R	1.891787e+01	1.285010e-02	4.117475e+00	5300000	1.903783e+01	0.000000e+00	3.882520e+00	0.000000e+00
L	1.902980e+01	-3.383342e-01	5350000	1.923207e+01	0.000000e+00	3.884870e+00	0.000000e+00
R	1.885452e+01	-2.133344e-03	3.856211e+00	5400000	1.942643e+01	0.000000e+00	3.887172e+00	0.000000e+00
L	1.967268e+01	-1.154512e-01	5450000	1.962090e+01	0.000000e+00	3.889429e+00	0.000000e+00
R	1.944821e+01	-6.069135e-02	3.990396e+00	5500000	1.981548e+01	0.000000e+00	3.891640e+00	0.000000e+00
L	2.006568e+01	1.489491e-01	5550000	2.001017e+01	0.000000e+00	3.893807e+00	0.000000e+00
R	2.044221e+01	-5.721467e-03	4.300710e+00	5600000	2.020497e+01	0.000000e+00	3.895931e+00	0.000000e+00
L	2.037941e+01	-9.912546e-02	5650000	2.039987e+01	0.000000e+00	3.898013e+00	0.000000e+00
R	2.043870e+01	-1.754435e-02	3.250331e+00	5700000	2.059487e+01	0.000000e+00	3.900052e+00	0.000000e+00
L	2.081342e+01	3.748284e-02	5750000	2.078997e+01	0.000000e+00	3.902051e+00	0.000000e+00
R	2.087650e+01	-2.141524e-02	4.015551e+00	5800000	2.098517e+01	0.000000e+00	3.904010e+00	0.000000e+00
L	2.143800e+01	5.738273e-03	5850000	2.118047e+01	0.000000e+00	3.905930e+00	0.000000e+00
R	2.122357e+01	-1.774342e-02	3.886885e+00	5900000	2.137586e+01	0.000000e+00	3.907811e+00	0.000000e+00
L	2.138163e+01	-1.878910e-02	5950000	2.157134e+01	0.000000e+00	3.909655e+00	0.000000e+00
R	2.178527e+01	5.534036e-02	4.194504e+00	6000000	2.176692e+01	0.000000e+00	3.911462e+00	0.000000e+00
L	2.211768e+01	-1.069423e-01	6050000	2.196258e+01	0.000000e+00	3.913233e+00	0.000000e+00
R	2.235930e+01	-3.418147e-02	4.008556e+00	6100000	2.215833e+01	0.000000e+00	3.914968e+00	0.000000e+00
L	2.241697e+01	-1.149614e-01	6150000	2.235416e+01	0.000000e+00	3.916669e+00	0.000000e+00
R	2.314989e+01	1.702121e-02	3.347517e+00	6200000	2.255008e+01	0.000000e+00	3.918335e+00	0.000000e+00
L	2.282901e+01	-6.111177e-02	6250000	2.274608e+01	0.000000e+00	3.919969e+00	0.000000e+00
R	2.294257e+01	1.397294e-02	4.038729e+00	6300000	2.294215e+01	0.000000e+00	3.921569e+00	0.000000e+00
L	2.283244e+01	-1.737480e-01	6350000	2.313831e+01	0.000000e+00	3.923138e+00	0.000000e+00
R	2.356633e+01	3.903613e-02	4.495621e+00	6400000	2.333455e+01	0.000000e+00	3.924675e+00	0.000000e+00
L	2.380133e+01	-3.083305e-01	6450000	2.353085e+01	0.000000e+00	3.926182e+00	0.000000e+00
R	2.395808e+01	-5.748871e-02	4.411738e+00	6500000	2.372724e+01	0.000000e+00	3.927658e+00	0.000000e+00
L	2.396170e+01	-1.711753e-01	6550000	2.392369e+01	0.000000e+00	3.929105e+00	0.000000e+00
R	2.472319e+01	1.931913e-02	3.363178e+00	6600000	2.412022e+01	0.000000e+00	3.930523e+00	0.000000e+00
L	2.436083e+01	-1.096710e-01	6650000	2.431681e+01	0.000000e+00	3.931912e+00	0.000000e+00
R	2.454687e+01	-1.395584e-02	4.345322e+00	6700000	2.451348e+01	0.000000e+00	3.933274e+00	0.000000e+00
L	2.449672e+01	4.761078e-02	6750000	2.471021e+01	0.000000e+00	3.934609e+00	0.000000e+00
R	2.545126e+01	-2.480881e-02	3.999111e+00	6800000	2.490700e+01	0.000000e+00	3.935916e+00	0.000000e+00
L	2.513416e+01	-1.034553e-01	6850000	2.510386e+01	0.000000e+00	3.937198e+00	0.000000e+00
R	2.549516e+01	2.911508e-03	3.655324e+00	6900000	2.530079e+01	0.000000e+00	3.938454e+00	0.000000e+00
L	2.576207e+01	1.187422e-01	6950000	2.549777e+01	0.000000e+00	3.939685e+00	0.000000e+00
R	2.564468e+01	-1.910024e-02	3.705583e+00	7000000	2.569482e+01	0.000000e+00	3.940891e+00	0.000000e+00
L	2.607656e+01	-2.197174e-02	7050000	2.589192e+01	0.000000e+00	3.942074e+00	0.000000e+00
R	2.622691e+01	-5.533701e-03	4.128155e+00	7100000	2.608908e+01	0.000000e+00	3.943232e+00	0.000000e+00
L	2.626890e+01	1.145781e-01	7150000	2.628630e+01	0.000000e+00	3.944367e+00	0.000000e+00
R	2.642861e+01	2.488762e-02	4.147195e+00	7200000	2.648357e+01	0.000000e+00	3.945480e+00	0.000000e+00
L	2.666341e+01	-1.289666e-01	7250000	2.668090e+01	0.000000e+00	3.946571e+00	0.000000e+00
R	2.659625e+01	-2.222210e-02	3.652293e+00	7300000	2.687828e+01	0.000000e+00	3.947639e+00	0.000000e+00
L	2.720559e+01	-6.990347e-03	7350000	2.707572e+01	0.000000e+00	3.948686e+00	0.000000e+00
R	2.774423e+01	6.837989e-02	3.956979e+00	7400000	2.727320e+01	0.000000e+00	3.949713e+00	0.000000e+00
L	2.723854e+01	-5.721803e-02	7450000	2.747074e+01	0.000000e+00	3.950718e+00	0.000000e+00
R	2.764572e+01	-4.465327e-02	3.876556e+00	7500000	2.766833e+01	0.000000e+00	3.951704e+00	0.000000e+00
L	2.790900e+01	-6.891418e-02	7550000	2.786596e+01	0.000000e+00	3.952670e+00	0.000000e+00
R	2.783311e+01	-2.276270e-02	4.489622e+00	7600000	2.806364e+01	0.000000e+00	3.953617e+00	0.000000e+00
L	2.823742e+01	-1.244895e-01	7650000	2.826137e+01	0.000000e+00	3.954544e+00	0.000000e+00
R	2.834727e+01	2.863031e-02	3.750047e+00	7700000	2.845914e+01	0.000000e+00	3.955453e+00	0.000000e+00
L	2.872923e+01	1.091827e-01	7750000	2.865696e+01	0.000000e+00	3.956344e+00	0.000000e+00
R	2.907955e+01	4.199084e-02	3.792073e+00	7800000	2.885482e+01	0.000000e+00	3.957217e+00	0.000000e+00
L	2.922263e+01	-1.189280e-01	7850000	2.905272e+01	0.000000e+00	3.958073e+00	0.000000e+00
R	2.913170e+01	3.588262e-02	4.205624e+00	7900000	2.925067e+01	0.000000e+00	3.958912e+00	0.000000e+00
L	2.944897e+01	-1.787121e-01	7950000	2.944865e+01	0.000000e+00	3.959733e+00	0.000000e+00
R	2.981518e+01	-1.891118e-02	3.683373e+00	8000000	2.964668e+01	0.000000e+00	3.960539e+00	0.000000e+00
L	2.974753e+01	3.697411e-02	8050000	2.984475e+01	0.000000e+00	3.961328e+00	0.000000e+00
R	2.940654e+01	1.082289e-02	4.014274e+00	8100000	3.004285e+01	0.000000e+00	3.962101e+00	0.000000e+00
L	3.015332e+01	1.555391e-01	8150000	3.024099e+01	0.000000e+00	3.962859e+00	0.000000e+00
R	3.062261e+01	-1.818852e-02	3.762597e+00	8200000	3.043917e+01	0.000000e+00	3.963602e+00	0.000000e+00
L	3.074166e+01	-2.274110e-01	8250000	3.063739e+01	0.000000e+00	3.964330e+00	0.000000e+00
R	3.073586e+01	-1.893140e-02	3.986007e+00	8300000	3.083564e+01	0.000000e+00	3.965043e+00	0.000000e+00
L	3.106560e+01	5.518187e-03	8350000	3.103393e+01	0.000000e+00	3.965743e+00	0.000000e+00
R	3.157271e+01	6.841891e-03	3.871930e+00	8400000	3.123225e+01	0.000000e+00	3.966428e+00	0.000000e+00
L	3.124898e+01	1.082775e-01	8450000	3.143061e+01	0.000000e+00	3.967099e+00	0.000000e+00
R	3.178744e+01	4.352429e-02	3.743521e+00	8500000	3.162899e+01	0.000000e+00	3.967757e+00	0.000000e+00
L	3.183138e+01	-8.803905e-03	8550000	3.182741e+01	0.000000e+00	3.968402e+00	0.000000e+00
R	3.199958e+01	3.117063e-04	3.454672e+00	8600000	3.202587e+01	0.000000e+00	3.969034e+00	0.000000e+00
L	3.234810e+01	9.798088e-02	8650000	3.222435e+01	0.000000e+00	3.969653e+00	0.000000e+00
R	3.276200e+01	6.748723e-02	3.874570e+00	8700000	3.242286e+01	0.000000e+00	3.970260e+00	0.000000e+00
L	3.261598e+01	1.467535e-03	8750000	3.262141e+01	0.000000e+00	3.970855e+00	0.000000e+00
R	3.340263e+01	-5.193659e-02	4.117168e+00	8800000	3.281998e+01	0.000000e+00	3.971438e+00	0.000000e+00
L	3.279795e+01	-3.872356e-01	8850000	3.301858e+01	0.000000e+00	3.972009e+00	0.000000e+00
R	3.261096e+01	-4.145306e-02	4.293277e+00	8900000	3.321721e+01	0.000000e+00	3.972569e+00	0.000000e+00
L	3.328561e+01	-3.411865e-02	8950000	3.341586e+01	0.000000e+00	3.973118e+00	0.000000e+00
R	3.326549e+01	1.832851e-02	3.643067e+00	9000000	3.361454e+01	0.000000e+00	3.973655e+00	0.000000e+00
L	3.401090e+01	-1.489658e-01	9050000	3.381325e+01	0.000000e+00	3.974182e+00	0.000000e+00
R	3.378254e+01	3.682231e-03	3.982112e+00	9100000	3.401199e+01	0.000000e+00	3.974699e+00	0.000000e+00
L	3.442445e+01	1.806109e-02	9150000	3.421075e+01	0.000000e+00	3.975205e+00	0.000000e+00
R	3.404718e+01	-1.681006e-02	3.803865e+00	9200000	3.440953e+01	0.000000e+00	3.975700e+00	0.000000e+00
L	3.471710e+01	5.756895e-02	9250000	3.460834e+01	0.000000e+00	3.976186e+00	0.000000e+00
R	3.477136e+01	2.608822e-02	3.818114e+00	9300000	3.480718e+01	0.000000e+00	3.976663e+00	0.000000e+00
L	3.498560e+01	2.711406e-02	9350000	3.500603e+01	0.000000e+00	3.977129e+00	0.000000e+00
R	3.566337e+01	-2.955995e-03	3.872347e+00	9400000	3.520491e+01	0.000000e+00	3.977587e+00	0.000000e+00
L	3.524694e+01	1.029078e-01	9450000	3.540381e+01	0.000000e+00	3.978035e+00	0.000000e+00
R	3.542644e+01	1.031055e-02	3.407991e+00	9500000	3.560274e+01	0.000000e+00	3.978474e+00	0.000000e+00
L	3.595816e+01	-1.997907e-01	9550000	3.580168e+01	0.000000e+00	3.978905e+00	0.000000e+00
R	3.576745e+01	3.175743e-02	3.578986e+00	9600000	3.600065e+01	0.000000e+00	3.979327e+00	0.000000e+00
L	3.618772e+01	1.113841e-02	9650000	3.619964e+01	0.000000e+00	3.979740e+00	0.000000e+00
R	3.609908e+01	4.028799e-02	4.429779e+00	9700000	3.639864e+01	0.000000e+00	3.980146e+00	0.000000e+00
L	3.630193e+01	-2.173485e-01	9750000	3.659767e+01	0.000000e+00	3.980543e+00	0.000000e+00
R	3.703919e+01	-3.909072e-02	3.864341e+00	9800000	3.679672e+01	0.000000e+00	3.980932e+00	0.000000e+00
L	3.701522e+01	1.037775e-01	9850000	3.699578e+01	0.000000e+00	3.981313e+00	0.000000e+00
R	3.712789e+01	2.856628e-03	3.748667e+00	9900000	3.719487e+01	0.000000e+00	3.981687e+00	0.000000e+00
L	3.758782e+01	-7.429708e-02	9950000	3.739397e+01	0.000000e+00	3.982053e+00	0.000000e+00
R	3.769501e+01	-1.534914e-02	4.014309e+00	10000000	3.759309e+01	0.000000e+00	3.982412e+00	0.000000e+00
L	3.776700e+01	-2.422027e-02	10050000	3.779223e+01	1.493536e-04	3.982759e+00	5.974143e-03
R	3.768725e+01	2.391184e-02	4.407283e+00	10100000	3.799138e+01	7.393505e-04	3.983070e+00	1.762520e-02
L	3.822702e+01	1.118971e-01	10150000	3.819055e+01	2.046782e-03	3.983295e+00	3.467048e-02
R	3.864115e+01	2.795248e-02	4.074385e+00	10200000	3.838973e+01	4.334643e-03	3.983372e+00	5.684085e-02
L	3.862074e+01	1.374539e-01	10250000	3.858890e+01	7.852784e-03	3.983219e+00	8.387960e-02
R	3.880871e+01	-2.888656e-02	3.989937e+00	10300000	3.878806e+01	1.283850e-02	3.982744e+00	1.155414e-01
L	3.870392e+01	1.863206e-02	10350000	3.898718e+01	1.951710e-02	3.981847e+00	1.515914e-01
R	3.931027e+01	3.779657e-02	4.025938e+00	10400000	3.918625e+01	2.810235e-02	3.980418e+00	1.918040e-01
L	3.952445e+01	3.871633e-02	10450000	3.938523e+01	3.879696e-02	3.978345e+00	2.359619e-01
R	3.927707e+01	-4.103296e-02	3.684956e+00	10500000	3.958408e+01	5.179298e-02	3.975508e+00	2.838554e-01
L	3.957785e+01	1.623283e-01	10550000	3.978278e+01	6.727213e-02	3.971790e+00	3.352815e-01
R	3.991906e+01	1.924560e-02	3.989924e+00	10600000	3.998126e+01	8.540613e-02	3.967070e+00	3.900433e-01
L	4.033608e+01	2.653859e-01	10650000	4.017947e+01	1.063570e-01	3.961227e+00	4.479488e-01
R	4.018398e+01	-5.002999e-03	3.795916e+00	10700000	4.037737e+01	1.302772e-01	3.954143e+00	5.088111e-01
L	4.033168e+01	2.585927e-01	10750000	4.057488e+01	1.573101e-01	3.945701e+00	5.724472e-01
R	4.112899e+01	4.408073e-03	3.790725e+00	10800000	4.077192e+01	1.875899e-01	3.935786e+00	6.386777e-01
L	4.113207e+01	-1.305025e-01	10850000	4.096844e+01	2.212419e-01	3.924289e+00	7.073267e-01
R	4.121839e+01	1.057529e-02	3.744652e+00	10900000	4.116433e+01	2.583827e-01	3.911101e+00	7.782210e-01
L	4.156826e+01	4.447306e-01	10950000	4.135953e+01	2.991203e-01	3.896122e+00	8.511902e-01
R	4.147700e+01	5.666608e-03	3.770369e+00	11000000	4.155392e+01	3.435544e-01	3.879253e+00	9.260661e-01
L	4.167061e+01	1.955461e-01	11050000	4.174743e+01	3.917760e-01	3.860402e+00	1.002683e+00
R	4.235627e+01	4.142304e-02	4.090155e+00	11100000	4.193994e+01	4.438683e-01	3.839482e+00	1.080876e+00
L	4.196719e+01	8.120326e-01	11150000	4.213134e+01	4.999058e-01	3.816410e+00	1.160485e+00
R	4.291930e+01	1.887192e-02	3.535937e+00	11200000	4.232155e+01	5.599555e-01	3.791112e+00	1.241347e+00
L	4.238046e+01	6.868583e-01	11250000	4.251042e+01	6.240760e-01	3.763518e+00	1.323306e+00
R	4.242957e+01	1.518661e-02	4.082463e+00	11300000	4.269786e+01	6.923183e-01	3.733562e+00	1.406204e+00
L	4.265772e+01	1.065585e+00	11350000	4.288374e+01	7.647254e-01	3.701189e+00	1.489885e+00
R	4.354618e+01	-1.758005e-02	3.272299e+00	11400000	4.306795e+01	8.413327e-01	3.666345e+00	1.574197e+00
L	4.320783e+01	7.674964e-01	11450000	4.325034e+01	9.221679e-01	3.628986e+00	1.658988e+00
R	4.336337e+01	-5.424764e-02	3.559934e+00	11500000	4.343081e+01	1.007251e+00	3.589071e+00	1.744107e+00
L	4.387964e+01	9.291062e-01	11550000	4.360921e+01	1.096595e+00	3.546568e+00	1.829406e+00
R	4.371968e+01	-1.751227e-02	3.743656e+00	11600000	4.378542e+01	1.190206e+00	3.501449e+00	1.914740e+00
L	4.392552e+01	1.579190e+00	11650000	4.395931e+01	1.288080e+00	3.453693e+00	1.999963e+00
R	4.421469e+01	2.032626e-02	3.632325e+00	11700000	4.413075e+01	1.390210e+00	3.403284e+00	2.084933e+00
L	4.422367e+01	1.295683e+00	11750000	4.429960e+01	1.496579e+00	3.350213e+00	2.169509e+00
R	4.458535e+01	3.088209e-02	3.423620e+00	11800000	4.446573e+01	1.607164e+00	3.294477e+00	2.253554e+00
L	4.468533e+01	1.645387e+00	11850000	4.462901e+01	1.721935e+00	3.236076e+00	2.336932e+00
R	4.495358e+01	9.320811e-02	2.939360e+00	11900000	4.478930e+01	1.840855e+00	3.175019e+00	2.419508e+00
L	4.520708e+01	1.927460e+00	11950000	4.494647e+01	1.963881e+00	3.111319e+00	2.501153e+00
R	4.491884e+01	1.191459e-01	3.207800e+00	12000000	4.510039e+01	2.090963e+00	3.044994e+00	2.581736e+00
L	4.545649e+01	2.344684e+00	12050000	4.525093e+01	2.222045e+00	2.976066e+00	2.661134e+00
R	4.495492e+01	5.549806e-02	2.885091e+00	12100000	4.539795e+01	2.357064e+00	2.904565e+00	2.739221e+00
L	4.534007e+01	2.230196e+00	12150000	4.554134e+01	2.495952e+00	2.830523e+00	2.815878e+00
R	4.578779e+01	7.540572e-02	3.033309e+00	12200000	4.568096e+01	2.638635e+00	2.753979e+00	2.890987e+00
L	4.577082e+01	2.665255e+00	12250000	4.581670e+01	2.785032e+00	2.674976e+00	2.964434e+00
R	4.574601e+01	4.713573e-02	2.471911e+00	12300000	4.594842e+01	2.935057e+00	2.593559e+00	3.036107e+00
L	4.604553e+01	3.085187e+00	12350000	4.607602e+01	3.088620e+00	2.509781e+00	3.105899e+00
R	4.604443e+01	6.317580e-02	2.412054e+00	12400000	4.619936e+01	3.245622e+00	2.423696e+00	3.173703e+00
L	4.631768e+01	3.482026e+00	12450000	4.631835e+01	3.405963e+00	2.335365e+00	3.239418e+00
R	4.662330e+01	9.088881e-02	1.995808e+00	12500000	4.643286e+01	3.569535e+00	2.244849e+00	3.302946e+00
L	4.648600e+01	3.777738e+00	12550000	4.654280e+01	3.736227e+00	2.152217e+00	3.364192e+00
R	4.700364e+01	3.559677e-02	2.383736e+00	12600000	4.664805e+01	3.905922e+00	2.057538e+00	3.423064e+00
L	4.692948e+01	4.051708e+00	12650000	4.674852e+01	4.078500e+00	1.960886e+00	3.479473e+00
R	4.700843e+01	1.040736e-01	2.248383e+00	12700000	4.684411e+01	4.253834e+00	1.862338e+00	3.533337e+00
L	4.703592e+01	4.442658e+00	12750000	4.693472e+01	4.431796e+00	1.761973e+00	3.584574e+00
R	4.729169e+01	7.430459e-02	1.955486e+00	12800000	4.702028e+01	4.612253e+00	1.659874e+00	3.633106e+00
L	4.728865e+01	4.764441e+00	12850000	4.710068e+01	4.795067e+00	1.556127e+00	3.678861e+00
R	4.738743e+01	9.042989e-02	2.069673e+00	12900000	4.717586e+01	4.980098e+00	1.450819e+00	3.721769e+00
L	4.711754e+01	5.303777e+00	12950000	4.724574e+01	5.167201e+00	1.344040e+00	3.761763e+00
R	4.733139e+01	8.100156e-02	1.717170e+00	13000000	4.731024e+01	5.356230e+00	1.235884e+00	3.798783e+00
L	4.738883e+01	5.591668e+00	13050000	4.736931e+01	5.547035e+00	1.126444e+00	3.832769e+00
R	4.808768e+01	1.080666e-01	1.605579e+00	13100000	4.742287e+01	5.739461e+00	1.015818e+00	3.863668e+00
L	4.733440e+01	6.122230e+00	13150000	4.747087e+01	5.933355e+00	9.041024e-01	3.891429e+00
R	4.809662e+01	1.443735e-01	1.342220e+00	13200000	4.751326e+01	6.128556e+00	7.913985e-01	3.916005e+00
L	4.743215e+01	6.275801e+00	13250000	4.754999e+01	6.324906e+00	6.778073e-01	3.937354e+00
R	4.817650e+01	1.356520e-01	1.132509e+00	13300000	4.758103e+01	6.522242e+00	5.634315e-01	3.955437e+00
L	4.740235e+01	6.747564e+00	13350000	4.760633e+01	6.720400e+00	4.483752e-01	3.970218e+00
R	4.791827e+01	1.117732e-01	8.553382e-01	13400000	4.762586e+01	6.919213e+00	3.327432e-01	3.981668e+00
L	4.736112e+01	7.223301e+00	13450000	4.763959e+01	7.118515e+00	2.166415e-01	3.989759e+00
R	4.846183e+01	1.507951e-01	4.072771e-01	13500000	4.764751e+01	7.318137e+00	1.001768e-01	3.994468e+00
L	4.750780e+01	7.495241e+00	13550000	4.764960e+01	7.517910e+00	-1.654357e-02	3.995775e+00
R	4.753974e+01	1.659993e-01	7.062042e-01	13600000	4.764585e+01	7.717662e+00	-1.334117e-01	3.993666e+00
L	4.758948e+01	7.843063e+00	13650000	4.763626e+01	7.917223e+00	-2.503194e-01	3.988127e+00
R	4.836214e+01	1.793356e-01	6.348665e-01	13700000	4.762082e+01	8.116422e+00	-3.671582e-01	3.979153e+00
L	4.760231e+01	8.211621e+00	13750000	4.759955e+01	8.315085e+00	-4.838194e-01	3.966738e+00
R	4.818976e+01	1.825331e-01	5.720021e-01	13800000	4.757244e+01	8.513042e+00	-6.001945e-01	3.950883e+00
L	4.749149e+01	8.552241e+00	13850000	4.753953e+01	8.710120e+00	-7.161749e-01	3.931591e+00
R	4.806752e+01	1.224526e-01	1.869123e-03	13900000	4.750083e+01	8.906147e+00	-8.316524e-01	3.908870e+00
L	4.725218e+01	8.915927e+00	13950000	4.745637e+01	9.100953e+00	-9.465191e-01	3.882730e+00
R	4.771591e+01	1.600627e-01	-1.289926e-01	14000000	4.740619e+01	9.294367e+00	-1.060668e+00	3.853186e+00
L	4.715362e+01	9.223772e+00	14050000	4.735032e+01	9.486219e+00	-1.173991e+00	3.820257e+00
R	4.832213e+01	1.916009e-01	-3.720479e-01	14100000	4.728881e+01	9.676340e+00	-1.286384e+00	3.783964e+00
L	4.733278e+01	9.863287e+00	14150000	4.722170e+01	9.864562e+00	-1.397740e+00	3.744333e+00
R	4.781907e+01	2.063115e-01	-5.530568e-01	14200000	4.714905e+01	1.005072e+01	-1.507955e+00	3.701392e+00
L	4.698347e+01	1.001903e+01	14250000	4.707092e+01	1.023465e+01	-1.616927e+00	3.655173e+00
R	4.845885e+01	2.056953e-01	-1.026075e+00	14300000	4.698738e+01	1.041619e+01	-1.724552e+00	3.605714e+00
L	4.690088e+01	1.074974e+01	14350000	4.689849e+01	1.059517e+01	-1.830730e+00	3.553051e+00
R	4.810688e+01	2.162024e-01	-8.970789e-01	14400000	4.680433e+01	1.077144e+01	-1.935362e+00	3.497228e+00
L	4.702703e+01	1.115301e+01	14450000	4.670498e+01	1.094484e+01	-2.038349e+00	3.438290e+00
R	4.810965e+01	2.004780e-01	-1.722519e-01	14500000	4.660052e+01	1.111522e+01	-2.139595e+00	3.376286e+00
L	4.631125e+01	1.122665e+01	14550000	4.649105e+01	1.128242e+01	-2.239004e+00	3.311267e+00
R	4.755834e+01	2.907824e-01	-1.365182e+00	14600000	4.637665e+01	1.144630e+01	-2.336484e+00	3.243288e+00
L	4.604336e+01	1.164684e+01	14650000	4.625743e+01	1.160671e+01	-2.431944e+00	3.172406e+00
R	4.777372e+01	2.401134e-01	-2.047422e+00	14700000	4.613349e+01	1.176350e+01	-2.525293e+00	3.098683e+00
L	4.589618e+01	1.185100e+01	14750000	4.600493e+01	1.191653e+01	-2.616444e+00	3.022182e+00
R	4.743898e+01	2.416066e-01	-1.647129e+00	14800000	4.587188e+01	1.206567e+01	-2.705312e+00	2.942969e+00
L	4.559195e+01	1.195108e+01	14850000	4.573444e+01	1.221078e+01	-2.791813e+00	2.861112e+00
R	4.701443e+01	3.050309e-01	-2.221681e+00	14900000	4.559274e+01	1.235174e+01	-2.875866e+00	2.776683e+00
L	4.579802e+01	1.256214e+01	14950000	4.544689e+01	1.248841e+01	-2.957393e+00	2.689756e+00
R	4.667304e+01	2.467003e-01	-2.153956e+00	15000000	4.529704e+01	1.262068e+01	-3.036317e+00	2.600408e+00
L	4.496522e+01	1.310600e+01	15050000	4.514186e+01	1.274981e+01	-3.139904e+00	2.538531e+00
R	4.649092e+01	2.992197e-01	-1.993539e+00	15100000	4.498164e+01	1.287582e+01	-3.238255e+00	2.476956e+00
L	4.480024e+01	1.284936e+01	15150000	4.481662e+01	1.299874e+01	-3.331658e+00	2.415934e+00
R	4.645254e+01	2.966520e-01	-2.354848e+00	15200000	4.464704e+01	1.311858e+01	-3.420396e+00	2.355681e+00
L	4.448165e+01	1.302538e+01	15250000	4.447315e+01	1.323542e+01	-3.504736e+00	2.296376e+00
R	4.627567e+01	2.725136e-01	-3.441592e+00	15300000	4.429514e+01	1.334928e+01	-3.584938e+00	2.238169e+00
L	4.400859e+01	1.324537e+01	15350000	4.411323e+01	1.346024e+01	-3.661246e+00	2.181185e+00
R	4.615142e+01	3.579084e-01	-2.382669e+00	15400000	4.392760e+01	1.356835e+01	-3.733894e+00	2.125525e+00
L	4.365244e+01	1.360359e+01	15450000	4.373843e+01	1.367370e+01	-3.803103e+00	2.071269e+00
R	4.587973e+01	3.382396e-01	-3.205670e+00	15500000	4.354588e+01	1.377634e+01	-3.869082e+00	2.018478e+00
L	4.332873e+01	1.420741e+01	15550000	4.335013e+01	1.387637e+01	-3.932026e+00	1.967200e+00
R	4.532527e+01	2.986170e-01	-3.171230e+00	15600000	4.315130e+01	1.397384e+01	-3.992120e+00	1.917467e+00
L	4.303650e+01	1.391561e+01	15650000	4.294955e+01	1.406885e+01	-4.049538e+00	1.869300e+00
R	4.495527e+01	2.849299e-01	-3.406436e+00	15700000	4.274499e+01	1.416148e+01	-4.104441e+00	1.822709e+00
L	4.281930e+01	1.436306e+01	15750000	4.253777e+01	1.425180e+01	-4.156982e+00	1.777695e+00
R	4.466329e+01	2.986515e-01	-3.521796e+00	15800000	4.232798e+01	1.433989e+01	-4.207302e+00	1.734252e+00
L	4.227334e+01	1.434158e+01	15850000	4.211573e+01	1.442583e+01	-4.255533e+00	1.692367e+00
R	4.477739e+01	2.921516e-01	-3.611415e+00	15900000	4.190114e+01	1.450970e+01	-4.301800e+00	1.652023e+00
L	4.194570e+01	1.429041e+01	15950000	4.168428e+01	1.459158e+01	-4.346216e+00	1.613195e+00
R	4.434087e+01	2.845392e-01	-3.638905e+00	16000000	4.146527e+01	1.467155e+01	-4.388890e+00	1.575858e+00
L	4.121828e+01	1.487332e+01	16050000	4.124416e+01	1.474967e+01	-4.429921e+00	1.539981e+00
R	4.267173e+01	2.892820e-01	-3.861360e+00	16100000	4.102106e+01	1.482602e+01	-4.469403e+00	1.505532e+00
L	4.080156e+01	1.476670e+01	16150000	4.079603e+01	1.490068e+01	-4.507423e+00	1.472476e+00
R	4.317801e+01	3.179950e-01	-3.884461e+00	16200000	4.056914e+01	1.497371e+01	-4.544060e+00	1.440776e+00
L	4.021345e+01	1.508178e+01	16250000	4.034047e+01	1.504517e+01	-4.579391e+00	1.410395e+00
R	4.303799e+01	4.033722e-01	-4.026955e+00	16300000	4.011007e+01	1.511514e+01	-4.613485e+00	1.381295e+00
L	3.983030e+01	1.519084e+01	16350000	3.987800e+01	1.518368e+01	-4.646407e+00	1.353437e+00
R	4.238812e+01	3.656807e-01	-4.358567e+00	16400000	3.964433e+01	1.525085e+01	-4.678218e+00	1.326781e+00
L	3.946486e+01	1.517943e+01	16450000	3.940910e+01	1.531671e+01	-4.708976e+00	1.301288e+00
R	4.179687e+01	3.265166e-01	-3.595879e+00	16500000	3.917237e+01	1.538131e+01	-4.738732e+00	1.276919e+00
L	3.891309e+01	1.561714e+01	16550000	3.893419e+01	1.544472e+01	-4.767536e+00	1.253634e+00
R	4.176787e+01	3.300546e-01	-4.318329e+00	16600000	3.869459e+01	1.550698e+01	-4.795433e+00	1.231396e+00
L	3.856733e+01	1.545330e+01	16650000	3.845364e+01	1.556815e+01	-4.822468e+00	1.210167e+00
R	4.095668e+01	3.828557e-01	-4.090472e+00	16700000	3.821136e+01	1.562828e+01	-4.848679e+00	1.189908e+00
L	3.781602e+01	1.563849e+01	16750000	3.796780e+01	1.568741e+01	-4.874105e+00	1.170583e+00
R	4.073369e+01	3.177164e-01	-3.926172e+00	16800000	3.772300e+01	1.574559e+01	-4.898781e+00	1.152156e+00
L	3.735528e+01	1.599854e+01	16850000	3.747699e+01	1.580287e+01	-4.922739e+00	1.134593e+00
R	4.012193e+01	3.553156e-01	-3.755969e+00	16900000	3.722981e+01	1.585929e+01	-4.946010e+00	1.117859e+00
L	3.674373e+01	1.581946e+01	16950000	3.698149e+01	1.591489e+01	-4.968624e+00	1.101920e+00
R	4.023261e+01	4.002206e-01	-4.640115e+00	17000000	3.673206e+01	1.596970e+01	-4.990606e+00	1.086745e+00
L	3.650977e+01	1.599462e+01	17050000	3.648156e+01	1.602377e+01	-5.011984e+00	1.072302e+00
R	4.002211e+01	4.353053e-01	-3.260118e+00	17100000	3.623001e+01	1.607714e+01	-5.032780e+00	1.058560e+00
L	3.573056e+01	1.612657e+01	17150000	3.597745e+01	1.612983e+01	-5.053018e+00	1.045490e+00
R	3.889798e+01	4.599641e-01	-3.947962e+00	17200000	3.572389e+01	1.618187e+01	-5.072718e+00	1.033064e+00
L	3.558248e+01	1.611672e+01	17250000	3.546938e+01	1.623332e+01	-5.091901e+00	1.021253e+00
R	3.857329e+01	3.722569e-01	-3.701829e+00	17300000	3.521392e+01	1.628418e+01	-5.110586e+00	1.010032e+00
L	3.503378e+01	1.629536e+01	17350000	3.495755e+01	1.633449e+01	-5.128790e+00	9.993744e-01
R	3.865393e+01	4.636606e-01	-3.938889e+00	17400000	3.470028e+01	1.638428e+01	-5.146531e+00	9.892557e-01
L	3.419862e+01	1.632650e+01	17450000	3.444215e+01	1.643357e+01	-5.163824e+00	9.796519e-01
R	3.800805e+01	4.599518e-01	-3.957833e+00	17500000	3.418317e+01	1.648240e+01	-5.180686e+00	9.705402e-01
L	3.377207e+01	1.654986e+01	17550000	3.392337e+01	1.653077e+01	-5.197129e+00	9.618984e-01
R	3.818541e+01	4.783830e-01	-3.994222e+00	17600000	3.366276e+01	1.657873e+01	-5.213169e+00	9.537053e-01
L	3.339849e+01	1.674143e+01	17650000	3.340136e+01	1.662628e+01	-5.228818e+00	9.459404e-01
R	3.763852e+01	4.693509e-01	-3.895526e+00	17700000	3.313920e+01	1.667346e+01	-5.244088e+00	9.385842e-01
L	3.274503e+01	1.680879e+01	17750000	3.287630e+01	1.672027e+01	-5.258992e+00	9.316178e-01
R	3.694154e+01	4.523178e-01	-3.937630e+00	17800000	3.261266e+01	1.676675e+01	-5.273540e+00	9.250232e-01
L	3.224702e+01	1.669211e+01	17850000	3.234831e+01	1.681290e+01	-5.287744e+00	9.187830e-01
R	3.624261e+01	5.417739e-01	-4.175751e+00	17900000	3.208326e+01	1.685874e+01	-5.301613e+00	9.128806e-01
L	3.195790e+01	1.679453e+01	17950000	3.181754e+01	1.690430e+01	-5.315158e+00	9.073000e-01
R	3.583894e+01	4.576737e-01	-4.438395e+00	18000000	3.155115e+01	1.694958e+01	-5.328388e+00	9.020261e-01
L	3.140946e+01	1.698885e+01	18050000	3.128411e+01	1.699461e+01	-5.341313e+00	8.970443e-01
R	3.582410e+01	4.962842e-01	-4.322187e+00	18100000	3.101644e+01	1.703939e+01	-5.353940e+00	8.923404e-01
L	3.093966e+01	1.698665e+01	18150000	3.074816e+01	1.708395e+01	-5.366278e+00	8.879012e-01
R	3.450639e+01	5.510214e-01	-4.131502e+00	18200000	3.047926e+01	1.712828e+01	-5.378335e+00	8.837139e-01
L	2.988500e+01	1.717909e+01	18250000	3.020978e+01	1.717241e+01	-5.390119e+00	8.797662e-01
R	3.441565e+01	5.742049e-01	-4.464639e+00	18300000	2.993972e+01	1.721635e+01	-5.401637e+00	8.760463e-01
L	2.958198e+01	1.712355e+01	18350000	2.966910e+01	1.726011e+01	-5.412896e+00	8.725431e-01
R	3.379618e+01	5.109821e-01	-4.664145e+00	18400000	2.939792e+01	1.730370e+01	-5.423903e+00	8.692460e-01
L	2.897153e+01	1.710613e+01	18450000	2.912621e+01	1.734712e+01	-5.434665e+00	8.661446e-01
R	3.324024e+01	4.956150e-01	-4.374389e+00	18500000	2.885397e+01	1.739039e+01	-5.445188e+00	8.632293e-01
L	2.847866e+01	1.724956e+01	18550000	2.858121e+01	1.743353e+01	-5.455478e+00	8.604906e-01
R	3.341162e+01	5.516526e-01	-4.329552e+00	18600000	2.830795e+01	1.747652e+01	-5.465542e+00	8.579198e-01
L	2.796460e+01	1.775833e+01	18650000	2.803419e+01	1.751940e+01	-5.475384e+00	8.555083e-01
R	3.292075e+01	5.783380e-01	-4.954922e+00	18700000	2.775996e+01	1.756215e+01	-5.485011e+00	8.532481e-01
L	2.738719e+01	1.727914e+01	18750000	2.748525e+01	1.760479e+01	-5.494428e+00	8.511313e-01
R	3.230387e+01	5.865606e-01	-4.357764e+00	18800000	2.721008e+01	1.764733e+01	-5.503639e+00	8.491507e-01
L	2.701225e+01	1.753637e+01	18850000	2.693446e+01	1.768978e+01	-5.512651e+00	8.472992e-01
R	3.218990e+01	5.403513e-01	-4.207533e+00	18900000	2.665840e+01	1.773213e+01	-5.521467e+00	8.455701e-01
L	2.644488e+01	1.785479e+01	18950000	2.638191e+01	1.777440e+01	-5.530093e+00	8.439570e-01
R	3.156722e+01	6.570740e-01	-4.224059e+00	19000000	2.610499e+01	1.781659e+01	-5.538533e+00	8.424539e-01
L	2.576001e+01	1.744478e+01	19050000	2.582766e+01	1.785871e+01	-5.546792e+00	8.410549e-01
R	3.172741e+01	6.000713e-01	-4.420359e+00	19100000	2.554992e+01	1.790076e+01	-5.554874e+00	8.397546e-01
L	2.546993e+01	1.812807e+01	19150000	2.527179e+01	1.794275e+01	-5.562783e+00	8.385476e-01
R	3.082393e+01	5.806990e-01	-3.906752e+00	19200000	2.499328e+01	1.798467e+01	-5.570523e+00	8.374290e-01
L	2.462117e+01	1.785093e+01	19250000	2.471438e+01	1.802655e+01	-5.578099e+00	8.363941e-01
R	3.070282e+01	5.727325e-01	-3.824204e+00	19300000	2.443511e+01	1.806837e+01	-5.585513e+00	8.354382e-01
L	2.422438e+01	1.841780e+01	19350000	2.415548e+01	1.811014e+01	-5.592770e+00	8.345570e-01
R	3.008972e+01	5.882901e-01	-4.204058e+00	19400000	2.387549e+01	1.815188e+01	-5.599873e+00	8.337466e-01
L	2.360486e+01	1.824691e+01	19450000	2.359516e+01	1.819357e+01	-5.606826e+00	8.330028e-01
R	2.989304e+01	6.049662e-01	-4.007973e+00	19500000	2.331448e+01	1.823523e+01	-5.613632e+00	8.323222e-01
L	2.317895e+01	1.850845e+01	19550000	2.303347e+01	1.827685e+01	-5.620295e+00	8.317010e-01
R	2.976833e+01	6.661551e-01	-3.532305e+00	19600000	2.275214e+01	1.831845e+01	-5.626818e+00	8.311360e-01
L	2.272724e+01	1.853972e+01	19650000	2.247048e+01	1.836001e+01	-5.633204e+00	8.306239e-01
R	2.904327e+01	7.172037e-01	-4.047909e+00	19700000	2.218852e+01	1.840156e+01	-5.639456e+00	8.301618e-01
L	2.168915e+01	1.859050e+01	19750000	2.190624e+01	1.844308e+01	-5.645577e+00	8.297467e-01
R	2.834342e+01	7.064478e-01	-3.930602e+00	19800000	2.162367e+01	1.848457e+01	-5.651570e+00	8.293760e-01
L	2.128186e+01	1.856097e+01	19850000	2.134080e+01	1.852606e+01	-5.657437e+00	8.290470e-01
R	2.776794e+01	7.246937e-01	-3.625816e+00	19900000	2.105765e+01	1.856752e+01	-5.663183e+00	8.287572e-01
L	2.076261e+01	1.849743e+01	19950000	2.077421e+01	1.860897e+01	-5.668809e+00	8.285044e-01
R	2.794336e+01	7.946001e-01	-3.819177e+00	20000000	2.049050e+01	1.865041e+01	-5.674317e+00	8.282862e-01
L	2.039168e+01	1.882523e+01	20050000	2.020651e+01	1.869184e+01	-5.679712e+00	8.281007e-01
R	2.655054e+01	7.318130e-01	-3.765169e+00	20100000	1.992227e+01	1.873326e+01	-5.684994e+00	8.279457e-01
L	1.975503e+01	1.880295e+01	20150000	1.963776e+01	1.877467e+01	-5.690167e+00	8.278194e-01
R	2.713461e+01	7.904205e-01	-3.776062e+00	20200000	1.935300e+01	1.881608e+01	-5.695232e+00	8.277200e-01
L	1.895601e+01	1.867405e+01	20250000	1.906800e+01	1.885748e+01	-5.700193e+00	8.276458e-01
R	2.659398e+01	7.849070e-01	-3.383268e+00	20300000	1.878275e+01	1.889888e+01	-5.705051e+00	8.275951e-01
L	1.838816e+01	1.907626e+01	20350000	1.849726e+01	1.894028e+01	-5.709810e+00	8.275665e-01
R	2.658034e+01	8.524970e-01	-3.145670e+00	20400000	1.821154e+01	1.898167e+01	-5.714469e+00	8.275585e-01
L	1.795342e+01	1.912393e+01	20450000	1.792559e+01	1.902307e+01	-5.719033e+00	8.275697e-01
R	2.615604e+01	8.046497e-01	-2.892788e+00	20500000	1.763942e+01	1.906446e+01	-5.723503e+00	8.275988e-01
L	1.761080e+01	1.940240e+01	20550000	1.735302e+01	1.910586e+01	-5.727881e+00	8.276445e-01
R	2.565974e+01	8.525232e-01	-3.071269e+00	20600000	1.706642e+01	1.914726e+01	-5.732169e+00	8.277058e-01
L	1.677922e+01	1.928155e+01	20650000	1.677960e+01	1.918866e+01	-5.736369e+00	8.277815e-01
R	2.529743e+01	8.560668e-01	-2.581014e+00	20700000	1.649258e+01	1.923006e+01	-5.740483e+00	8.278705e-01
L	1.623006e+01	1.928153e+01	20750000	1.620535e+01	1.927147e+01	-5.744512e+00	8.279720e-01
R	2.529196e+01	8.859748e-01	-2.929647e+00	20800000	1.591793e+01	1.931289e+01	-5.748459e+00	8.280848e-01
L	1.562078e+01	1.917125e+01	20850000	1.563032e+01	1.935431e+01	-5.752325e+00	8.282083e-01
R	2.472100e+01	8.674454e-01	-2.858349e+00	20900000	1.534251e+01	1.939574e+01	-5.756111e+00	8.283414e-01
L	1.487731e+01	1.957468e+01	20950000	1.505453e+01	1.943717e+01	-5.759821e+00	8.284835e-01
R	2.466780e+01	9.305567e-01	-2.851482e+00	21000000	1.476635e+01	1.947861e+01	-5.763455e+00	8.286338e-01
L	1.454045e+01	1.922531e+01	21050000	1.447800e+01	1.952006e+01	-5.767014e+00	8.287916e-01
R	2.383693e+01	9.387789e-01	-2.613663e+00	21100000	1.418948e+01	1.956152e+01	-5.770501e+00	8.289563e-01
L	1.388888e+01	1.945229e+01	21150000	1.390079e+01	1.960298e+01	-5.773916e+00	8.291271e-01
R	2.393960e+01	9.512307e-01	-2.929348e+00	21200000	1.361192e+01	1.964445e+01	-5.777262e+00	8.293036e-01
L	1.337232e+01	1.965444e+01	21250000	1.332290e+01	1.968594e+01	-5.780540e+00	8.294852e-01
R	2.400316e+01	1.006909e+00	-2.275620e+00	21300000	1.303371e+01	1.972743e+01	-5.783751e+00	8.296713e-01
L	1.279262e+01	1.964215e+01	21350000	1.274437e+01	1.976892e+01	-5.786897e+00	8.298615e-01
R	2.311968e+01	9.654042e-01	-1.515305e+00	21400000	1.245487e+01	1.981043e+01	-5.789979e+00	8.300554e-01
L	1.200330e+01	1.982048e+01	21450000	1.216522e+01	1.985195e+01	-5.792998e+00	8.302523e-01
R	2.306031e+01	1.024189e+00	-2.432979e+00	21500000	1.187542e+01	1.989348e+01	-5.795956e+00	8.304521e-01
L	1.130523e+01	1.978529e+01	21550000	1.158548e+01	1.993502e+01	-5.798853e+00	8.306542e-01
R	2.253164e+01	1.052379e+00	-2.337600e+00	21600000	1.129540e+01	1.997657e+01	-5.801692e+00	8.308583e-01
L	1.090210e+01	2.005051e+01	21650000	1.100517e+01	2.001812e+01	-5.804473e+00	8.310642e-01
R	2.256716e+01	1.108169e+00	-2.118668e+00	21700000	1.071481e+01	2.005969e+01	-5.807198e+00	8.312714e-01
L	1.045810e+01	1.990248e+01	21750000	1.042432e+01	2.010127e+01	-5.809868e+00	8.314796e-01
R	2.274538e+01	1.092523e+00	-1.746663e+00	21800000	1.013370e+01	2.014286e+01	-5.812483e+00	8.316887e-01
L	9.892448e+00	2.015844e+01	21850000	9.842947e+00	2.018446e+01	-5.815046e+00	8.318983e-01
R	2.243342e+01	1.118023e+00	-1.328065e+00	21900000	9.552070e+00	2.022607e+01	-5.817556e+00	8.321082e-01
L	9.401213e+00	2.034006e+01	21950000	9.261069e+00	2.026769e+01	-5.820016e+00	8.323182e-01
R	2.184795e+01	1.121915e+00	-1.789952e+00	22000000	8.969948e+00	2.030932e+01	-5.822426e+00	8.325280e-01
L	8.641959e+00	2.041816e+01	22050000	8.678709e+00	2.035096e+01	-5.824787e+00	8.327375e-01
R	2.178112e+01	1.215904e+00	-1.445085e+00	22100000	8.387355e+00	2.039261e+01	-5.827101e+00	8.329465e-01
L	7.793970e+00	2.036297e+01	22150000	8.095887e+00	2.043427e+01	-5.829367e+00	8.331548e-01
R	2.113725e+01	1.184097e+00	-1.462958e+00	22200000	7.804308e+00	2.047594e+01	-5.831588e+00	8.333622e-01
L	7.421059e+00	2.046883e+01	22250000	7.512620e+00	2.051762e+01	-5.833764e+00	8.335687e-01
R	2.167226e+01	1.215224e+00	-6.964564e-01	22300000	7.220826e+00	2.055931e+01	-5.835896e+00	8.337740e-01
L	7.111162e+00	2.042973e+01	22350000	6.928927e+00	2.060101e+01	-5.837985e+00	8.339781e-01
R	2.205959e+01	1.211080e+00	-1.237774e+00	22400000	6.636925e+00	2.064272e+01	-5.840032e+00	8.341808e-01
L	6.573603e+00	2.034851e+01	22450000	6.344824e+00	2.068444e+01	-5.842038e+00	8.343820e-01
R	2.176430e+01	1.249064e+00	-8.802685e-01	22500000	6.052624e+00	2.072617e+01	-5.844003e+00	8.345816e-01
L	5.733297e+00	2.102250e+01	22550000	5.760328e+00	2.076792e+01	-5.845928e+00	8.347796e-01
R	2.127287e+01	1.311775e+00	-4.904533e-01	22600000	5.467937e+00	2.080967e+01	-5.847815e+00	8.349758e-01
L	5.137688e+00	2.072812e+01	22650000	5.175454e+00	2.085143e+01	-5.849663e+00	8.351703e-01
R	2.143843e+01	1.344016e+00	-2.529860e-01	22700000	4.882881e+00	2.089320e+01	-5.851475e+00	8.353628e-01
L	4.448761e+00	2.086761e+01	22750000	4.590219e+00	2.093497e+01	-5.853250e+00	8.355534e-01
R	2.150933e+01	1.363709e+00	-4.119410e-01	22800000	4.297469e+00	2.097676e+01	-5.854989e+00	8.357420e-01
L	4.002084e+00	2.091419e+01	22850000	4.004635e+00	2.101856e+01	-5.856693e+00	8.359285e-01
R	2.114504e+01	1.409568e+00	-5.219248e-01	22900000	3.711717e+00	2.106037e+01	-5.858362e+00	8.361130e-01
L	3.593525e+00	2.113478e+01	22950000	3.418717e+00	2.110218e+01	-5.859999e+00	8.362953e-01
R	2.099082e+01	1.432524e+00	2.048378e-02	23000000	3.125637e+00	2.114401e+01	-5.861602e+00	8.364754e-01
L	2.946803e+00	2.135967e+01	23050000	2.832479e+00	2.118584e+01	-5.863173e+00	8.366534e-01
R	2.126909e+01	1.430510e+00	-4.745651e-02	23100000	2.539243e+00	2.122769e+01	-5.864712e+00	8.368291e-01
L	2.098769e+00	2.115757e+01	23150000	2.245933e+00	2.126954e+01	-5.866220e+00	8.370026e-01
R	2.148601e+01	1.479889e+00	1.509193e-01	23200000	1.952548e+00	2.131140e+01	-5.867698e+00	8.371738e-01
L	1.548352e+00	2.140545e+01	23250000	1.659091e+00	2.135326e+01	-5.869147e+00	8.373427e-01
R	2.128820e+01	1.475852e+00	4.163734e-01	23300000	1.365562e+00	2.139514e+01	-5.870566e+00	8.375094e-01
L	1.032291e+00	2.127652e+01	23350000	1.071965e+00	2.143703e+01	-5.871956e+00	8.376737e-01
R	2.174117e+01	1.559957e+00	6.368714e-01	23400000	7.782988e-01	2.147892e+01	-5.873319e+00	8.378358e-01
L	5.042223e-01	2.159991e+01	23450000	4.845662e-01	2.152082e+01	-5.874654e+00	8.379955e-01
R	2.155429e+01	1.588688e+00	1.282939e+00	23500000	1.907683e-01	2.156273e+01	-5.875963e+00	8.381530e-01
L	-9.101979e-02	2.167068e+01	23550000	-1.030938e-01	2.160464e+01	-5.877245e+00	8.383081e-01
R	2.191224e+01	1.578994e+00	6.076278e-01	23600000	-3.970186e-01	2.164657e+01	-5.878501e+00	8.384609e-01
L	-5.551050e-01	2.145319e+01	23650000	-6.910051e-01	2.168850e+01	-5.879732e+00	8.386115e-01
R	2.228941e+01	1.642209e+00	1.160519e+00	23700000	-9.850519e-01	2.173044e+01	-5.880939e+00	8.387598e-01
L	-1.271493e+00	2.203509e+01	23750000	-1.279158e+00	2.177239e+01	-5.882121e+00	8.389058e-01
R	2.158713e+01	1.607989e+00	1.080657e+00	23800000	-1.573322e+00	2.181434e+01	-5.883280e+00	8.390495e-01
L	-1.906812e+00	2.170533e+01	23850000	-1.867542e+00	2.185630e+01	-5.884415e+00	8.391910e-01
R	2.205088e+01	1.673277e+00	1.169327e+00	23900000	-2.161818e+00	2.189827e+01	-5.885527e+00	8.393302e-01
L	-2.215691e+00	2.173143e+01	23950000	-2.456149e+00	2.194024e+01	-5.886617e+00	8.394672e-01
R	2.177062e+01	1.706558e+00	1.501859e+00	24000000	-2.750533e+00	2.198222e+01	-5.887685e+00	8.396020e-01
L	-2.982311e+00	2.193136e+01	24050000	-3.044970e+00	2.202421e+01	-5.888732e+00	8.397347e-01
R	2.200747e+01	1.701628e+00	1.506640e+00	24100000	-3.339458e+00	2.206620e+01	-5.889758e+00	8.398651e-01
L	-3.555246e+00	2.203621e+01	24150000	-3.633996e+00	2.210820e+01	-5.890763e+00	8.399934e-01
R	2.272433e+01	1.763974e+00	2.168297e+00	24200000	-3.928583e+00	2.215021e+01	-5.891748e+00	8.401196e-01
L	-4.088111e+00	2.230988e+01	24250000	-4.223219e+00	2.219222e+01	-5.892714e+00	8.402437e-01
R	2.291957e+01	1.755762e+00	1.918554e+00	24300000	-4.517901e+00	2.223424e+01	-5.893659e+00	8.403657e-01
L	-5.087150e+00	2.232003e+01	24350000	-4.812631e+00	2.227627e+01	-5.894586e+00	8.404856e-01
R	2.269311e+01	1.807813e+00	2.292816e+00	24400000	-5.107405e+00	2.231830e+01	-5.895495e+00	8.406035e-01
L	-5.605039e+00	2.220826e+01	24450000	-5.402224e+00	2.236034e+01	-5.896385e+00	8.407194e-01
R	2.301063e+01	1.804297e+00	2.318454e+00	24500000	-5.697087e+00	2.240238e+01	-5.897257e+00	8.408332e-01
L	-6.165306e+00	2.245150e+01	24550000	-5.991993e+00	2.244443e+01	-5.898112e+00	8.409451e-01
R	2.284227e+01	1.778769e+00	2.613352e+00	24600000	-6.286940e+00	2.248648e+01	-5.898950e+00	8.410551e-01
L	-6.777726e+00	2.244455e+01	24650000	-6.581929e+00	2.252854e+01	-5.899770e+00	8.411631e-01
R	2.316980e+01	1.824281e+00	2.404858e+00	24700000	-6.876957e+00	2.257060e+01	-5.900575e+00	8.412692e-01
L	-7.233545e+00	2.276006e+01	24750000	-7.172025e+00	2.261267e+01	-5.901363e+00	8.413735e-01
R	2.398848e+01	1.881355e+00	2.874091e+00	24800000	-7.467132e+00	2.265474e+01	-5.902136e+00	8.414759e-01
L	-7.594794e+00	2.275852e+01	24850000	-7.762277e+00	2.269682e+01	-5.902893e+00	8.415765e-01
R	2.400238e+01	1.941896e+00	3.295699e+00	24900000	-8.057458e+00	2.273891e+01	-5.903634e+00	8.416752e-01
L	-8.253596e+00	2.304660e+01	24950000	-8.352676e+00	2.278100e+01	-5.904361e+00	8.417723e-01
R	2.468454e+01	1.958458e+00	2.552526e+00	25000000	-8.647930e+00	2.282309e+01	-5.905074e+00	8.418675e-01
L	-9.110225e+00	2.285795e+01	25050000	-8.943192e+00	2.286537e+01	-5.904715e+00	8.493426e-01
R	2.420005e+01	1.936338e+00	3.269240e+00	25100000	-9.238410e+00	2.290820e+01	-5.903311e+00	8.638272e-01
L	-9.633305e+00	2.303191e+01	25150000	-9.533531e+00	2.295193e+01	-5.900863e+00	8.849657e-01
R	2.460373e+01	1.959876e+00	3.463677e+00	25200000	-9.828504e+00	2.299686e+01	-5.897352e+00	9.124167e-01
L	-1.009200e+01	2.308687e+01	25250000	-1.012327e+01	2.304332e+01	-5.892739e+00	9.458525e-01
R	2.584424e+01	2.033511e+00	3.055699e+00	25300000	-1.041778e+01	2.309160e+01	-5.886975e+00	9.849579e-01
L	-1.051429e+01	2.304967e+01	25350000	-1.071197e+01	2.314196e+01	-5.879995e+00	1.029430e+00
R	2.566806e+01	2.014290e+00	3.813841e+00	25400000	-1.100578e+01	2.319467e+01	-5.871727e+00	1.078976e+00
L	-1.146854e+01	2.331776e+01	25450000	-1.129915e+01	2.324998e+01	-5.862091e+00	1.133316e+00
R	2.618878e+01	2.056657e+00	3.609816e+00	25500000	-1.159199e+01	2.330812e+01	-5.851004e+00	1.192178e+00
L	-1.173373e+01	2.326258e+01	25550000	-1.188424e+01	2.336931e+01	-5.838376e+00	1.255299e+00
R	2.675229e+01	2.060556e+00	3.438734e+00	25600000	-1.217582e+01	2.343376e+01	-5.824117e+00	1.322425e+00
L	-1.240546e+01	2.352855e+01	25650000	-1.246664e+01	2.350166e+01	-5.808135e+00	1.393310e+00
R	2.669678e+01	2.044732e+00	3.974576e+00	25700000	-1.275662e+01	2.357319e+01	-5.790339e+00	1.467715e+00
L	-1.326199e+01	2.390213e+01	25750000	-1.304566e+01	2.364852e+01	-5.770639e+00	1.545408e+00
R	2.687908e+01	2.062924e+00	4.577494e+00	25800000	-1.333367e+01	2.372781e+01	-5.748944e+00	1.626164e+00
L	-1.353279e+01	2.391925e+01	25850000	-1.362054e+01	2.381122e+01	-5.725170e+00	1.709762e+00
R	2.810528e+01	2.088418e+00	4.104692e+00	25900000	-1.390617e+01	2.389887e+01	-5.699233e+00	1.795988e+00
L	-1.406380e+01	2.411033e+01	25950000	-1.419044e+01	2.399089e+01	-5.671053e+00	1.884635e+00
R	2.800314e+01	2.073884e+00	4.970185e+00	26000000	-1.447325e+01	2.408740e+01	-5.640553e+00	1.975496e+00
L	-1.466810e+01	2.398248e+01	26050000	-1.475447e+01	2.418850e+01	-5.607662e+00	2.068374e+00
R	2.880379e+01	2.081716e+00	4.626838e+00	26100000	-1.503399e+01	2.429429e+01	-5.572312e+00	2.163074e+00
L	-1.548017e+01	2.430919e+01	26150000	-1.531168e+01	2.440486e+01	-5.534441e+00	2.259404e+00
R	2.880532e+01	2.118650e+00	5.153924e+00	26200000	-1.558741e+01	2.452028e+01	-5.493992e+00	2.357179e+00
L	-1.581686e+01	2.473493e+01	26250000	-1.586105e+01	2.464062e+01	-5.450911e+00	2.456216e+00
R	2.988457e+01	2.136972e+00	5.116135e+00	26300000	-1.613246e+01	2.476595e+01	-5.405151e+00	2.556336e+00
L	-1.632080e+01	2.515231e+01	26350000	-1.640153e+01	2.489630e+01	-5.356669e+00	2.657365e+00
R	3.034317e+01	2.199700e+00	5.542774e+00	26400000	-1.666810e+01	2.503172e+01	-5.305428e+00	2.759132e+00
L	-1.677344e+01	2.490454e+01	26450000	-1.693203e+01	2.517224e+01	-5.251396e+00	2.861467e+00
R	3.086821e+01	2.173740e+00	5.386760e+00	26500000	-1.719320e+01	2.531789e+01	-5.194547e+00	2.964208e+00
L	-1.753054e+01	2.540490e+01	26550000	-1.745145e+01	2.546869e+01	-5.134858e+00	3.067194e+00
R	3.127204e+01	2.200656e+00	5.042351e+00	26600000	-1.770665e+01	2.562463e+01	-5.072312e+00	3.170267e+00
L	-1.792593e+01	2.570163e+01	26650000	-1.795864e+01	2.578573e+01	-5.006900e+00	3.273273e+00
R	3.141667e+01	2.194358e+00	5.501498e+00	26700000	-1.820730e+01	2.595198e+01	-4.938613e+00	3.376062e+00
L	-1.855132e+01	2.600798e+01	26750000	-1.845247e+01	2.612335e+01	-4.867450e+00	3.478485e+00
R	3.235120e+01	2.188435e+00	5.367897e+00	26800000	-1.869400e+01	2.629984e+01	-4.793414e+00	3.580400e+00
L	-1.905792e+01	2.645402e+01	26850000	-1.893177e+01	2.648140e+01	-4.716512e+00	3.681666e+00
R	3.296212e+01	2.162454e+00	5.923693e+00	26900000	-1.916562e+01	2.666801e+01	-4.636758e+00	3.782145e+00
L	-1.951900e+01	2.726878e+01	26950000	-1.939540e+01	2.685962e+01	-4.554168e+00	3.881703e+00
R	3.313955e+01	2.174528e+00	5.903801e+00	27000000	-1.962099e+01	2.705618e+01	-4.468762e+00	3.980209e+00
L	-1.997760e+01	2.738178e+01	27050000	-1.984224e+01	2.725763e+01	-4.380566e+00	4.077535e+00
R	3.454970e+01	2.189991e+00	5.952209e+00	27100000	-2.005901e+01	2.746392e+01	-4.289609e+00	4.173558e+00
L	-2.034883e+01	2.767498e+01	27150000	-2.027116e+01	2.767498e+01	-4.195925e+00	4.268156e+00
R	3.503103e+01	2.230964e+00	5.670389e+00	27200000	-2.047856e+01	2.789073e+01	-4.099550e+00	4.361212e+00
L	-2.044919e+01	2.828540e+01	27250000	-2.068108e+01	2.811109e+01	-4.000525e+00	4.452611e+00
R	3.534311e+01	2.186034e+00	5.989286e+00	27300000	-2.087858e+01	2.833598e+01	-3.898894e+00	4.542242e+00
L	-2.119025e+01	2.863544e+01	27350000	-2.107093e+01	2.856530e+01	-3.794705e+00	4.629998e+00
R	3.570007e+01	2.139623e+00	6.262189e+00	27400000	-2.125801e+01	2.879896e+01	-3.688009e+00	4.715774e+00
L	-2.141098e+01	2.919863e+01	27450000	-2.143969e+01	2.903685e+01	-3.578860e+00	4.799468e+00
R	3.635280e+01	2.212405e+00	6.320770e+00	27500000	-2.161586e+01	2.927888e+01	-3.467314e+00	4.880983e+00
L	-2.172822e+01	2.956813e+01	27550000	-2.178639e+01	2.952493e+01	-3.353433e+00	4.960224e+00
R	3.795617e+01	2.201010e+00	6.026155e+00	27600000	-2.195117e+01	2.977488e+01	-3.237278e+00	5.037100e+00
L	-2.184998e+01	2.990786e+01	27650000	-2.211008e+01	3.002861e+01	-3.118915e+00	5.111523e+00
R	3.727605e+01	2.161727e+00	6.112432e+00	27700000	-2.226303e+01	3.028600e+01	-2.998411e+00	5.183408e+00
L	-2.231605e+01	3.065814e+01	27750000	-2.240989e+01	3.054692e+01	-2.875838e+00	5.252673e+00
R	3.777588e+01	2.232785e+00	6.276507e+00	27800000	-2.255058e+01	3.081123e+01	-2.751267e+00	5.319241e+00
L	-2.269959e+01	3.108369e+01	27850000	-2.268499e+01	3.107881e+01	-2.624773e+00	5.383037e+00
R	3.897413e+01	2.210886e+00	6.063341e+00	27900000	-2.281303e+01	3.134950e+01	-2.496434e+00	5.443988e+00
L	-2.309752e+01	3.159698e+01	27950000	-2.293460e+01	3.162317e+01	-2.366326e+00	5.502027e+00
R	3.899200e+01	2.215446e+00	5.972052e+00	28000000	-2.304963e+01	3.189967e+01	-2.234532e+00	5.557088e+00
L	-2.317285e+01	3.222336e+01	28050000	-2.315803e+01	3.217884e+01	-2.101133e+00	5.609110e+00
R	3.946675e+01	2.218284e+00	5.604248e+00	28100000	-2.325972e+01	3.246054e+01	-1.966213e+00	5.658033e+00
L	-2.333527e+01	3.291191e+01	28150000	-2.335463e+01	3.274460e+01	-1.829858e+00	5.703803e+00
R	4.027735e+01	2.223933e+00	5.702698e+00	28200000	-2.344269e+01	3.303087e+01	-1.692153e+00	5.746366e+00
L	-2.351960e+01	3.340260e+01	28250000	-2.352383e+01	3.331919e+01	-1.553187e+00	5.785675e+00
R	4.069238e+01	2.200770e+00	5.594979e+00	28300000	-2.359799e+01	3.360940e+01	-1.413049e+00	5.821683e+00
L	-2.350967e+01	3.386879e+01	28350000	-2.366511e+01	3.390132e+01	-1.271829e+00	5.854346e+00
R	4.151030e+01	2.188454e+00	5.460170e+00	28400000	-2.372515e+01	3.419478e+01	-1.129618e+00	5.883627e+00
L	-2.395415e+01	3.446054e+01	28450000	-2.377806e+01	3.448963e+01	-9.865093e-01	5.909487e+00
R	4.254208e+01	2.168505e+00	5.109098e+00	28500000	-2.382379e+01	3.478568e+01	-8.425947e-01	5.931894e+00
L	-2.375492e+01	3.480475e+01	28550000	-2.386231e+01	3.508277e+01	-6.979681e-01	5.950817e+00
R	4.205699e+01	2.164647e+00	5.307964e+00	28600000	-2.389358e+01	3.538071e+01	-5.527238e-01	5.966229e+00
L	-2.388451e+01	3.554542e+01	28650000	-2.391757e+01	3.567934e+01	-4.069567e-01	5.978106e+00
R	4.316711e+01	2.115847e+00	5.194589e+00	28700000	-2.393426e+01	3.597847e+01	-2.607620e-01	5.986426e+00
L	-2.418594e+01	3.625555e+01	28750000	-2.394364e+01	3.627793e+01	-1.142354e-01	5.991172e+00
R	4.379703e+01	2.097738e+00	4.838970e+00	28800000	-2.394568e+01	3.657754e+01	3.252721e-02	5.992327e+00
L	-2.382216e+01	3.710946e+01	28850000	-2.394038e+01	3.687711e+01	1.794296e-01	5.989880e+00
R	4.375997e+01	2.152875e+00	4.484278e+00	28900000	-2.392774e+01	3.717647e+01	3.263755e-01	5.983822e+00
L	-2.410953e+01	3.771485e+01	28950000	-2.390774e+01	3.747544e+01	4.732685e-01	5.974145e+00
R	4.488979e+01	2.110427e+00	4.772824e+00	29000000	-2.388041e+01	3.777384e+01	6.200123e-01	5.960846e+00
L	-2.374945e+01	3.809867e+01	29050000	-2.384575e+01	3.807147e+01	7.665107e-01	5.943924e+00
R	4.582655e+01	2.144257e+00	3.654347e+00	29100000	-2.380376e+01	3.836817e+01	9.126675e-01	5.923382e+00
L	-2.379801e+01	3.855327e+01	29150000	-2.375448e+01	3.866376e+01	1.058387e+00	5.899224e+00
R	4.553833e+01	2.117696e+00	4.195451e+00	29200000	-2.369793e+01	3.895804e+01	1.203573e+00	5.871458e+00
L	-2.379687e+01	3.945536e+01	29250000	-2.363414e+01	3.925085e+01	1.348132e+00	5.840094e+00
R	4.620953e+01	2.088074e+00	4.427016e+00	29300000	-2.356313e+01	3.954200e+01	1.491967e+00	5.805145e+00
L	-2.338367e+01	4.002141e+01	29350000	-2.348495e+01	3.983131e+01	1.634986e+00	5.766626e+00
R	4.612742e+01	2.122214e+00	3.867226e+00	29400000	-2.339964e+01	4.011861e+01	1.777093e+00	5.724557e+00
L	-2.313400e+01	4.037485e+01	29450000	-2.330726e+01	4.040371e+01	1.918197e+00	5.678958e+00
R	4.615852e+01	2.090233e+00	3.335203e+00	29500000	-2.320784e+01	4.068645e+01	2.058205e+00	5.629852e+00
L	-2.313402e+01	4.095792e+01	29550000	-2.310145e+01	4.096665e+01	2.197026e+00	5.577265e+00
R	4.709754e+01	2.034671e+00	3.351397e+00	29600000	-2.298816e+01	4.124413e+01	2.334568e+00	5.521227e+00
L	-2.299470e+01	4.148150e+01	29650000	-2.286802e+01	4.151872e+01	2.470743e+00	5.461767e+00
R	4.796367e+01	2.090427e+00	3.355215e+00	29700000	-2.274110e+01	4.179025e+01	2.605460e+00	5.398920e+00
L	-2.241641e+01	4.185335e+01	29750000	-2.260749e+01	4.205856e+01	2.738633e+00	5.332721e+00
R	4.812267e+01	2.053558e+00	3.373937e+00	29800000	-2.246726e+01	4.232347e+01	2.870175e+00	5.263208e+00
L	-2.222473e+01	4.248289e+01	29850000	-2.232050e+01	4.258483e+01	2.999999e+00	5.190422e+00
R	4.847794e+01	2.047999e+00	3.828462e+00	29900000	-2.216729e+01	4.284246e+01	3.128022e+00	5.114406e+00
L	-2.205337e+01	4.328660e+01	29950000	-2.200773e+01	4.309622e+01	3.254159e+00	5.035204e+00
R	4.873214e+01	2.002333e+00	3.311012e+00	30000000	-2.184190e+01	4.334594e+01	3.378330e+00	4.952864e+00
L	-2.183086e+01	4.325431e+01	30050000	-2.167180e+01	4.358911e+01	3.459396e+00	4.823052e+00
R	4.907066e+01	2.058907e+00	2.677654e+00	30100000	-2.149788e+01	4.382593e+01	3.531414e+00	4.697328e+00
L	-2.135972e+01	4.429417e+01	30150000	-2.132057e+01	4.405662e+01	3.595147e+00	4.575781e+00
R	4.928240e+01	1.996531e+00	2.669832e+00	30200000	-2.114027e+01	4.428138e+01	3.651303e+00	4.458454e+00
L	-2.114384e+01	4.441656e+01	30250000	-2.095735e+01	4.450041e+01	3.700533e+00	4.345351e+00
R	4.898797e+01	1.939688e+00	1.911753e+00	30300000	-2.077212e+01	4.471393e+01	3.743438e+00	4.236448e+00
L	-2.040154e+01	4.475747e+01	30350000	-2.058489e+01	4.492214e+01	3.780570e+00	4.131694e+00
R	4.935552e+01	1.960471e+00	2.362699e+00	30400000	-2.039594e+01	4.512526e+01	3.812438e+00	4.031020e+00
L	-2.020533e+01	4.539708e+01	30450000	-2.020551e+01	4.532347e+01	3.839509e+00	3.934338e+00
R	4.969102e+01	1.949921e+00	1.669859e+00	30500000	-2.001384e+01	4.551698e+01	3.862212e+00	3.841551e+00
L	-1.969554e+01	4.569736e+01	30550000	-1.982113e+01	4.570597e+01	3.880939e+00	3.752549e+00
R	5.014416e+01	1.880076e+00	2.172695e+00	30600000	-1.962756e+01	4.589063e+01	3.896051e+00	3.667217e+00
L	-1.950741e+01	4.639707e+01	30650000	-1.943331e+01	4.607115e+01	3.907878e+00	3.585434e+00
R	4.993639e+01	1.965858e+00	1.931849e+00	30700000	-1.923855e+01	4.624768e+01	3.916723e+00	3.507078e+00
L	-1.917476e+01	4.655132e+01	30750000	-1.904340e+01	4.642041e+01	3.922863e+00	3.432023e+00
R	5.006404e+01	1.993896e+00	1.880295e+00	30800000	-1.884799e+01	4.658949e+01	3.926550e+00	3.360143e+00
L	-1.857810e+01	4.664644e+01	30850000	-1.865245e+01	4.675507e+01	3.928018e+00	3.291313e+00
R	5.035399e+01	1.954590e+00	9.537214e-01	30900000	-1.845687e+01	4.691731e+01	3.927478e+00	3.225409e+00
L	-1.834412e+01	4.721705e+01	30950000	-1.826136e+01	4.707634e+01	3.925124e+00	3.162310e+00
R	5.018901e+01	1.974489e+00	1.307872e+00	31000000	-1.806600e+01	4.723231e+01	3.921135e+00	3.101896e+00
L	-1.782237e+01	4.721319e+01	31050000	-1.787086e+01	4.738534e+01	3.915672e+00	3.044052e+00
R	5.086090e+01	1.940683e+00	1.779804e+00	31100000	-1.767602e+01	4.753555e+01	3.908885e+00	2.988664e+00
L	-1.727843e+01	4.787111e+01	31150000	-1.748154e+01	4.768308e+01	3.900909e+00	2.935623e+00
R	5.091910e+01	1.880851e+00	1.787216e+00	31200000	-1.728747e+01	4.782802e+01	3.891868e+00	2.884823e+00
L	-1.728949e+01	4.790469e+01	31250000	-1.709386e+01	4.797050e+01	3.881876e+00	2.836163e+00
R	5.121394e+01	1.921927e+00	1.826800e+00	31300000	-1.690077e+01	4.811061e+01	3.871037e+00	2.789545e+00
L	-1.670883e+01	4.799494e+01	31350000	-1.670823e+01	4.824845e+01	3.859446e+00	2.744874e+00
R	5.104286e+01	1.904973e+00	1.209145e+00	31400000	-1.651627e+01	4.838412e+01	3.847190e+00	2.702059e+00
L	-1.611306e+01	4.848057e+01	31450000	-1.632492e+01	4.851771e+01	3.834348e+00	2.661016e+00
R	5.082418e+01	1.905029e+00	9.412911e-01	31500000	-1.613423e+01	4.864930e+01	3.820992e+00	2.621660e+00
L	-1.568921e+01	4.881949e+01	31550000	-1.594419e+01	4.877898e+01	3.807189e+00	2.583912e+00
R	5.096085e+01	1.914821e+00	1.972731e+00	31600000	-1.575485e+01	4.890682e+01	3.793000e+00	2.547698e+00
L	-1.586682e+01	4.916836e+01	31650000	-1.556622e+01	4.903290e+01	3.778480e+00	2.512944e+00
R	5.165182e+01	1.879260e+00	1.345764e+00	31700000	-1.537830e+01	4.915729e+01	3.763678e+00	2.479583e+00
L	-1.511734e+01	4.917610e+01	31750000	-1.519112e+01	4.928005e+01	3.748643e+00	2.447549e+00
R	5.205299e+01	1.825187e+00	1.815026e+00	31800000	-1.500469e+01	4.940126e+01	3.733415e+00	2.416780e+00
L	-1.458986e+01	4.934304e+01	31850000	-1.481901e+01	4.952096e+01	3.718033e+00	2.387216e+00
R	5.174980e+01	1.900080e+00	1.068241e+00	31900000	-1.463409e+01	4.963923e+01	3.702531e+00	2.358801e+00
L	-1.447430e+01	4.969576e+01	31950000	-1.444994e+01	4.975611e+01	3.686943e+00	2.331482e+00
R	5.222237e+01	1.831190e+00	1.203629e+00	32000000	-1.426656e+01	4.987167e+01	3.671297e+00	2.305206e+00
L	-1.400292e+01	4.995480e+01	32050000	-1.408395e+01	4.998594e+01	3.655619e+00	2.279927e+00
R	5.173216e+01	1.801232e+00	7.447128e-01	32100000	-1.390212e+01	5.009898e+01	3.639933e+00	2.255598e+00
L	-1.389803e+01	4.995276e+01	32150000	-1.372106e+01	5.021084e+01	3.624262e+00	2.232175e+00
R	5.189347e+01	1.842662e+00	1.212274e+00	32200000	-1.354077e+01	5.032156e+01	3.608624e+00	2.209616e+00
L	-1.348525e+01	5.027847e+01	32250000	-1.336126e+01	5.043117e+01	3.593039e+00	2.187883e+00
R	5.193265e+01	1.784309e+00	8.230893e-01	32300000	-1.318251e+01	5.053973e+01	3.577522e+00	2.166938e+00
L	-1.289737e+01	5.043657e+01	32350000	-1.300452e+01	5.064726e+01	3.562089e+00	2.146744e+00
R	5.235488e+01	1.799806e+00	1.921740e+00	32400000	-1.282730e+01	5.075382e+01	3.546751e+00	2.127270e+00
L	-1.292037e+01	5.088841e+01	32450000	-1.265083e+01	5.085942e+01	3.531522e+00	2.108481e+00
R	5.236861e+01	1.787724e+00	1.288897e+00	32500000	-1.247511e+01	5.096410e+01	3.516412e+00	2.090349e+00
L	-1.227679e+01	5.090757e+01	32550000	-1.230013e+01	5.106790e+01	3.501430e+00	2.072844e+00
R	5.271584e+01	1.815148e+00	1.589430e+00	32600000	-1.212589e+01	5.117085e+01	3.486586e+00	2.055939e+00
L	-1.204388e+01	5.149354e+01	32650000	-1.195238e+01	5.127297e+01	3.471886e+00	2.039607e+00
R	5.264842e+01	1.736910e+00	1.356882e+00	32700000	-1.177959e+01	5.137430e+01	3.457338e+00	2.023824e+00
L	-1.161976e+01	5.134250e+01	32750000	-1.160752e+01	5.147485e+01	3.442948e+00	2.008566e+00
R	5.310735e+01	1.774857e+00	1.509342e+00	32800000	-1.143615e+01	5.157467e+01	3.428721e+00	1.993811e+00
L	-1.127789e+01	5.178630e+01	32850000	-1.126549e+01	5.167376e+01	3.414661e+00	1.979538e+00
R	5.315161e+01	1.796112e+00	8.998169e-01	32900000	-1.109551e+01	5.177215e+01	3.400772e+00	1.965727e+00
L	-1.078826e+01	5.187314e+01	32950000	-1.092622e+01	5.186987e+01	3.387059e+00	1.952358e+00
R	5.366939e+01	1.789282e+00	1.440637e+00	33000000	-1.075759e+01	5.196694e+01	3.373523e+00	1.939413e+00
L	-1.070437e+01	5.200245e+01	33050000	-1.058964e+01	5.206337e+01	3.360167e+00	1.926876e+00
R	5.321930e+01	1.732902e+00	8.707034e-01	33100000	-1.042234e+01	5.215920e+01	3.346993e+00	1.914728e+00
L	-1.027197e+01	5.224274e+01	33150000	-1.025569e+01	5.225443e+01	3.334003e+00	1.902955e+00
R	5.337317e+01	1.794713e+00	1.108704e+00	33200000	-1.008967e+01	5.234908e+01	3.321198e+00	1.891542e+00
L	-9.822151e+00	5.242148e+01	33250000	-9.924282e+00	5.244318e+01	3.308578e+00	1.880475e+00
R	5.337733e+01	1.762180e+00	6.159610e-01	33300000	-9.759514e+00	5.253673e+01	3.296145e+00	1.869740e+00
L	-9.585403e+00	5.253403e+01	33350000	-9.595357e+00	5.262977e+01	3.283898e+00	1.859324e+00
R	5.328035e+01	1.691210e+00	1.111278e+00	33400000	-9.431800e+00	5.272229e+01	3.271837e+00	1.849215e+00
L	-9.550450e+00	5.294484e+01	33450000	-9.268835e+00	5.281432e+01	3.259963e+00	1.839401e+00
R	5.361208e+01	1.690789e+00	1.050287e+00	33500000	-9.106453e+00	5.290587e+01	3.248274e+00	1.829871e+00
L	-8.831401e+00	5.290772e+01	33550000	-8.944644e+00	5.299695e+01	3.236771e+00	1.820615e+00
R	5.372492e+01	1.723687e+00	1.222345e+00	33600000	-8.783399e+00	5.308758e+01	3.225452e+00	1.811623e+00
L	-8.877675e+00	5.317095e+01	33650000	-8.622710e+00	5.317777e+01	3.214316e+00	1.802884e+00
R	5.376814e+01	1.816962e+00	1.205650e+00	33700000	-8.462567e+00	5.326754e+01	3.203363e+00	1.794390e+00
L	-8.371305e+00	5.350516e+01	33750000	-8.302961e+00	5.335689e+01	3.192590e+00	1.786131e+00
R	5.401593e+01	1.729610e+00	1.016247e+00	33800000	-8.143883e+00	5.344583e+01	3.181997e+00	1.778100e+00
L	-7.752041e+00	5.344023e+01	33850000	-7.985325e+00	5.353438e+01	3.171582e+00	1.770288e+00
R	5.430342e+01	1.749713e+00	1.196231e+00	33900000	-7.827278e+00	5.362255e+01	3.161344e+00	1.762688e+00
L	-7.669756e+00	5.379833e+01	33950000	-7.669733e+00	5.371035e+01	3.151280e+00	1.755293e+00
R	5.452462e+01	1.676843e+00	1.351271e+00	34000000	-7.512682e+00	5.379779e+01	3.141389e+00	1.748094e+00
L	-7.497921e+00	5.377307e+01	34050000	-7.356115e+00	5.388487e+01	3.131670e+00	1.741087e+00
R	5.425524e+01	1.739897e+00	1.785162e+00	34100000	-7.200025e+00	5.397162e+01	3.122119e+00	1.734264e+00
L	-6.653586e+00	5.404954e+01	34150000	-7.044404e+00	5.405802e+01	3.112736e+00	1.727618e+00
R	5.432822e+01	1.668271e+00	1.797894e+00	34200000	-6.889242e+00	5.414411e+01	3.103518e+00	1.721146e+00
L	-6.965289e+00	5.418233e+01	34250000	-6.734533e+00	5.422987e+01	3.094464e+00	1.714839e+00
R	5.454266e+01	1.743858e+00	1.021187e+00	34300000	-6.580267e+00	5.431533e+01	3.085571e+00	1.708694e+00
L	-6.261188e+00	5.459749e+01	34350000	-6.426437e+00	5.440049e+01	3.076837e+00	1.702706e+00
R	5.479525e+01	1.699389e+00	8.731796e-01	34400000	-6.273036e+00	5.448535e+01	3.068260e+00	1.696868e+00
L	-6.133286e+00	5.453768e+01	34450000	-6.120055e+00	5.456993e+01	3.059838e+00	1.691177e+00
R	5.420518e+01	1.692013e+00	1.450998e+00	34500000	-5.967487e+00	5.465423e+01	3.051568e+00	1.685627e+00
L	-6.069331e+00	5.452642e+01	34550000	-5.815324e+00	5.473826e+01	3.043449e+00	1.680215e+00
R	5.488901e+01	1.657864e+00	1.262230e+00	34600000	-5.663560e+00	5.482202e+01	3.035478e+00	1.674937e+00
L	-5.655904e+00	5.475435e+01	34650000	-5.512186e+00	5.490553e+01	3.027654e+00	1.669787e+00
R	5.534147e+01	1.653728e+00	1.331820e+00	34700000	-5.361195e+00	5.498878e+01	3.019974e+00	1.664763e+00
L	-5.245034e+00	5.514037e+01	34750000	-5.210582e+00	5.507179e+01	3.012435e+00	1.659861e+00
R	5.533993e+01	1.688135e+00	1.404500e+00	34800000	-5.060337e+00	5.515456e+01	3.005036e+00	1.655076e+00
L	-4.777100e+00	5.542415e+01	34850000	-4.910456e+00	5.523709e+01	2.997775e+00	1.650406e+00
R	5.508574e+01	1.684307e+00	1.918198e+00	34900000	-4.760930e+00	5.531940e+01	2.990648e+00	1.645848e+00
L	-4.757633e+00	5.539670e+01	34950000	-4.611753e+00	5.540148e+01	2.983655e+00	1.641397e+00
R	5.555538e+01	1.664286e+00	1.549105e+00	35000000	-4.462920e+00	5.548334e+01	2.976793e+00	1.637052e+00
L	-4.414817e+00	5.576187e+01	35050000	-4.314423e+00	5.556499e+01	2.970060e+00	1.632808e+00
R	5.554518e+01	1.641377e+00	1.709941e+00	35100000	-4.166255e+00	5.564643e+01	2.963453e+00	1.628664e+00
L	-3.725396e+00	5.565078e+01	35150000	-4.018412e+00	5.572767e+01	2.956971e+00	1.624616e+00
R	5.617749e+01	1.646647e+00	9.378804e-01	35200000	-3.870886e+00	5.580872e+01	2.950612e+00	1.620661e+00
L	-3.866950e+00	5.570885e+01	35250000	-3.723672e+00	5.588956e+01	2.944373e+00	1.616798e+00
R	5.593340e+01	1.622111e+00	1.430739e+00	35300000	-3.576764e+00	5.597022e+01	2.938253e+00	1.613024e+00
L	-3.238501e+00	5.611407e+01	35350000	-3.430155e+00	5.605070e+01	2.932249e+00	1.609336e+00
R	5.702289e+01	1.621930e+00	1.668858e+00	35400000	-3.283841e+00	5.613099e+01	2.926359e+00	1.605732e+00
L	-3.075654e+00	5.643709e+01	35450000	-3.137816e+00	5.621111e+01	2.920582e+00	1.602209e+00
R	5.625690e+01	1.649258e+00	1.930515e+00	35500000	-2.992074e+00	5.629105e+01	2.914916e+00	1.598767e+00
L	-2.954731e+00	5.635960e+01	35550000	-2.846609e+00	5.637083e+01	2.909358e+00	1.595402e+00
R	5.666633e+01	1.605571e+00	1.188912e+00	35600000	-2.701417e+00	5.645044e+01	2.903906e+00	1.592112e+00
L	-2.281582e+00	5.649544e+01	35650000	-2.556492e+00	5.652989e+01	2.898560e+00	1.588896e+00
R	5.718077e+01	1.598123e+00	1.399030e+00	35700000	-2.411829e+00	5.660918e+01	2.893316e+00	1.585751e+00
L	-2.147852e+00	5.665742e+01	35750000	-2.267423e+00	5.668832e+01	2.888173e+00	1.582677e+00
R	5.653735e+01	1.586585e+00	1.552606e+00	35800000	-2.123269e+00	5.676731e+01	2.883130e+00	1.579670e+00
L	-2.079280e+00	5.685936e+01	35850000	-1.979363e+00	5.684615e+01	2.878183e+00	1.576730e+00
R	5.627725e+01	1.586289e+00	1.426333e+00	35900000	-1.835698e+00	5.692485e+01	2.873333e+00	1.573854e+00
L	-1.769168e+00	5.685437e+01	35950000	-1.692272e+00	5.700340e+01	2.868577e+00	1.571042e+00
R	5.683779e+01	1.600043e+00	1.936140e+00	36000000	-1.549078e+00	5.708182e+01	2.863912e+00	1.568291e+00
L	-1.615877e+00	5.711867e+01	36050000	-1.406113e+00	5.716011e+01	2.859339e+00	1.565600e+00
R	5.754531e+01	1.602899e+00	1.471463e+00	36100000	-1.263372e+00	5.723826e+01	2.854854e+00	1.562968e+00
L	-1.188458e+00	5.731827e+01	36150000	-1.120851e+00	5.731628e+01	2.850456e+00	1.560393e+00
R	5.737220e+01	1.522250e+00	1.294394e+00	36200000	-9.785456e-01	5.739418e+01	2.846144e+00	1.557874e+00
L	-1.128890e+00	5.766561e+01	36250000	-8.364513e-01	5.747195e+01	2.841916e+00	1.555409e+00
R	5.780059e+01	1.559218e+00	1.760101e+00	36300000	-6.945643e-01	5.754960e+01	2.837771e+00	1.552997e+00
L	-1.855833e-01	5.753368e+01	36350000	-5.528804e-01	5.762714e+01	2.833706e+00	1.550637e+00
R	5.809581e+01	1.588801e+00	1.457105e+00	36400000	-4.113957e-01	5.770456e+01	2.829721e+00	1.548328e+00
L	-4.359929e-01	5.769847e+01	36450000	-2.701063e-01	5.778186e+01	2.825814e+00	1.546068e+00
R	5.774073e+01	1.503553e+00	1.696698e+00	36500000	-1.290084e-01	5.785906e+01	2.821983e+00	1.543856e+00
L	-3.635783e-02	5.800503e+01	36550000	1.190187e-02	5.793614e+01	2.818228e+00	1.541691e+00
R	5.788756e+01	1.658114e+00	1.049787e+00	36600000	1.526280e-01	5.801313e+01	2.814545e+00	1.539573e+00
L	1.532149e-01	5.819578e+01	36650000	2.931738e-01	5.809000e+01	2.810935e+00	1.537499e+00
R	5.887593e+01	1.533570e+00	2.105116e+00	36700000	4.335426e-01	5.816678e+01	2.807396e+00	1.535470e+00
L	4.361836e-01	5.843746e+01	36750000	5.737380e-01	5.824345e+01	2.803927e+00	1.533483e+00
R	5.834702e+01	1.625458e+00	2.100292e+00	36800000	7.137634e-01	5.832003e+01	2.800525e+00	1.531538e+00
L	7.564637e-01	5.883687e+01	36850000	8.536221e-01	5.839652e+01	2.797191e+00	1.529635e+00
R	5.814409e+01	1.544402e+00	2.117377e+00	36900000	9.933174e-01	5.847291e+01	2.793922e+00	1.527771e+00
L	1.022635e+00	5.845300e+01	36950000	1.132853e+00	5.854920e+01	2.790717e+00	1.525947e+00
R	5.867841e+01	1.562673e+00	1.700435e+00	37000000	1.272231e+00	5.862541e+01	2.787576e+00	1.524160e+00
L	1.299600e+00	5.873107e+01	37050000	1.411455e+00	5.870154e+01	2.784496e+00	1.522412e+00
R	5.898925e+01	1.589543e+00	1.691967e+00	37100000	1.550528e+00	5.877757e+01	2.781478e+00	1.520699e+00
L	1.501506e+00	5.885779e+01	37150000	1.689453e+00	5.885352e+01	2.778518e+00	1.519023e+00
R	5.877157e+01	1.579353e+00	1.100095e+00	37200000	1.828234e+00	5.892939e+01	2.775617e+00	1.517381e+00
L	2.050832e+00	5.884537e+01	37250000	1.966872e+00	5.900518e+01	2.772774e+00	1.515774e+00
R	5.950001e+01	1.558311e+00	1.677686e+00	37300000	2.105370e+00	5.908089e+01	2.769986e+00	1.514200e+00
L	2.319473e+00	5.910600e+01	37350000	2.243733e+00	5.915653e+01	2.767254e+00	1.512659e+00
R	5.948269e+01	1.529115e+00	1.840376e+00	37400000	2.381961e+00	5.923209e+01	2.764576e+00	1.511150e+00
L	2.528844e+00	5.893539e+01	37450000	2.520058e+00	5.930757e+01	2.761950e+00	1.509672e+00
R	5.928834e+01	1.571590e+00	2.065867e+00	37500000	2.658026e+00	5.938298e+01	2.759377e+00	1.508225e+00
L	2.811476e+00	5.943956e+01	37550000	2.795793e+00	5.945846e+01	2.753835e+00	1.512319e+00
R	5.950592e+01	1.540484e+00	1.828615e+00	37600000	2.933214e+00	5.953428e+01	2.745452e+00	1.521644e+00
L	2.923284e+00	5.970993e+01	37650000	3.070147e+00	5.961068e+01	2.734318e+00	1.535895e+00
R	6.014385e+01	1.488482e+00	1.642409e+00	37700000	3.206459e+00	5.968792e+01	2.720497e+00	1.554764e+00
L	3.411550e+00	5.987461e+01	37750000	3.342015e+00	5.976620e+01	2.704026e+00	1.577949e+00
R	5.982049e+01	1.496907e+00	1.618996e+00	37800000	3.476684e+00	5.984575e+01	2.684923e+00	1.605148e+00
L	3.668118e+00	5.999111e+01	37850000	3.610333e+00	5.992674e+01	2.663189e+00	1.636065e+00
R	6.012016e+01	1.467580e+00	1.504438e+00	37900000	3.742832e+00	6.000937e+01	2.638812e+00	1.670408e+00
L	3.969570e+00	5.991064e+01	37950000	3.874046e+00	6.009380e+01	2.611771e+00	1.707886e+00
R	6.038112e+01	1.493539e+00	1.735096e+00	38000000	4.003844e+00	6.018017e+01	2.582037e+00	1.748214e+00
L	4.136093e+00	6.052008e+01	38050000	4.132089e+00	6.026862e+01	2.549579e+00	1.791112e+00
R	6.059597e+01	1.491488e+00	1.566696e+00	38100000	4.258643e+00	6.035928e+01	2.514359e+00	1.836300e+00
L	4.460205e+00	6.062275e+01	38150000	4.383369e+00	6.045224e+01	2.476343e+00	1.883506e+00
R	6.089727e+01	1.531489e+00	2.250864e+00	38200000	4.506125e+00	6.054761e+01	2.435495e+00	1.932458e+00
L	4.431278e+00	6.063872e+01	38250000	4.626769e+00	6.064547e+01	2.391782e+00	1.982890e+00
R	6.108838e+01	1.514470e+00	2.063075e+00	38300000	4.745156e+00	6.074587e+01	2.345175e+00	2.034540e+00
L	4.851638e+00	6.090376e+01	38350000	4.861143e+00	6.084888e+01	2.295650e+00	2.087149e+00
R	6.153859e+01	1.519523e+00	2.509727e+00	38400000	4.974581e+00	6.095455e+01	2.243189e+00	2.140462e+00
L	5.144758e+00	6.090909e+01	38450000	5.085325e+00	6.106288e+01	2.187778e+00	2.194227e+00
R	6.106367e+01	1.483351e+00	2.732740e+00	38500000	5.193226e+00	6.117392e+01	2.129412e+00	2.248199e+00
L	5.357439e+00	6.137181e+01	38550000	5.298136e+00	6.128765e+01	2.068095e+00	2.302134e+00
R	6.119058e+01	1.439232e+00	2.858244e+00	38600000	5.399909e+00	6.140407e+01	2.003835e+00	2.355795e+00
L	5.493202e+00	6.132610e+01	38650000	5.498398e+00	6.152316e+01	1.936651e+00	2.408949e+00
R	6.216278e+01	1.488048e+00	3.505410e+00	38700000	5.593456e+00	6.164489e+01	1.866571e+00	2.461368e+00
L	5.872440e+00	6.182122e+01	38750000	5.684940e+00	6.176921e+01	1.793630e+00	2.512828e+00
R	6.211937e+01	1.484770e+00	2.680767e+00	38800000	5.772709e+00	6.189609e+01	1.717872e+00	2.563114e+00
L	5.640802e+00	6.216457e+01	38850000	5.856622e+00	6.202544e+01	1.639351e+00	2.612012e+00
R	6.252251e+01	1.392935e+00	2.604756e+00	38900000	5.936543e+00	6.215720e+01	1.558128e+00	2.659319e+00
L	5.888027e+00	6.243841e+01	38950000	6.012338e+00	6.229128e+01	1.474276e+00	2.704833e+00
R	6.271012e+01	1.518270e+00	2.392566e+00	39000000	6.083879e+00	6.242758e+01	1.387872e+00	2.748364e+00
L	5.989670e+00	6.272607e+01	39050000	6.151038e+00	6.256601e+01	1.299006e+00	2.789724e+00
R	6.281699e+01	1.440268e+00	2.776045e+00	39100000	6.213697e+00	6.270645e+01	1.207772e+00	2.828736e+00
L	6.157765e+00	6.292968e+01	39150000	6.271738e+00	6.284878e+01	1.114274e+00	2.865228e+00
R	6.364506e+01	1.423115e+00	2.899066e+00	39200000	6.325052e+00	6.299286e+01	1.018625e+00	2.899036e+00
L	6.375670e+00	6.315090e+01	39250000	6.373534e+00	6.313857e+01	9.209434e-01	2.930005e+00
R	6.386023e+01	1.473339e+00	2.851814e+00	39300000	6.417085e+00	6.328575e+01	8.213547e-01	2.957986e+00
L	6.288829e+00	6.316054e+01	39350000	6.455613e+00	6.343425e+01	7.199918e-01	2.982840e+00
R	6.380284e+01	1.469526e+00	3.328070e+00	39400000	6.489033e+00	6.358391e+01	6.169937e-01	3.004436e+00
L	6.460601e+00	6.408313e+01	39450000	6.517266e+00	6.373457e+01	5.125052e-01	3.022651e+00
R	6.419701e+01	1.454278e+00	3.177175e+00	39500000	6.540243e+00	6.388605e+01	4.066768e-01	3.037372e+00
L	6.412315e+00	6.406952e+01	39550000	6.557899e+00	6.403818e+01	2.996641e-01	3.048494e+00
R	6.390692e+01	1.489080e+00	3.079553e+00	39600000	6.570179e+00	6.419078e+01	1.916273e-01	3.055921e+00
L	6.608622e+00	6.436687e+01	39650000	6.577037e+00	6.434365e+01	8.273082e-02	3.059566e+00
R	6.444910e+01	1.442193e+00	3.510765e+00	39700000	6.578433e+00	6.449661e+01	-2.685690e-02	3.059353e+00
L	6.648527e+00	6.455987e+01	39750000	6.574337e+00	6.464946e+01	-1.369641e-01	3.055213e+00
R	6.526000e+01	1.482068e+00	3.592980e+00	39800000	6.564728e+00	6.480201e+01	-2.474162e-01	3.047087e+00
L	6.716145e+00	6.501572e+01	39850000	6.549592e+00	6.495404e+01	-3.580359e-01	3.034927e+00
R	6.529717e+01	1.524359e+00	2.926401e+00	39900000	6.528926e+00	6.510537e+01	-4.686439e-01	3.018693e+00
L	6.372158e+00	6.507275e+01	39950000	6.502735e+00	6.525579e+01	-5.790593e-01	2.998353e+00
R	6.546570e+01	1.461257e+00	3.121212e+00	40000000	6.471033e+00	6.540509e+01	-6.891000e-01	2.973887e+00
L	6.570820e+00	6.572572e+01	40050000	6.433842e+00	6.555306e+01	-7.985831e-01	2.945284e+00
R	6.605552e+01	1.498767e+00	3.488802e+00	40100000	6.391196e+00	6.569950e+01	-9.073254e-01	2.912541e+00
L	6.479680e+00	6.608463e+01	40150000	6.343136e+00	6.584419e+01	-1.015144e+00	2.875664e+00
R	6.583284e+01	1.453512e+00	2.490095e+00	40200000	6.289713e+00	6.598694e+01	-1.121856e+00	2.834670e+00
L	5.829432e+00	6.613860e+01	40250000	6.230987e+00	6.612754e+01	-1.227280e+00	2.789583e+00
R	6.696987e+01	1.461939e+00	2.663921e+00	40300000	6.167026e+00	6.626579e+01	-1.331235e+00	2.740437e+00
L	5.969801e+00	6.632772e+01	40350000	6.097909e+00	6.640148e+01	-1.433543e+00	2.687276e+00
R	6.689213e+01	1.444634e+00	2.833328e+00	40400000	6.023721e+00	6.653441e+01	-1.534028e+00	2.630149e+00
L	5.656746e+00	6.671272e+01	40450000	5.944560e+00	6.666439e+01	-1.632514e+00	2.569118e+00
R	6.690039e+01	1.527951e+00	2.572103e+00	40500000	5.860527e+00	6.679122e+01	-1.728832e+00	2.504248e+00
L	5.459114e+00	6.655135e+01	40550000	5.771738e+00	6.691471e+01	-1.822813e+00	2.435618e+00
R	6.697434e+01	1.471224e+00	2.136599e+00	40600000	5.678311e+00	6.703468e+01	-1.914293e+00	2.363310e+00
L	5.584914e+00	6.725199e+01	40650000	5.580377e+00	6.715095e+01	-2.003111e+00	2.287416e+00
R	6.707624e+01	1.435517e+00	2.106906e+00	40700000	5.478072e+00	6.726333e+01	-2.089110e+00	2.208034e+00
L	5.317394e+00	6.735616e+01	40750000	5.371542e+00	6.737167e+01	-2.172139e+00	2.125272e+00
R	6.748801e+01	1.487790e+00	2.303967e+00	40800000	5.260937e+00	6.747578e+01	-2.252051e+00	2.039241e+00
L	4.902927e+00	6.739168e+01	40850000	5.146418e+00	6.757551e+01	-2.328704e+00	1.950062e+00
R	6.804974e+01	1.543652e+00	1.613076e+00	40900000	5.028151e+00	6.767071e+01	-2.401961e+00	1.857861e+00
L	4.716901e+00	6.746106e+01	40950000	4.906309e+00	6.776122e+01	-2.471692e+00	1.762770e+00
R	6.809333e+01	1.462963e+00	2.135093e+00	41000000	4.781071e+00	6.784692e+01	-2.537770e+00	1.664928e+00
L	5.003864e+00	6.796160e+01	41050000	4.652623e+00	6.792765e+01	-2.600077e+00	1.564477e+00
R	6.829907e+01	1.500872e+00	1.624528e+00	41100000	4.521157e+00	6.800331e+01	-2.658501e+00	1.461568e+00
L	4.386408e+00	6.808326e+01	41150000	4.386869e+00	6.807375e+01	-2.712935e+00	1.356353e+00
R	6.867942e+01	1.527290e+00	1.713847e+00	41200000	4.249961e+00	6.813889e+01	-2.763279e+00	1.248992e+00
L	3.865115e+00	6.811527e+01	41250000	4.110640e+00	6.819861e+01	-2.809442e+00	1.139648e+00
R	6.809695e+01	1.537962e+00	7.131404e-01	41300000	3.969117e+00	6.825281e+01	-2.851337e+00	1.028487e+00
L	3.915957e+00	6.812607e+01	41350000	3.825607e+00	6.830141e+01	-2.888885e+00	9.156800e-01
R	6.841506e+01	1.585908e+00	1.134630e+00	41400000	3.680331e+00	6.834434e+01	-2.922017e+00	8.014015e-01
L	3.251729e+00	6.843621e+01	41450000	3.533509e+00	6.838152e+01	-2.950668e+00	6.858285e-01
R	6.874452e+01	1.506550e+00	9.070582e-02	41500000	3.385368e+00	6.841290e+01	-2.974782e+00	5.691407e-01
L	3.335434e+00	6.845354e+01	41550000	3.236136e+00	6.843842e+01	-2.994311e+00	4.515204e-01
R	6.869332e+01	1.521006e+00	8.966476e-01	41600000	3.086042e+00	6.845803e+01	-3.009214e+00	3.331518e-01
L	2.798243e+00	6.839732e+01	41650000	2.935319e+00	6.847172e+01	-3.019457e+00	2.142208e-01
R	6.869049e+01	1.552113e+00	-4.416656e-01	41700000	2.784201e+00	6.847945e+01	-3.025017e+00	9.491484e-02
L	2.827520e+00	6.826249e+01	41750000	2.632923e+00	6.848120e+01	-3.025876e+00	-2.457776e-02
R	6.852386e+01	1.525360e+00	-4.657121e-01	41800000	2.481718e+00	6.847699e+01	-3.022024e+00	-1.440680e-01
L	2.500812e+00	6.811474e+01	41850000	2.330824e+00	6.846680e+01	-3.013461e+00	-2.633663e-01
R	6.826615e+01	1.511869e+00	-2.151422e-01	41900000	2.180476e+00	6.845066e+01	-3.000191e+00	-3.822834e-01
L	2.263471e+00	6.854491e+01	41950000	2.030908e+00	6.842859e+01	-2.982231e+00	-5.006302e-01
R	6.884509e+01	1.476547e+00	-6.503202e-01	42000000	1.882355e+00	6.840061e+01	-2.959601e+00	-6.182181e-01
L	1.527593e+00	6.831054e+01	42050000	1.735048e+00	6.836678e+01	-2.932333e+00	-7.348596e-01
R	6.841903e+01	1.550380e+00	-5.048561e-01	42100000	1.589221e+00	6.832715e+01	-2.900463e+00	-8.503686e-01
L	1.148305e+00	6.815641e+01	42150000	1.445100e+00	6.828177e+01	-2.864037e+00	-9.645604e-01
R	6.779898e+01	1.502539e+00	-8.292216e-01	42200000	1.302913e+00	6.823073e+01	-2.823108e+00	-1.077252e+00
L	1.190247e+00	6.840758e+01	42250000	1.162884e+00	6.817408e+01	-2.777737e+00	-1.188264e+00
R	6.847522e+01	1.557790e+00	-1.629213e+00	42300000	1.025232e+00	6.811194e+01	-2.727992e+00	-1.297418e+00
L	1.038944e+00	6.794064e+01	42350000	8.901754e-01	6.804439e+01	-2.673947e+00	-1.404538e+00
R	6.761593e+01	1.525134e+00	-1.501967e+00	42400000	7.579262e-01	6.797153e+01	-2.615684e+00	-1.509454e+00
L	8.185229e-01	6.790138e+01	42450000	6.286934e-01	6.789349e+01	-2.553294e+00	-1.611996e+00
R	6.817958e+01	1.566124e+00	-1.858322e+00	42500000	5.026809e-01	6.781038e+01	-2.486873e+00	-1.712000e+00
L	7.865495e-01	6.799446e+01	42550000	3.783734e-01	6.772130e+01	-2.452203e+00	-1.828378e+00
R	6.768607e+01	1.542047e+00	-2.431325e+00	42600000	2.558947e-01	6.762651e+01	-2.415297e+00	-1.939491e+00
L	1.955470e-01	6.748796e+01	42650000	1.353433e-01	6.752628e+01	-2.376623e+00	-2.045510e+00
R	6.756097e+01	1.580238e+00	-2.016321e+00	42700000	1.679596e-02	6.742086e+01	-2.336597e+00	-2.146621e+00
L	7.164349e-02	6.735763e+01	42750000	-9.969065e-02	6.731050e+01	-2.295591e+00	-2.243024e+00
R	6.697872e+01	1.550866e+00	-2.152789e+00	42800000	-2.140771e-01	6.719541e+01	-2.253928e+00	-2.334919e+00
L	-4.871132e-01	6.718359e+01	42850000	-3.263392e-01	6.707584e+01	-2.211894e+00	-2.422515e+00
R	6.716766e+01	1.575999e+00	-2.726244e+00	42900000	-4.364661e-01	6.695198e+01	-2.169738e+00	-2.506015e+00
L	-8.109094e-01	6.665545e+01	42950000	-5.444586e-01	6.682405e+01	-2.127677e+00	-2.585622e+00
R	6.620762e+01	1.581347e+00	-2.773758e+00	43000000	-6.503277e-01	6.669223e+01	-2.085897e+00	-2.661537e+00
L	-8.921918e-01	6.668759e+01	43050000	-7.540926e-01	6.655670e+01	-2.044557e+00	-2.733952e+00
R	6.646194e+01	1.585108e+00	-2.609570e+00	43100000	-8.557803e-01	6.641763e+01	-2.003795e+00	-2.803054e+00
L	-7.999558e-01	6.603477e+01	43150000	-9.554237e-01	6.627519e+01	-1.963724e+00	-2.869023e+00
R	6.634992e+01	1.532451e+00	-3.139332e+00	43200000	-1.053061e+00	6.612953e+01	-1.924441e+00	-2.932030e+00
L	-9.969132e-01	6.608448e+01	43250000	-1.148735e+00	6.598080e+01	-1.886024e+00	-2.992240e+00
R	6.604027e+01	1.595131e+00	-2.590489e+00	43300000	-1.242491e+00	6.582912e+01	-1.848538e+00	-3.049809e+00
L	-1.565500e+00	6.562887e+01	43350000	-1.334379e+00	6.567464e+01	-1.812032e+00	-3.104885e+00
R	6.554715e+01	1.653593e+00	-2.810281e+00	43400000	-1.424450e+00	6.551747e+01	-1.776547e+00	-3.157607e+00
L	-1.356991e+00	6.524352e+01	43450000	-1.512756e+00	6.535772e+01	-1.742112e+00	-3.208108e+00
R	6.589002e+01	1.609477e+00	-3.515404e+00	43500000	-1.599350e+00	6.519551e+01	-1.708746e+00	-3.256512e+00
L	-1.332485e+00	6.481690e+01	43550000	-1.684289e+00	6.503094e+01	-1.676462e+00	-3.302937e+00
R	6.462757e+01	1.591021e+00	-3.595556e+00	43600000	-1.767627e+00	6.486409e+01	-1.645266e+00	-3.347491e+00
L	-1.770337e+00	6.473659e+01	43650000	-1.849419e+00	6.469508e+01	-1.615158e+00	-3.390280e+00
R	6.458687e+01	1.657509e+00	-3.872641e+00	43700000	-1.929719e+00	6.452397e+01	-1.586132e+00	-3.431399e+00
L	-1.803626e+00	6.422716e+01	43750000	-2.008584e+00	6.435086e+01	-1.558179e+00	-3.470940e+00
R	6.464836e+01	1.660447e+00	-2.766921e+00	43800000	-2.086066e+00	6.417581e+01	-1.531286e+00	-3.508988e+00
L	-2.190796e+00	6.382442e+01	43850000	-2.162219e+00	6.399891e+01	-1.505438e+00	-3.545622e+00
R	6.395779e+01	1.604234e+00	-4.055707e+00	43900000	-2.237095e+00	6.382022e+01	-1.480614e+00	-3.580918e+00
L	-2.200414e+00	6.350140e+01	43950000	-2.310746e+00	6.363980e+01	-1.456794e+00	-3.614946e+00
R	6.393506e+01	1.637290e+00	-3.675785e+00	44000000	-2.383221e+00	6.345772e+01	-1.433957e+00	-3.647769e+00
L	-2.449145e+00	6.323765e+01	44050000	-2.454570e+00	6.327403e+01	-1.412077e+00	-3.679451e+00
R	6.300209e+01	1.703745e+00	-3.932311e+00	44100000	-2.524840e+00	6.308880e+01	-1.391129e+00	-3.710048e+00
L	-2.585777e+00	6.305079e+01	44150000	-2.594078e+00	6.290207e+01	-1.371088e+00	-3.739614e+00
R	6.265508e+01	1.594367e+00	-4.106198e+00	44200000	-2.662329e+00	6.271390e+01	-1.351928e+00	-3.768199e+00
L	-2.550831e+00	6.263113e+01	44250000	-2.729636e+00	6.252433e+01	-1.333620e+00	-3.795851e+00
R	6.253706e+01	1.570359e+00	-3.608720e+00	44300000	-2.796042e+00	6.233341e+01	-1.316139e+00	-3.822613e+00
L	-2.818792e+00	6.209047e+01	44350000	-2.861588e+00	6.214117e+01	-1.299457e+00	-3.848526e+00
R	6.160373e+01	1.616299e+00	-4.070003e+00	44400000	-2.926313e+00	6.194768e+01	-1.283546e+00	-3.873630e+00
L	-2.978251e+00	6.176245e+01	44450000	-2.990256e+00	6.175295e+01	-1.268380e+00	-3.897961e+00
R	6.153127e+01	1.646820e+00	-3.874429e+00	44500000	-3.053453e+00	6.155703e+01	-1.253932e+00	-3.921553e+00
L	-3.036578e+00	6.142272e+01	44550000	-3.115941e+00	6.135996e+01	-1.240176e+00	-3.944438e+00
R	6.154672e+01	1.593784e+00	-4.001226e+00	44600000	-3.177752e+00	6.116177e+01	-1.227086e+00	-3.966647e+00
L	-3.100621e+00	6.098553e+01	44650000	-3.238921e+00	6.096250e+01	-1.214636e+00	-3.988207e+00
R	6.118942e+01	1.647402e+00	-4.071434e+00	44700000	-3.299478e+00	6.076216e+01	-1.202802e+00	-4.009145e+00
L	-3.227377e+00	6.052218e+01	44750000	-3.359454e+00	6.056081e+01	-1.191558e+00	-4.029488e+00
R	6.074219e+01	1.682992e+00	-3.648517e+00	44800000	-3.418878e+00	6.035846e+01	-1.180882e+00	-4.049257e+00
L	-3.134353e+00	5.992240e+01	44850000	-3.477778e+00	6.015514e+01	-1.170750e+00	-4.068477e+00
R	5.989056e+01	1.621722e+00	-4.131793e+00	44900000	-3.536182e+00	5.995088e+01	-1.161140e+00	-4.087168e+00
L	-3.538246e+00	5.969049e+01	44950000	-3.594113e+00	5.974570e+01	-1.152029e+00	-4.105349e+00
R	5.998334e+01	1.661593e+00	-3.921273e+00	45000000	-3.651599e+00	5.953964e+01	-1.143397e+00	-4.123041e+00
L	-3.860492e+00	5.941481e+01	45050000	-3.708661e+00	5.933271e+01	-1.135223e+00	-4.140260e+00
R	5.944700e+01	1.645011e+00	-4.067960e+00	45100000	-3.765322e+00	5.912494e+01	-1.127488e+00	-4.157025e+00
L	-3.611554e+00	5.883408e+01	45150000	-3.821604e+00	5.891634e+01	-1.120171e+00	-4.173350e+00
R	5.872485e+01	1.656761e+00	-3.947537e+00	45200000	-3.877528e+00	5.870695e+01	-1.113255e+00	-4.189252e+00
L	-3.805223e+00	5.845418e+01	45250000	-3.933113e+00	5.849678e+01	-1.106721e+00	-4.204744e+00
R	5.802773e+01	1.601990e+00	-4.264666e+00	45300000	-3.988377e+00	5.828585e+01	-1.100553e+00	-4.219842e+00
L	-3.924476e+00	5.819302e+01	45350000	-4.043340e+00	5.807418e+01	-1.094733e+00	-4.234557e+00
R	5.746195e+01	1.657519e+00	-4.187501e+00	45400000	-4.098018e+00	5.786179e+01	-1.089245e+00	-4.248902e+00
L	-4.308743e+00	5.797731e+01	45450000	-4.152427e+00	5.764870e+01	-1.084075e+00	-4.262890e+00
R	5.766795e+01	1.668729e+00	-3.416019e+00	45500000	-4.206583e+00	5.743492e+01	-1.079208e+00	-4.276532e+00
L	-4.347669e+00	5.716096e+01	45550000	-4.260501e+00	5.722047e+01	-1.074628e+00	-4.289838e+00
R	5.761510e+01	1.607103e+00	-4.187588e+00	45600000	-4.314195e+00	5.700538e+01	-1.070323e+00	-4.302819e+00
L	-4.360747e+00	5.693517e+01	45650000	-4.367679e+00	5.678965e+01	-1.066279e+00	-4.315486e+00
R	5.686739e+01	1.621388e+00	-3.940242e+00	45700000	-4.420964e+00	5.657329e+01	-1.062484e+00	-4.327847e+00
L	-4.347292e+00	5.619868e+01	45750000	-4.474065e+00	5.635633e+01	-1.058926e+00	-4.339911e+00
R	5.611468e+01	1.635487e+00	-4.597563e+00	45800000	-4.526991e+00	5.613879e+01	-1.055593e+00	-4.351688e+00
L	-4.420054e+00	5.587208e+01	45850000	-4.579754e+00	5.592066e+01	-1.052473e+00	-4.363186e+00
R	5.581091e+01	1.622636e+00	-4.390741e+00	45900000	-4.632365e+00	5.570197e+01	-1.049558e+00	-4.374413e+00
L	-4.462090e+00	5.559498e+01	45950000	-4.684833e+00	5.548273e+01	-1.046835e+00	-4.385377e+00
R	5.498040e+01	1.626617e+00	-4.100151e+00	46000000	-4.737168e+00	5.526296e+01	-1.044296e+00	-4.396084e+00
L	-4.864098e+00	5.495967e+01	46050000	-4.789380e+00	5.504266e+01	-1.041931e+00	-4.406543e+00
R	5.477706e+01	1.618949e+00	-4.279584e+00	46100000	-4.841475e+00	5.482185e+01	-1.039731e+00	-4.416760e+00
L	-4.950505e+00	5.477159e+01	46150000	-4.893464e+00	5.460053e+01	-1.037689e+00	-4.426742e+00
R	5.458313e+01	1.632534e+00	-4.116310e+00	46200000	-4.945353e+00	5.437873e+01	-1.035795e+00	-4.436495e+00
L	-4.795227e+00	5.404609e+01	46250000	-4.997149e+00	5.415645e+01	-1.034042e+00	-4.446026e+00
R	5.365874e+01	1.649768e+00	-4.744691e+00	46300000	-5.048860e+00	5.393371e+01	-1.032422e+00	-4.455339e+00
L	-4.854249e+00	5.350234e+01	46350000	-5.100492e+00	5.371050e+01	-1.030929e+00	-4.464442e+00
R	5.363611e+01	1.711029e+00	-4.092653e+00	46400000	-5.152051e+00	5.348685e+01	-1.029555e+00	-4.473340e+00
L	-5.280593e+00	5.314531e+01	46450000	-5.203543e+00	5.326277e+01	-1.028295e+00	-4.482037e+00
R	5.324350e+01	1.662348e+00	-3.918468e+00	46500000	-5.254974e+00	5.303826e+01	-1.027142e+00	-4.490539e+00
L	-5.329549e+00	5.261084e+01	46550000	-5.306349e+00	5.281333e+01	-1.026090e+00	-4.498852e+00
R	5.315595e+01	1.703422e+00	-4.447906e+00	46600000	-5.357672e+00	5.258800e+01	-1.025134e+00	-4.506980e+00
L	-5.293131e+00	5.236996e+01	46650000	-5.408949e+00	5.236227e+01	-1.024269e+00	-4.514927e+00
R	5.205925e+01	1.672713e+00	-4.734895e+00	46700000	-5.460184e+00	5.213615e+01	-1.023489e+00	-4.522698e+00
L	-5.606504e+00	5.176881e+01	46750000	-5.511381e+00	5.190965e+01	-1.022789e+00	-4.530299e+00
R	5.208111e+01	1.683607e+00	-4.798197e+00	46800000	-5.562544e+00	5.168277e+01	-1.022165e+00	-4.537731e+00
L	-5.751655e+00	5.145513e+01	46850000	-5.613677e+00	5.145553e+01	-1.021613e+00	-4.545001e+00
R	5.167950e+01	1.683096e+00	-5.074340e+00	46900000	-5.664783e+00	5.122794e+01	-1.021128e+00	-4.552112e+00
L	-5.522830e+00	5.126584e+01	46950000	-5.715865e+00	5.100000e+01	-1.020707e+00	-4.559068e+00
R	5.157332e+01	1.700220e+00	-4.219949e+00	47000000	-5.766928e+00	5.077171e+01	-1.020345e+00	-4.565872e+00
L	-5.916101e+00	5.057138e+01	47050000	-5.817972e+00	5.054309e+01	-1.020039e+00	-4.572529e+00
R	5.031611e+01	1.690572e+00	-4.858957e+00	47100000	-5.869002e+00	5.031415e+01	-1.019786e+00	-4.579042e+00
L	-5.832240e+00	5.003171e+01	47150000	-5.920020e+00	5.008489e+01	-1.019583e+00	-4.585413e+00
R	5.044173e+01	1.695473e+00	-4.575707e+00	47200000	-5.971028e+00	4.985532e+01	-1.019426e+00	-4.591648e+00
L	-5.895530e+00	4.944943e+01	47250000	-6.022029e+00	4.962544e+01	-1.019313e+00	-4.597748e+00
R	4.968773e+01	1.677004e+00	-4.221744e+00	47300000	-6.073024e+00	4.939526e+01	-1.019240e+00	-4.603718e+00
L	-6.135343e+00	4.920529e+01	47350000	-6.124016e+00	4.916479e+01	-1.019206e+00	-4.609559e+00
R	4.947975e+01	1.625940e+00	-4.729255e+00	47400000	-6.175006e+00	4.893403e+01	-1.019207e+00	-4.615276e+00
L	-6.208608e+00	4.885486e+01	47450000	-6.225997e+00	4.870299e+01	-1.019242e+00	-4.620870e+00
R	4.904820e+01	1.738901e+00	-4.523617e+00	47500000	-6.276990e+00	4.847168e+01	-1.019308e+00	-4.626345e+00
L	-6.312884e+00	4.816513e+01	47550000	-6.327986e+00	4.824010e+01	-1.019402e+00	-4.631704e+00
R	4.829950e+01	1.677982e+00	-4.625248e+00	47600000	-6.378987e+00	4.800826e+01	-1.019524e+00	-4.636950e+00
L	-6.458564e+00	4.767843e+01	47650000	-6.429993e+00	4.777616e+01	-1.019670e+00	-4.642084e+00
R	4.799148e+01	1.651719e+00	-4.338398e+00	47700000	-6.481008e+00	4.754381e+01	-1.019840e+00	-4.647109e+00
L	-6.505412e+00	4.737815e+01	47750000	-6.532031e+00	4.731121e+01	-1.020032e+00	-4.652028e+00
R	4.739736e+01	1.694481e+00	-4.175977e+00	47800000	-6.583063e+00	4.707838e+01	-1.020243e+00	-4.656844e+00
L	-6.657281e+00	4.714328e+01	47850000	-6.634106e+00	4.684530e+01	-1.020473e+00	-4.661558e+00
R	4.666712e+01	1.705825e+00	-4.812212e+00	47900000	-6.685160e+00	4.661200e+01	-1.020719e+00	-4.666173e+00
L	-6.854238e+00	4.625997e+01	47950000	-6.736226e+00	4.637847e+01	-1.020981e+00	-4.670691e+00
R	4.649699e+01	1.740322e+00	-4.819901e+00	48000000	-6.787306e+00	4.614471e+01	-1.021258e+00	-4.675114e+00
L	-6.746897e+00	4.569461e+01	48050000	-6.838399e+00	4.591075e+01	-1.021547e+00	-4.679445e+00
R	4.607156e+01	1.760095e+00	-4.340283e+00	48100000	-6.889506e+00	4.567656e+01	-1.021849e+00	-4.683685e+00
L	-6.899786e+00	4.553669e+01	48150000	-6.940628e+00	4.544218e+01	-1.022161e+00	-4.687837e+00
R	4.591785e+01	1.743080e+00	-4.059398e+00	48200000	-6.991766e+00	4.520758e+01	-1.022483e+00	-4.691902e+00
L	-7.198687e+00	4.496218e+01	48250000	-7.042919e+00	4.497279e+01	-1.022814e+00	-4.695882e+00
R	4.548795e+01	1.750547e+00	-4.314127e+00	48300000	-7.094089e+00	4.473781e+01	-1.023153e+00	-4.699780e+00
L	-6.949295e+00	4.442748e+01	48350000	-7.145276e+00	4.450263e+01	-1.023499e+00	-4.703596e+00
R	4.444349e+01	1.770127e+00	-4.482287e+00	48400000	-7.196479e+00	4.426726e+01	-1.023851e+00	-4.707334e+00
L	-7.330003e+00	4.403708e+01	48450000	-7.247700e+00	4.403172e+01	-1.024209e+00	-4.710993e+00
R	4.427035e+01	1.766123e+00	-4.214958e+00	48500000	-7.298939e+00	4.379599e+01	-1.024571e+00	-4.714577e+00
L	-7.303435e+00	4.364122e+01	48550000	-7.350195e+00	4.356009e+01	-1.024938e+00	-4.718087e+00
R	4.396148e+01	1.770798e+00	-5.190429e+00	48600000	-7.401469e+00	4.332401e+01	-1.025308e+00	-4.721524e+00
L	-7.627991e+00	4.308178e+01	48650000	-7.452762e+00	4.308777e+01	-1.025681e+00	-4.724890e+00
R	4.337941e+01	1.715642e+00	-4.294336e+00	48700000	-7.504073e+00	4.285136e+01	-1.026056e+00	-4.728187e+00
L	-7.702160e+00	4.264740e+01	48750000	-7.555402e+00	4.261479e+01	-1.026433e+00	-4.731416e+00
R	4.309264e+01	1.750133e+00	-4.727445e+00	48800000	-7.606750e+00	4.237807e+01	-1.026812e+00	-4.734578e+00
L	-7.687092e+00	4.232522e+01	48850000	-7.658117e+00	4.214118e+01	-1.027191e+00	-4.737675e+00
R	4.277050e+01	1.781626e+00	-4.500550e+00	48900000	-7.709502e+00	4.190415e+01	-1.027571e+00	-4.740708e+00
L	-8.016248e+00	4.159700e+01	48950000	-7.760906e+00	4.166697e+01	-1.027951e+00	-4.743679e+00
R	4.211458e+01	1.796222e+00	-4.133047e+00	49000000	-7.812328e+00	4.142964e+01	-1.028330e+00	-4.746589e+00
L	-7.800043e+00	4.106369e+01	49050000	-7.863769e+00	4.119217e+01	-1.028709e+00	-4.749440e+00
R	4.175096e+01	1.753859e+00	-4.543665e+00	49100000	-7.915229e+00	4.095456e+01	-1.029087e+00	-4.752232e+00
L	-8.151736e+00	4.078640e+01	49150000	-7.966708e+00	4.071681e+01	-1.029464e+00	-4.754966e+00
R	4.125647e+01	1.790480e+00	-4.905349e+00	49200000	-8.018204e+00	4.047893e+01	-1.029838e+00	-4.757645e+00
L	-8.238767e+00	4.078786e+01	49250000	-8.069720e+00	4.024092e+01	-1.030212e+00	-4.760269e+00
R	4.055481e+01	1.779719e+00	-4.331250e+00	49300000	-8.121253e+00	4.000278e+01	-1.030583e+00	-4.762839e+00
L	-8.320133e+00	4.002365e+01	49350000	-8.172805e+00	3.976451e+01	-1.030951e+00	-4.765357e+00
R	4.035301e+01	1.780428e+00	-3.912240e+00	49400000	-8.224375e+00	3.952612e+01	-1.031318e+00	-4.767823e+00
L	-8.394616e+00	3.921446e+01	49450000	-8.275963e+00	3.928761e+01	-1.031681e+00	-4.770239e+00
R	3.982342e+01	1.739729e+00	-4.369640e+00	49500000	-8.327568e+00	3.904898e+01	-1.032042e+00	-4.772606e+00
L	-8.308234e+00	3.883773e+01	49550000	-8.379192e+00	3.881023e+01	-1.032400e+00	-4.774924e+00
R	3.967877e+01	1.811959e+00	-4.344869e+00	49600000	-8.430833e+00	3.857137e+01	-1.032754e+00	-4.777195e+00
L	-8.518707e+00	3.851547e+01	49650000	-8.482491e+00	3.833240e+01	-1.033105e+00	-4.779420e+00
R	3.882859e+01	1.833081e+00	-4.497899e+00	49700000	-8.534167e+00	3.809332e+01	-1.033453e+00	-4.781600e+00
L	-8.471139e+00	3.812812e+01	49750000	-8.585859e+00	3.785414e+01	-1.033798e+00	-4.783735e+00
R	3.791440e+01	1.790747e+00	-4.554165e+00	49800000	-8.637569e+00	3.761485e+01	-1.034138e+00	-4.785827e+00
L	-8.433187e+00	3.731443e+01	49850000	-8.689295e+00	3.737545e+01	-1.034475e+00	-4.787877e+00
R	3.896953e+01	1.756131e+00	-4.320522e+00	49900000	-8.741038e+00	3.713596e+01	-1.034808e+00	-4.789884e+00
L	-8.850743e+00	3.697213e+01	49950000	-8.792797e+00	3.689637e+01	-1.035138e+00	-4.791852e+00
R	3.753906e+01	1.794022e+00	-4.964031e+00	50000000	-8.844573e+00	3.665668e+01	-1.035463e+00	-4.793779e+00
L	-8.880138e+00	3.619221e+01	50050000	-8.896364e+00	3.641690e+01	-1.035784e+00	-4.795667e+00
R	3.687433e+01	1.815880e+00	-4.444798e+00	50100000	-8.948171e+00	3.617702e+01	-1.036102e+00	-4.797516e+00
L	-8.845930e+00	3.573409e+01	50150000	-8.999994e+00	3.593706e+01	-1.036415e+00	-4.799329e+00
R	3.695308e+01	1.828811e+00	-4.489705e+00	50200000	-9.051832e+00	3.569700e+01	-1.036725e+00	-4.801104e+00
L	-9.224230e+00	3.544500e+01	50250000	-9.103685e+00	3.545686e+01	-1.037030e+00	-4.802844e+00
R	3.665249e+01	1.813931e+00	-4.134779e+00	50300000	-9.155553e+00	3.521663e+01	-1.037331e+00	-4.804548e+00
L	-9.248507e+00	3.523504e+01	50350000	-9.207436e+00	3.497632e+01	-1.037628e+00	-4.806218e+00
R	3.595689e+01	1.826036e+00	-4.861547e+00	50400000	-9.259333e+00	3.473593e+01	-1.037920e+00	-4.807854e+00
L	-9.525318e+00	3.455265e+01	50450000	-9.311245e+00	3.449546e+01	-1.038209e+00	-4.809457e+00
R	3.544328e+01	1.846055e+00	-4.572362e+00	50500000	-9.363171e+00	3.425491e+01	-1.038493e+00	-4.811027e+00
L	-9.437677e+00	3.392072e+01	50550000	-9.415111e+00	3.401428e+01	-1.038774e+00	-4.812566e+00
R	3.516390e+01	1.837547e+00	-3.795565e+00	50600000	-9.467065e+00	3.377357e+01	-1.039050e+00	-4.814074e+00
L	-9.622243e+00	3.370062e+01	50650000	-9.519032e+00	3.353280e+01	-1.039322e+00	-4.815551e+00
R	3.432406e+01	1.836774e+00	-4.594714e+00	50700000	-9.571012e+00	3.329195e+01	-1.039590e+00	-4.816999e+00
L	-9.434060e+00	3.311657e+01	50750000	-9.623006e+00	3.305103e+01	-1.039853e+00	-4.818417e+00
R	3.424794e+01	1.864583e+00	-4.654127e+00	50800000	-9.675013e+00	3.281004e+01	-1.040113e+00	-4.819807e+00
L	-9.516595e+00	3.277741e+01	50850000	-9.727032e+00	3.256898e+01	-1.040369e+00	-4.821168e+00
R	3.376426e+01	1.864940e+00	-4.119894e+00	50900000	-9.779064e+00	3.232785e+01	-1.040620e+00	-4.822502e+00
L	-9.857396e+00	3.205664e+01	50950000	-9.831108e+00	3.208666e+01	-1.040868e+00	-4.823809e+00
R	3.319593e+01	1.861343e+00	-4.442497e+00	51000000	-9.883164e+00	3.184541e+01	-1.041111e+00	-4.825090e+00
L	-9.825755e+00	3.155485e+01	51050000	-9.935233e+00	3.160409e+01	-1.041351e+00	-4.826345e+00
R	3.278602e+01	1.860284e+00	-4.733769e+00	51100000	-9.987313e+00	3.136271e+01	-1.041587e+00	-4.827575e+00
L	-9.805377e+00	3.119756e+01	51150000	-1.003940e+01	3.112127e+01	-1.041819e+00	-4.828780e+00
R	3.274686e+01	1.870758e+00	-3.830168e+00	51200000	-1.009151e+01	3.087978e+01	-1.042047e+00	-4.829961e+00
L	-1.012184e+01	3.085612e+01	51250000	-1.014362e+01	3.063822e+01	-1.042271e+00	-4.831118e+00
R	3.205698e+01	1.893087e+00	-4.408257e+00	51300000	-1.019575e+01	3.039661e+01	-1.042491e+00	-4.832251e+00
L	-1.023626e+01	3.018869e+01	51350000	-1.024788e+01	3.015494e+01	-1.042708e+00	-4.833362e+00
R	3.208467e+01	1.948603e+00	-4.204530e+00	51400000	-1.030003e+01	2.991322e+01	-1.042921e+00	-4.834450e+00
L	-1.016933e+01	2.926379e+01	51450000	-1.035219e+01	2.967144e+01	-1.043130e+00	-4.835517e+00
R	3.107354e+01	1.918107e+00	-3.946085e+00	51500000	-1.040436e+01	2.942961e+01	-1.043336e+00	-4.836562e+00
L	-1.039307e+01	2.917933e+01	51550000	-1.045653e+01	2.918774e+01	-1.043538e+00	-4.837586e+00
R	3.065592e+01	1.895055e+00	-3.621365e+00	51600000	-1.050872e+01	2.894581e+01	-1.043737e+00	-4.838590e+00
L	-1.039259e+01	2.889999e+01	51650000	-1.056092e+01	2.870383e+01	-1.043932e+00	-4.839573e+00
R	3.037937e+01	1.911682e+00	-4.004259e+00	51700000	-1.061313e+01	2.846180e+01	-1.044124e+00	-4.840536e+00
L	-1.066904e+01	2.820052e+01	51750000	-1.066534e+01	2.821973e+01	-1.044312e+00	-4.841481e+00
R	2.995273e+01	1.917640e+00	-4.409745e+00	51800000	-1.071757e+01	2.797761e+01	-1.044498e+00	-4.842406e+00
L	-1.080616e+01	2.752763e+01	51850000	-1.076980e+01	2.773544e+01	-1.044679e+00	-4.843312e+00
R	2.972595e+01	1.970952e+00	-4.355726e+00	51900000	-1.082205e+01	2.749323e+01	-1.044858e+00	-4.844201e+00
L	-1.114841e+01	2.731001e+01	51950000	-1.087430e+01	2.725098e+01	-1.045033e+00	-4.845071e+00
R	2.920671e+01	1.955840e+00	-4.500579e+00	52000000	-1.092656e+01	2.700868e+01	-1.045205e+00	-4.845924e+00
L	-1.126649e+01	2.702308e+01	52050000	-1.097883e+01	2.676634e+01	-1.045374e+00	-4.846760e+00
R	2.866148e+01	1.980059e+00	-4.095650e+00	52100000	-1.103111e+01	2.652396e+01	-1.045540e+00	-4.847579e+00
L	-1.102136e+01	2.608981e+01	52150000	-1.108339e+01	2.628155e+01	-1.045703e+00	-4.848382e+00
R	2.818655e+01	1.934251e+00	-4.373478e+00	52200000	-1.113569e+01	2.603909e+01	-1.045864e+00	-4.849169e+00
L	-1.129434e+01	2.552561e+01	52250000	-1.118799e+01	2.579659e+01	-1.046021e+00	-4.849939e+00
R	2.777855e+01	1.963862e+00	-4.374776e+00	52300000	-1.124030e+01	2.555406e+01	-1.046175e+00	-4.850695e+00
L	-1.131254e+01	2.530978e+01	52350000	-1.129261e+01	2.531148e+01	-1.046326e+00	-4.851435e+00
R	2.726538e+01	2.056129e+00	-3.773640e+00	52400000	-1.134494e+01	2.506888e+01	-1.046475e+00	-4.852160e+00
L	-1.122902e+01	2.477698e+01	52450000	-1.139727e+01	2.482623e+01	-1.046621e+00	-4.852871e+00
R	2.738716e+01	2.029632e+00	-4.263389e+00	52500000	-1.144961e+01	2.458355e+01	-1.046764e+00	-4.853567e+00
L	-1.160450e+01	2.477817e+01	52550000	-1.150216e+01	2.434089e+01	-1.055398e+00	-4.852410e+00
R	2.660219e+01	2.032523e+00	-3.973567e+00	52600000	-1.155536e+01	2.409832e+01	-1.072091e+00	-4.849448e+00
L	-1.148486e+01	2.370677e+01	52650000	-1.160957e+01	2.385595e+01	-1.096428e+00	-4.844690e+00
R	2.603643e+01	2.063660e+00	-3.778547e+00	52700000	-1.166519e+01	2.361387e+01	-1.128001e+00	-4.838110e+00
L	-1.209419e+01	2.337567e+01	52750000	-1.172255e+01	2.337216e+01	-1.166417e+00	-4.829653e+00
R	2.590412e+01	2.063225e+00	-3.648170e+00	52800000	-1.178200e+01	2.313092e+01	-1.211295e+00	-4.819243e+00
L	-1.179251e+01	2.290337e+01	52850000	-1.184384e+01	2.289025e+01	-1.262261e+00	-4.806784e+00
R	2.567705e+01	2.020252e+00	-3.872352e+00	52900000	-1.190838e+01	2.265026e+01	-1.318953e+00	-4.792165e+00
L	-1.210373e+01	2.220988e+01	52950000	-1.197588e+01	2.241105e+01	-1.381018e+00	-4.775266e+00
R	2.547042e+01	2.100814e+00	-3.303479e+00	53000000	-1.204661e+01	2.217276e+01	-1.448110e+00	-4.755958e+00
L	-1.221100e+01	2.185492e+01	53050000	-1.212082e+01	2.193549e+01	-1.519890e+00	-4.734105e+00
R	2.476125e+01	2.116321e+00	-3.165220e+00	53100000	-1.219872e+01	2.169938e+01	-1.596025e+00	-4.709572e+00
L	-1.201970e+01	2.131913e+01	53150000	-1.228053e+01	2.146456e+01	-1.676188e+00	-4.682221e+00
R	2.450246e+01	2.060403e+00	-3.559057e+00	53200000	-1.236645e+01	2.123119e+01	-1.760060e+00	-4.651916e+00
L	-1.247993e+01	2.094905e+01	53250000	-1.245664e+01	2.099941e+01	-1.847321e+00	-4.618524e+00
R	2.411345e+01	2.068342e+00	-2.860266e+00	53300000	-1.255127e+01	2.076938e+01	-1.937661e+00	-4.581915e+00
L	-1.269307e+01	2.067849e+01	53350000	-1.265049e+01	2.054126e+01	-2.030770e+00	-4.541967e+00
R	2.415231e+01	2.092073e+00	-2.560603e+00	53400000	-1.275443e+01	2.031523e+01	-2.126344e+00	-4.498563e+00
L	-1.295303e+01	2.032133e+01	53450000	-1.286320e+01	2.009146e+01	-2.224081e+00	-4.451595e+00
R	2.372342e+01	2.134233e+00	-2.536117e+00	53500000	-1.297690e+01	1.987012e+01	-2.323683e+00	-4.400961e+00
L	-1.332076e+01	1.984258e+01	53550000	-1.309563e+01	1.965142e+01	-2.424855e+00	-4.346569e+00
R	2.414098e+01	2.116195e+00	-2.200028e+00	53600000	-1.321944e+01	1.943552e+01	-2.527307e+00	-4.288338e+00
L	-1.336497e+01	1.913350e+01	53650000	-1.334840e+01	1.922264e+01	-2.630748e+00	-4.226197e+00
R	2.367346e+01	2.225043e+00	-1.885073e+00	53700000	-1.348256e+01	1.901296e+01	-2.734895e+00	-4.160082e+00
L	-1.331124e+01	1.881161e+01	53750000	-1.362193e+01	1.880669e+01	-2.839467e+00	-4.089943e+00
R	2.307105e+01	2.216245e+00	-1.700576e+00	53800000	-1.376654e+01	1.860403e+01	-2.944184e+00	-4.015740e+00
L	-1.369840e+01	1.849768e+01	53850000	-1.391637e+01	1.840518e+01	-3.048775e+00	-3.937444e+00
R	2.290703e+01	2.223113e+00	-1.394924e+00	53900000	-1.407143e+01	1.821035e+01	-3.152967e+00	-3.855037e+00
L	-1.419231e+01	1.782569e+01	53950000	-1.423169e+01	1.801974e+01	-3.256497e+00	-3.768513e+00
R	2.292064e+01	2.234458e+00	-5.815644e-01	54000000	-1.439709e+01	1.783356e+01	-3.359102e+00	-3.677874e+00
L	-1.441122e+01	1.777006e+01	54050000	-1.456760e+01	1.765202e+01	-3.460525e+00	-3.583138e+00
R	2.282689e+01	2.250307e+00	-4.571426e-01	54100000	-1.474315e+01	1.747531e+01	-3.560516e+00	-3.484329e+00
L	-1.492614e+01	1.737684e+01	54150000	-1.492365e+01	1.730365e+01	-3.658827e+00	-3.381486e+00
R	2.267615e+01	2.264361e+00	7.912763e-02	54200000	-1.510902e+01	1.713723e+01	-3.755217e+00	-3.274655e+00
L	-1.509533e+01	1.725710e+01	54250000	-1.529916e+01	1.697625e+01	-3.849452e+00	-3.163896e+00
R	2.310726e+01	2.285446e+00	8.499957e-01	54300000	-1.549394e+01	1.682090e+01	-3.941302e+00	-3.049276e+00
L	-1.582011e+01	1.655580e+01	54350000	-1.569326e+01	1.667138e+01	-4.030543e+00	-2.930873e+00
R	2.306045e+01	2.295330e+00	1.070085e+00	54400000	-1.589697e+01	1.652787e+01	-4.116960e+00	-2.808776e+00
L	-1.611297e+01	1.645043e+01	54450000	-1.610493e+01	1.639056e+01	-4.200342e+00	-2.683083e+00
R	2.278814e+01	2.383348e+00	1.383325e+00	54500000	-1.631697e+01	1.625962e+01	-4.280487e+00	-2.553899e+00
L	-1.658744e+01	1.627702e+01	54550000	-1.653294e+01	1.613523e+01	-4.357199e+00	-2.421339e+00
R	2.237977e+01	2.389492e+00	1.590431e+00	54600000	-1.675265e+01	1.601754e+01	-4.430289e+00	-2.285527e+00
L	-1.709517e+01	1.593331e+01	54650000	-1.697592e+01	1.590673e+01	-4.499578e+00	-2.146595e+00
R	2.350932e+01	2.376466e+00	1.969672e+00	54700000	-1.720256e+01	1.580294e+01	-4.564891e+00	-2.004682e+00
L	-1.743857e+01	1.576524e+01	54750000	-1.743236e+01	1.570631e+01	-4.626066e+00	-1.859934e+00
R	2.394655e+01	2.403737e+00	2.769294e+00	54800000	-1.766511e+01	1.561699e+01	-4.682944e+00	-1.712505e+00
L	-1.809622e+01	1.558022e+01	54850000	-1.790059e+01	1.553510e+01	-4.735378e+00	-1.562555e+00
R	2.331779e+01	2.437878e+00	2.942125e+00	54900000	-1.813858e+01	1.546077e+01	-4.783228e+00	-1.410249e+00
L	-1.807540e+01	1.540152e+01	54950000	-1.837885e+01	1.539412e+01	-4.826363e+00	-1.255759e+00
R	2.389846e+01	2.483458e+00	3.068694e+00	55000000	-1.862115e+01	1.533523e+01	-4.864659e+00	-1.099264e+00
L	-1.885050e+01	1.542178e+01	55050000	-1.886525e+01	1.528422e+01	-4.898004e+00	-9.409443e-01
R	2.477203e+01	2.416406e+00	3.379970e+00	55100000	-1.911088e+01	1.524117e+01	-4.926293e+00	-7.809874e-01
L	-1.936026e+01	1.504572e+01	55150000	-1.935780e+01	1.520615e+01	-4.949429e+00	-6.195839e-01
R	2.430788e+01	2.480762e+00	3.508880e+00	55200000	-1.960575e+01	1.517923e+01	-4.967326e+00	-4.569287e-01
L	-1.996316e+01	1.513987e+01	55250000	-1.985446e+01	1.516048e+01	-4.979907e+00	-2.932196e-01
R	2.506765e+01	2.496325e+00	4.378414e+00	55300000	-2.010366e+01	1.514993e+01	-4.987102e+00	-1.286577e-01
L	-2.035761e+01	1.542968e+01	55350000	-2.035309e+01	1.514763e+01	-4.988852e+00	3.655340e-02
R	2.594848e+01	2.536449e+00	3.917076e+00	55400000	-2.060247e+01	1.515360e+01	-4.985107e+00	2.022079e-01
L	-2.089553e+01	1.502990e+01	55450000	-2.085152e+01	1.516786e+01	-4.975825e+00	3.680981e-01
R	2.612394e+01	2.515607e+00	4.470659e+00	55500000	-2.109997e+01	1.519041e+01	-4.960975e+00	5.340151e-01
L	-2.130216e+01	1.524644e+01	55550000	-2.134753e+01	1.522126e+01	-4.940533e+00	6.997486e-01
R	2.633489e+01	2.497196e+00	4.380195e+00	55600000	-2.159394e+01	1.526038e+01	-4.914485e+00	8.650879e-01
L	-2.173141e+01	1.528318e+01	55650000	-2.183890e+01	1.530776e+01	-4.882827e+00	1.029822e+00
R	2.688280e+01	2.559768e+00	4.805619e+00	55700000	-2.208214e+01	1.536336e+01	-4.845561e+00	1.193739e+00
L	-2.254459e+01	1.541506e+01	55750000	-2.232337e+01	1.542712e+01	-4.802702e+00	1.356629e+00
R	2.711155e+01	2.538059e+00	4.895495e+00	55800000	-2.256232e+01	1.549901e+01	-4.754270e+00	1.518281e+00
L	-2.272230e+01	1.582850e+01	55850000	-2.279871e+01	1.557893e+01	-4.700295e+00	1.678487e+00
R	2.770536e+01	2.535423e+00	5.042649e+00	55900000	-2.303227e+01	1.566683e+01	-4.640816e+00	1.837038e+00
L	-2.311841e+01	1.560790e+01	55950000	-2.326271e+01	1.576261e+01	-4.575881e+00	1.993730e+00
R	2.855218e+01	2.567498e+00	4.891026e+00	56000000	-2.348977e+01	1.586618e+01	-4.505545e+00	2.148357e+00
L	-2.375535e+01	1.608731e+01	56050000	-2.371318e+01	1.597741e+01	-4.429870e+00	2.300720e+00
R	2.897015e+01	2.561541e+00	4.756788e+00	56100000	-2.393268e+01	1.609621e+01	-4.348930e+00	2.450618e+00
L	-2.440634e+01	1.620834e+01	56150000	-2.414800e+01	1.622244e+01	-4.262803e+00	2.597855e+00
R	2.925930e+01	2.564025e+00	4.762595e+00	56200000	-2.435888e+01	1.635596e+01	-4.171577e+00	2.742240e+00
L	-2.446987e+01	1.655806e+01	56250000	-2.456508e+01	1.649662e+01	-4.075346e+00	2.883583e+00
R	2.961758e+01	2.578222e+00	4.881124e+00	56300000	-2.476634e+01	1.664427e+01	-3.974213e+00	3.021698e+00
L	-2.506689e+01	1.683637e+01	56350000	-2.496242e+01	1.679874e+01	-3.868286e+00	3.156404e+00
R	3.033227e+01	2.521196e+00	5.139557e+00	56400000	-2.515309e+01	1.695985e+01	-3.757683e+00	3.287524e+00
L	-2.533949e+01	1.701370e+01	56450000	-2.533812e+01	1.712743e+01	-3.642525e+00	3.414885e+00
R	3.030343e+01	2.558562e+00	4.931272e+00	56500000	-2.551728e+01	1.730128e+01	-3.522943e+00	3.538320e+00
L	-2.567244e+01	1.768772e+01	56550000	-2.569035e+01	1.748120e+01	-3.399073e+00	3.657667e+00
R	3.056915e+01	2.580270e+00	5.238361e+00	56600000	-2.585712e+01	1.766698e+01	-3.271057e+00	3.772766e+00
L	-2.616440e+01	1.801061e+01	56650000	-2.601739e+01	1.785841e+01	-3.139042e+00	3.883468e+00
R	3.155125e+01	2.506405e+00	4.707139e+00	56700000	-2.617096e+01	1.805526e+01	-3.003183e+00	3.989624e+00
L	-2.604350e+01	1.831155e+01	56750000	-2.631765e+01	1.825730e+01	-2.863639e+00	4.091094e+00
R	3.227821e+01	2.558854e+00	4.440891e+00	56800000	-2.645727e+01	1.846429e+01	-2.720574e+00	4.187745e+00
L	-2.636503e+01	1.891159e+01	56850000	-2.658965e+01	1.867600e+01	-2.574158e+00	4.279447e+00
R	3.284856e+01	2.502414e+00	4.822121e+00	56900000	-2.671464e+01	1.889216e+01	-2.424564e+00	4.366079e+00
L	-2.678786e+01	1.920907e+01	56950000	-2.683206e+01	1.911252e+01	-2.271971e+00	4.447525e+00
R	3.350379e+01	2.532162e+00	4.086454e+00	57000000	-2.694179e+01	1.933683e+01	-2.116563e+00	4.523676e+00
L	-2.682013e+01	1.960670e+01	57050000	-2.704368e+01	1.956481e+01	-1.958525e+00	4.594431e+00
R	3.368800e+01	2.529811e+00	4.292262e+00	57100000	-2.713760e+01	1.979619e+01	-1.798049e+00	4.659693e+00
L	-2.711125e+01	2.006031e+01	57150000	-2.722344e+01	2.003069e+01	-1.635328e+00	4.719376e+00
R	3.394883e+01	2.486475e+00	3.872684e+00	57200000	-2.730110e+01	2.026803e+01	-1.470559e+00	4.773398e+00
L	-2.741370e+01	2.065635e+01	57250000	-2.737047e+01	2.050794e+01	-1.303942e+00	4.821685e+00
R	3.429446e+01	2.490654e+00	3.809874e+00	57300000	-2.743147e+01	2.075011e+01	-1.135680e+00	4.864172e+00
L	-2.740394e+01	2.109161e+01	57350000	-2.748402e+01	2.099426e+01	-9.659771e-01	4.900798e+00
R	3.536208e+01	2.442631e+00	3.573625e+00	57400000	-2.752805e+01	2.124010e+01	-7.950405e-01	4.931514e+00
L	-2.747755e+01	2.123455e+01	57450000	-2.756350e+01	2.148732e+01	-6.230790e-01	4.956274e+00
R	3.564596e+01	2.470853e+00	3.194245e+00	57500000	-2.759034e+01	2.173563e+01	-4.503027e-01	4.975042e+00
L	-2.746305e+01	2.165402e+01	57550000	-2.760867e+01	2.198372e+01	-2.845076e-01	4.967331e+00
R	3.551839e+01	2.434109e+00	3.201689e+00	57600000	-2.761895e+01	2.223129e+01	-1.279128e-01	4.954312e+00
L	-2.756553e+01	2.259699e+01	57650000	-2.762164e+01	2.247811e+01	1.983471e-02	4.936804e+00
R	3.588772e+01	2.515683e+00	3.018967e+00	57700000	-2.761717e+01	2.272397e+01	1.591056e-01	4.915532e+00
L	-2.765724e+01	2.315261e+01	57750000	-2.760595e+01	2.296869e+01	2.902800e-01	4.891138e+00
R	3.603483e+01	2.454674e+00	1.633830e+00	57800000	-2.758837e+01	2.321214e+01	4.137415e-01	4.864185e+00
L	-2.749683e+01	2.344298e+01	57850000	-2.756482e+01	2.345419e+01	5.298722e-01	4.835168e+00
R	3.619657e+01	2.411337e+00	2.920358e+00	57900000	-2.753564e+01	2.369477e+01	6.390490e-01	4.804519e+00
L	-2.780743e+01	2.440616e+01	57950000	-2.750118e+01	2.393378e+01	7.416404e-01	4.772616e+00
R	3.693031e+01	2.430932e+00	3.072656e+00	58000000	-2.746175e+01	2.417119e+01	8.380043e-01	4.739787e+00
L	-2.737646e+01	2.427271e+01	58050000	-2.741766e+01	2.440695e+01	9.284868e-01	4.706318e+00
R	3.713547e+01	2.359519e+00	2.553191e+00	58100000	-2.736919e+01	2.464104e+01	1.013420e+00	4.672452e+00
L	-2.713689e+01	2.495368e+01	58150000	-2.731660e+01	2.487343e+01	1.093124e+00	4.638403e+00
R	3.662316e+01	2.403498e+00	2.223040e+00	58200000	-2.726016e+01	2.510414e+01	1.167901e+00	4.604349e+00
L	-2.731144e+01	2.498635e+01	58250000	-2.720011e+01	2.533315e+01	1.238042e+00	4.570444e+00
R	3.692351e+01	2.371074e+00	2.499247e+00	58300000	-2.713665e+01	2.556048e+01	1.303821e+00	4.536820e+00
L	-2.665705e+01	2.591466e+01	58350000	-2.707002e+01	2.578615e+01	1.365499e+00	4.503584e+00
R	3.725420e+01	2.362241e+00	2.401351e+00	58400000	-2.700040e+01	2.601017e+01	1.423324e+00	4.470827e+00
L	-2.683591e+01	2.629122e+01	58450000	-2.692798e+01	2.623258e+01	1.477527e+00	4.438625e+00
R	3.776577e+01	2.399668e+00	2.674826e+00	58500000	-2.685294e+01	2.645340e+01	1.528329e+00	4.407039e+00
L	-2.677400e+01	2.669649e+01	58550000	-2.677544e+01	2.667267e+01	1.575936e+00	4.376116e+00
R	3.804264e+01	2.338695e+00	1.284648e+00	58600000	-2.669564e+01	2.689042e+01	1.620545e+00	4.345896e+00
L	-2.653962e+01	2.699664e+01	58650000	-2.661368e+01	2.710668e+01	1.662339e+00	4.316406e+00
R	3.847764e+01	2.346965e+00	2.339997e+00	58700000	-2.652970e+01	2.732149e+01	1.701489e+00	4.287669e+00
L	-2.657245e+01	2.770457e+01	58750000	-2.644382e+01	2.753489e+01	1.738159e+00	4.259698e+00
R	3.777981e+01	2.358624e+00	1.776851e+00	58800000	-2.635616e+01	2.774692e+01	1.772500e+00	4.232502e+00
L	-2.612623e+01	2.790390e+01	58850000	-2.626685e+01	2.795761e+01	1.804656e+00	4.206083e+00
R	3.865682e+01	2.334652e+00	1.928214e+00	58900000	-2.617598e+01	2.816701e+01	1.834761e+00	4.180442e+00
L	-2.601725e+01	2.862722e+01	58950000	-2.608365e+01	2.837516e+01	1.862940e+00	4.155572e+00
R	3.846337e+01	2.350833e+00	1.679413e+00	59000000	-2.598995e+01	2.858208e+01	1.889313e+00	4.131467e+00
L	-2.571394e+01	2.913878e+01	59050000	-2.589498e+01	2.878782e+01	1.913990e+00	4.108116e+00
R	3.856952e+01	2.233293e+00	1.813515e+00	59100000	-2.579882e+01	2.899242e+01	1.937075e+00	4.085507e+00
L	-2.580529e+01	2.911695e+01	59150000	-2.570154e+01	2.919592e+01	1.958665e+00	4.063626e+00
R	3.888566e+01	2.271290e+00	2.178115e+00	59200000	-2.560321e+01	2.939834e+01	1.978852e+00	4.042457e+00
L	-2.533510e+01	2.977359e+01	59250000	-2.550390e+01	2.959973e+01	1.997723e+00	4.021984e+00
R	3.985222e+01	2.253599e+00	9.892364e-01	59300000	-2.540369e+01	2.980011e+01	2.015357e+00	4.002190e+00
L	-2.499908e+01	3.003710e+01	59350000	-2.530261e+01	2.999953e+01	2.031830e+00	3.983056e+00
R	3.931518e+01	2.212145e+00	1.326690e+00	59400000	-2.520075e+01	3.019801e+01	2.047213e+00	3.964564e+00
L	-2.499435e+01	3.037411e+01	59450000	-2.509813e+01	3.039559e+01	2.061572e+00	3.946696e+00
R	3.885894e+01	2.227621e+00	2.044828e+00	59500000	-2.499482e+01	3.059229e+01	2.074971e+00	3.929433e+00
L	-2.469906e+01	3.082027e+01	59550000	-2.489087e+01	3.078815e+01	2.087467e+00	3.912755e+00
R	4.052789e+01	2.276334e+00	2.274561e+00	59600000	-2.478630e+01	3.098319e+01	2.099115e+00	3.896644e+00
L	-2.448118e+01	3.130213e+01	59650000	-2.468118e+01	3.117745e+01	2.109968e+00	3.881082e+00
R	3.944912e+01	2.187313e+00	1.513560e+00	59700000	-2.457553e+01	3.137094e+01	2.120073e+00	3.866050e+00
L	-2.443063e+01	3.156386e+01	59750000	-2.446939e+01	3.156370e+01	2.129476e+00	3.851529e+00
R	4.013707e+01	2.224610e+00	1.886499e+00	59800000	-2.436279e+01	3.175575e+01	2.138220e+00	3.837503e+00
L	-2.410764e+01	3.194831e+01	59850000	-2.425577e+01	3.194712e+01	2.146345e+00	3.823954e+00
R	4.011289e+01	2.136554e+00	2.014433e+00	59900000	-2.414836e+01	3.213782e+01	2.153888e+00	3.810865e+00
L	-2.415658e+01	3.219151e+01	59950000	-2.404058e+01	3.232788e+01	2.160886e+00	3.798219e+00
R	4.063529e+01	2.232825e+00	1.968450e+00	60000000	-2.393247e+01	3.251733e+01	2.167371e+00	3.786000e+00
L	-2.368109e+01	3.254207e+01	60050000	-2.382404e+01	3.270618e+01	2.173375e+00	3.774193e+00
R	4.048320e+01	2.178946e+00	2.296937e+00	60100000	-2.371532e+01	3.289445e+01	2.178928e+00	3.762782e+00
L	-2.347676e+01	3.304557e+01	60150000	-2.360633e+01	3.308216e+01	2.184056e+00	3.751754e+00
R	4.098280e+01	2.196958e+00	1.757868e+00	60200000	-2.349710e+01	3.326933e+01	2.188786e+00	3.741093e+00
L	-2.331760e+01	3.358357e+01	60250000	-2.338763e+01	3.345599e+01	2.193142e+00	3.730786e+00
R	4.086770e+01	2.138570e+00	1.915971e+00	60300000	-2.327796e+01	3.364214e+01	2.197148e+00	3.720820e+00
L	-2.320770e+01	3.365599e+01	60350000	-2.316809e+01	3.382780e+01	2.200824e+00	3.711182e+00
R	4.086159e+01	2.159065e+00	1.835436e+00	60400000	-2.305805e+01	3.401299e+01	2.204192e+00	3.701860e+00
L	-2.286359e+01	3.416585e+01	60450000	-2.294784e+01	3.419772e+01	2.207270e+00	3.692841e+00
R	4.141055e+01	2.145907e+00	2.009698e+00	60500000	-2.283748e+01	3.438202e+01	2.210077e+00	3.684115e+00
L	-2.266653e+01	3.465126e+01	60550000	-2.272699e+01	3.456588e+01	2.212630e+00	3.675671e+00
R	4.189217e+01	2.139279e+00	1.387607e+00	60600000	-2.261638e+01	3.474934e+01	2.214944e+00	3.667497e+00
L	-2.251733e+01	3.505381e+01	60650000	-2.250565e+01	3.493239e+01	2.217034e+00	3.659584e+00
R	4.165596e+01	2.148059e+00	1.369112e+00	60700000	-2.239482e+01	3.511506e+01	2.218915e+00	3.651921e+00
L	-2.240903e+01	3.537816e+01	60750000	-2.228391e+01	3.529736e+01	2.220600e+00	3.644501e+00
R	4.207133e+01	2.106849e+00	2.016954e+00	60800000	-2.217291e+01	3.547929e+01	2.222101e+00	3.637312e+00
L	-2.216849e+01	3.548800e+01	60850000	-2.206184e+01	3.566087e+01	2.223431e+00	3.630348e+00
R	4.205094e+01	2.126815e+00	2.047220e+00	60900000	-2.195071e+01	3.584211e+01	2.224599e+00	3.623599e+00
L	-2.173001e+01	3.627458e+01	60950000	-2.183952e+01	3.602302e+01	2.225618e+00	3.617058e+00
R	4.250807e+01	2.100515e+00	2.232080e+00	61000000	-2.172828e+01	3.620361e+01	2.226496e+00	3.610716e+00
L	-2.183713e+01	3.639899e+01	61050000	-2.161700e+01	3.638388e+01	2.227243e+00	3.604568e+00
R	4.273550e+01	2.122845e+00	2.220847e+00	61100000	-2.150568e+01	3.656386e+01	2.227867e+00	3.598604e+00
L	-2.110783e+01	3.663244e+01	61150000	-2.139434e+01	3.674355e+01	2.228378e+00	3.592820e+00
R	4.285614e+01	2.090894e+00	2.329233e+00	61200000	-2.128297e+01	3.692295e+01	2.228781e+00	3.587207e+00
L	-2.115394e+01	3.721940e+01	61250000	-2.117158e+01	3.710208e+01	2.229086e+00	3.581761e+00
R	4.328225e+01	2.103938e+00	1.954536e+00	61300000	-2.106018e+01	3.728095e+01	2.229298e+00	3.576475e+00
L	-2.100392e+01	3.735544e+01	61350000	-2.094877e+01	3.745955e+01	2.229424e+00	3.571343e+00
R	4.333244e+01	2.115789e+00	1.966966e+00	61400000	-2.083735e+01	3.763790e+01	2.229470e+00	3.566360e+00
L	-2.099734e+01	3.772099e+01	61450000	-2.072593e+01	3.781601e+01	2.229442e+00	3.561521e+00
R	4.335627e+01	2.039517e+00	1.475570e+00	61500000	-2.061452e+01	3.799389e+01	2.229345e+00	3.556820e+00
L	-2.056977e+01	3.786550e+01	61550000	-2.050311e+01	3.817153e+01	2.229184e+00	3.552253e+00
R	4.353107e+01	2.047481e+00	2.104090e+00	61600000	-2.039170e+01	3.834895e+01	2.228964e+00	3.547814e+00
L	-2.008581e+01	3.838996e+01	61650000	-2.028031e+01	3.852615e+01	2.228690e+00	3.543501e+00
R	4.299872e+01	2.050345e+00	2.249581e+00	61700000	-2.016894e+01	3.870314e+01	2.228365e+00	3.539308e+00
L	-2.027201e+01	3.882466e+01	61750000	-2.005758e+01	3.887993e+01	2.227994e+00	3.535231e+00
R	4.375087e+01	2.043803e+00	1.947082e+00	61800000	-1.994623e+01	3.905652e+01	2.227580e+00	3.531266e+00
L	-1.943539e+01	3.919354e+01	61850000	-1.983491e+01	3.923291e+01	2.227126e+00	3.527409e+00
R	4.412521e+01	2.020288e+00	1.361561e+00	61900000	-1.972361e+01	3.940911e+01	2.226637e+00	3.523658e+00
L	-1.940521e+01	3.911161e+01	61950000	-1.961234e+01	3.958513e+01	2.226114e+00	3.520008e+00
R	4.469280e+01	1.987139e+00	1.769476e+00	62000000	-1.950109e+01	3.976098e+01	2.225562e+00	3.516456e+00
L	-1.940621e+01	4.026603e+01	62050000	-1.938987e+01	3.993664e+01	2.224982e+00	3.512998e+00
R	4.460039e+01	2.013082e+00	1.969363e+00	62100000	-1.927868e+01	4.011214e+01	2.224378e+00	3.509633e+00
L	-1.906991e+01	4.023196e+01	62150000	-1.916752e+01	4.028748e+01	2.223751e+00	3.506356e+00
R	4.493966e+01	1.952041e+00	2.380597e+00	62200000	-1.905639e+01	4.046265e+01	2.223104e+00	3.503165e+00
L	-1.889759e+01	4.043363e+01	62250000	-1.894529e+01	4.063767e+01	2.222439e+00	3.500057e+00
R	4.463897e+01	1.998736e+00	2.098326e+00	62300000	-1.883422e+01	4.081253e+01	2.221758e+00	3.497029e+00
L	-1.867969e+01	4.077205e+01	62350000	-1.872319e+01	4.098725e+01	2.221062e+00	3.494080e+00
R	4.490884e+01	2.058875e+00	2.013596e+00	62400000	-1.861219e+01	4.116182e+01	2.220354e+00	3.491206e+00
L	-1.856515e+01	4.130969e+01	62450000	-1.850123e+01	4.133626e+01	2.219636e+00	3.488405e+00
R	4.531832e+01	2.024044e+00	2.116490e+00	62500000	-1.839030e+01	4.151055e+01	2.218907e+00	3.485675e+00
L	-1.815117e+01	4.155640e+01	62550000	-1.827941e+01	4.168471e+01	2.218171e+00	3.483014e+00
R	4.586361e+01	1.973880e+00	2.257337e+00	62600000	-1.816856e+01	4.185874e+01	2.217429e+00	3.480419e+00
L	-1.807103e+01	4.211519e+01	62650000	-1.805774e+01	4.203265e+01	2.216680e+00	3.477889e+00
R	4.550563e+01	1.943739e+00	2.942338e+00	62700000	-1.794696e+01	4.220643e+01	2.215928e+00	3.475422e+00
L	-1.776024e+01	4.232596e+01	62750000	-1.783621e+01	4.238009e+01	2.215172e+00	3.473016e+00
R	4.629040e+01	1.963680e+00	1.676925e+00	62800000	-1.772550e+01	4.255363e+01	2.214415e+00	3.470669e+00
L	-1.759063e+01	4.270878e+01	62850000	-1.761483e+01	4.272706e+01	2.213656e+00	3.468379e+00
R	4.643873e+01	1.934955e+00	2.307152e+00	62900000	-1.750420e+01	4.290037e+01	2.212896e+00	3.466144e+00
L	-1.722229e+01	4.305095e+01	62950000	-1.739361e+01	4.307358e+01	2.212137e+00	3.463964e+00
R	4.644361e+01	1.961943e+00	2.275738e+00	63000000	-1.728305e+01	4.324668e+01	2.211380e+00	3.461836e+00
L	-1.701235e+01	4.339349e+01	63050000	-1.717253e+01	4.341967e+01	2.210624e+00	3.459759e+00
R	4.692167e+01	1.922741e+00	2.040103e+00	63100000	-1.706204e+01	4.359256e+01	2.209870e+00	3.457732e+00
L	-1.684370e+01	4.380466e+01	63150000	-1.695160e+01	4.376536e+01	2.209120e+00	3.455752e+00
R	4.724628e+01	1.958919e+00	1.993870e+00	63200000	-1.684119e+01	4.393805e+01	2.208373e+00	3.453820e+00
L	-1.671284e+01	4.380978e+01	63250000	-1.673081e+01	4.411066e+01	2.207631e+00	3.451933e+00
R	4.745527e+01	1.897281e+00	2.594793e+00	63300000	-1.662048e+01	4.428316e+01	2.206893e+00	3.450090e+00
L	-1.640128e+01	4.437466e+01	63350000	-1.651017e+01	4.445558e+01	2.206161e+00	3.448290e+00
R	4.753894e+01	1.959628e+00	1.978130e+00	63400000	-1.639991e+01	4.462791e+01	2.205433e+00	3.446532e+00
L	-1.619314e+01	4.481792e+01	63450000	-1.628968e+01	4.480016e+01	2.204712e+00	3.444815e+00
R	4.807864e+01	1.866588e+00	2.494802e+00	63500000	-1.617949e+01	4.497232e+01	2.203997e+00	3.443137e+00
L	-1.590370e+01	4.534827e+01	63550000	-1.606933e+01	4.514440e+01	2.203288e+00	3.441498e+00
R	4.781371e+01	1.901019e+00	3.065350e+00	63600000	-1.595921e+01	4.531640e+01	2.202586e+00	3.439897e+00
L	-1.606209e+01	4.548146e+01	63650000	-1.584912e+01	4.548832e+01	2.201891e+00	3.438332e+00
R	4.834990e+01	1.907990e+00	2.251580e+00	63700000	-1.573906e+01	4.566016e+01	2.201203e+00	3.436803e+00
L	-1.548437e+01	4.596521e+01	63750000	-1.562904e+01	4.583193e+01	2.200522e+00	3.435308e+00
R	4.909558e+01	1.872363e+00	2.406016e+00	63800000	-1.551905e+01	4.600363e+01	2.199849e+00	3.433847e+00
L	-1.524461e+01	4.644755e+01	63850000	-1.540910e+01	4.617525e+01	2.199184e+00	3.432419e+00
R	4.880368e+01	1.843795e+00	2.504113e+00	63900000	-1.529918e+01	4.634680e+01	2.198527e+00	3.431023e+00
L	-1.504458e+01	4.662000e+01	63950000	-1.518929e+01	4.651829e+01	2.197877e+00	3.429658e+00
R	4.939831e+01	1.940940e+00	2.457700e+00	64000000	-1.507943e+01	4.668971e+01	2.197236e+00	3.428323e+00
L	-1.510527e+01	4.668065e+01	64050000	-1.496960e+01	4.686106e+01	2.196603e+00	3.427019e+00
R	4.928715e+01	1.907392e+00	3.123153e+00	64100000	-1.485981e+01	4.703235e+01	2.195978e+00	3.425743e+00
L	-1.471723e+01	4.720579e+01	64150000	-1.475004e+01	4.720358e+01	2.195361e+00	3.424495e+00
R	4.954546e+01	1.907310e+00	2.394047e+00	64200000	-1.464031e+01	4.737474e+01	2.194753e+00	3.423275e+00
L	-1.454634e+01	4.753424e+01	64250000	-1.453060e+01	4.754585e+01	2.194153e+00	3.422082e+00
R	4.984027e+01	1.918534e+00	2.372456e+00	64300000	-1.442093e+01	4.771690e+01	2.193562e+00	3.420914e+00
L	-1.394299e+01	4.778959e+01	64350000	-1.431128e+01	4.788789e+01	2.192979e+00	3.419773e+00
R	4.986710e+01	1.838299e+00	2.851816e+00	64400000	-1.420166e+01	4.805882e+01	2.192404e+00	3.418656e+00
L	-1.409419e+01	4.839788e+01	64450000	-1.409207e+01	4.822970e+01	2.191838e+00	3.417564e+00
R	5.013267e+01	1.801835e+00	2.562820e+00	64500000	-1.398251e+01	4.840053e+01	2.191280e+00	3.416495e+00
L	-1.383101e+01	4.835084e+01	64550000	-1.387298e+01	4.857130e+01	2.190731e+00	3.415449e+00
R	5.061603e+01	1.862072e+00	2.448760e+00	64600000	-1.376347e+01	4.874202e+01	2.190190e+00	3.414426e+00
L	-1.377759e+01	4.874842e+01	64650000	-1.365399e+01	4.891270e+01	2.189657e+00	3.413425e+00
R	5.087481e+01	1.853735e+00	3.531440e+00	64700000	-1.354453e+01	4.908332e+01	2.189133e+00	3.412446e+00
L	-1.326032e+01	4.906464e+01	64750000	-1.343510e+01	4.925389e+01	2.188616e+00	3.411488e+00
R	5.072829e+01	1.830843e+00	3.194944e+00	64800000	-1.332570e+01	4.942442e+01	2.188108e+00	3.410550e+00
L	-1.311775e+01	4.951581e+01	64850000	-1.321632e+01	4.959491e+01	2.187609e+00	3.409632e+00
R	5.176292e+01	1.869644e+00	3.177808e+00	64900000	-1.310697e+01	4.976534e+01	2.187117e+00	3.408734e+00
L	-1.315760e+01	5.000135e+01	64950000	-1.299764e+01	4.993574e+01	2.186633e+00	3.407855e+00
R	5.135276e+01	1.798396e+00	2.371409e+00	65000000	-1.288833e+01	5.010609e+01	2.186157e+00	3.406994e+00
L	-1.281834e+01	5.006099e+01	65050000	-1.277905e+01	5.027640e+01	2.185689e+00	3.406152e+00
R	5.224583e+01	1.816489e+00	2.511124e+00	65100000	-1.266979e+01	5.044666e+01	2.185229e+00	3.405328e+00
L	-1.248773e+01	5.084650e+01	65150000	-1.256055e+01	5.061689e+01	2.184777e+00	3.404521e+00
R	5.239475e+01	1.793712e+00	2.700550e+00	65200000	-1.245133e+01	5.078708e+01	2.184332e+00	3.403731e+00
L	-1.235776e+01	5.085200e+01	65250000	-1.234214e+01	5.095723e+01	2.183895e+00	3.402958e+00
R	5.205691e+01	1.794291e+00	3.173540e+00	65300000	-1.223297e+01	5.112734e+01	2.183465e+00	3.402201e+00
L	-1.224790e+01	5.100786e+01	65350000	-1.212382e+01	5.129741e+01	2.183043e+00	3.401460e+00
R	5.282458e+01	1.833216e+00	2.298790e+00	65400000	-1.201469e+01	5.146745e+01	2.182627e+00	3.400735e+00
L	-1.187707e+01	5.169917e+01	65450000	-1.190558e+01	5.163745e+01	2.182220e+00	3.400025e+00
R	5.329453e+01	1.811391e+00	3.012535e+00	65500000	-1.179649e+01	5.180742e+01	2.181819e+00	3.399330e+00
L	-1.192501e+01	5.206976e+01	65550000	-1.168742e+01	5.197735e+01	2.181425e+00	3.398649e+00
R	5.383042e+01	1.782634e+00	2.955878e+00	65600000	-1.157836e+01	5.214725e+01	2.181038e+00	3.397982e+00
L	-1.162149e+01	5.251256e+01	65650000	-1.146933e+01	5.231712e+01	2.180659e+00	3.397330e+00
R	5.351678e+01	1.833434e+00	2.744613e+00	65700000	-1.136032e+01	5.248695e+01	2.180285e+00	3.396690e+00
L	-1.114966e+01	5.257674e+01	65750000	-1.125132e+01	5.265675e+01	2.179919e+00	3.396065e+00
R	5.455216e+01	1.719509e+00	2.983325e+00	65800000	-1.114235e+01	5.282653e+01	2.179559e+00	3.395452e+00
L	-1.134530e+01	5.281555e+01	65850000	-1.103339e+01	5.299627e+01	2.179206e+00	3.394852e+00
R	5.484435e+01	1.800694e+00	2.283093e+00	65900000	-1.092444e+01	5.316598e+01	2.178859e+00	3.394264e+00
L	-1.081642e+01	5.324272e+01	65950000	-1.081552e+01	5.333567e+01	2.178518e+00	3.393689e+00
R	5.473697e+01	1.823804e+00	3.095945e+00	66000000	-1.070661e+01	5.350533e+01	2.178183e+00	3.393125e+00
L	-1.053252e+01	5.375116e+01	66050000	-1.059772e+01	5.367495e+01	2.177855e+00	3.392573e+00
R	5.452890e+01	1.784220e+00	3.189425e+00	66100000	-1.048884e+01	5.384456e+01	2.177532e+00	3.392033e+00
L	-1.047183e+01	5.391776e+01	66150000	-1.037998e+01	5.401413e+01	2.177216e+00	3.391503e+00
R	5.558359e+01	1.764409e+00	2.585022e+00	66200000	-1.027114e+01	5.418368e+01	2.176905e+00	3.390985e+00
L	-1.022592e+01	5.428458e+01	66250000	-1.016231e+01	5.435321e+01	2.176600e+00	3.390477e+00
R	5.542249e+01	1.750958e+00	2.864359e+00	66300000	-1.005349e+01	5.452271e+01	2.176301e+00	3.389980e+00
L	-9.693603e+00	5.481702e+01	66350000	-9.944694e+00	5.469218e+01	2.176007e+00	3.389493e+00
R	5.618127e+01	1.697358e+00	2.985216e+00	66400000	-9.835908e+00	5.486163e+01	2.175719e+00	3.389016e+00
L	-9.550921e+00	5.513987e+01	66450000	-9.727137e+00	5.503106e+01	2.175436e+00	3.388548e+00
R	5.582837e+01	1.720630e+00	3.252421e+00	66500000	-9.618380e+00	5.520046e+01	2.175159e+00	3.388090e+00
L	-9.541513e+00	5.546709e+01	66550000	-9.509636e+00	5.536985e+01	2.174886e+00	3.387642e+00
R	5.637620e+01	1.734944e+00	3.012915e+00	66600000	-9.400906e+00	5.553921e+01	2.174619e+00	3.387203e+00
L	-9.416629e+00	5.596372e+01	66650000	-9.292188e+00	5.570855e+01	2.174357e+00	3.386773e+00
R	5.679194e+01	1.775669e+00	2.830183e+00	66700000	-9.183484e+00	5.587786e+01	2.174099e+00	3.386351e+00
L	-9.155872e+00	5.599927e+01	66750000	-9.074792e+00	5.604716e+01	2.173847e+00	3.385938e+00
R	5.666849e+01	1.749302e+00	3.214684e+00	66800000	-8.966112e+00	5.621644e+01	2.173599e+00	3.385534e+00
L	-8.934415e+00	5.633775e+01	66850000	-8.857445e+00	5.638570e+01	2.173356e+00	3.385138e+00
R	5.734061e+01	1.701698e+00	2.889945e+00	66900000	-8.748789e+00	5.655493e+01	2.173118e+00	3.384750e+00
L	-8.406072e+00	5.661217e+01	66950000	-8.640146e+00	5.672415e+01	2.172884e+00	3.384370e+00
R	5.737443e+01	1.794785e+00	2.386467e+00	67000000	-8.531513e+00	5.689335e+01	2.172655e+00	3.383997e+00
L	-8.600548e+00	5.733213e+01	67050000	-8.422892e+00	5.706253e+01	2.172430e+00	3.383633e+00
R	5.770960e+01	1.730056e+00	3.671739e+00	67100000	-8.314282e+00	5.723170e+01	2.172209e+00	3.383275e+00
L	-8.313238e+00	5.731212e+01	67150000	-8.205683e+00	5.740084e+01	2.171993e+00	3.382925e+00
R	5.825984e+01	1.708253e+00	2.889656e+00	67200000	-8.097094e+00	5.756997e+01	2.171780e+00	3.382582e+00
L	-8.008514e+00	5.753987e+01	67250000	-7.988515e+00	5.773909e+01	2.171572e+00	3.382246e+00
R	5.858158e+01	1.731077e+00	3.009824e+00	67300000	-7.879947e+00	5.790818e+01	2.171368e+00	3.381917e+00
L	-7.804961e+00	5.815958e+01	67350000	-7.771389e+00	5.807726e+01	2.171168e+00	3.381594e+00
R	5.858675e+01	1.692360e+00	3.048720e+00	67400000	-7.662841e+00	5.824633e+01	2.170971e+00	3.381278e+00
L	-7.333500e+00	5.840799e+01	67450000	-7.554302e+00	5.841537e+01	2.170779e+00	3.380969e+00
R	5.902155e+01	1.692289e+00	2.964880e+00	67500000	-7.445773e+00	5.858441e+01	2.170590e+00	3.380666e+00
L	-7.482117e+00	5.861564e+01	67550000	-7.337380e+00	5.875351e+01	2.165332e+00	3.383620e+00
R	5.962277e+01	1.675805e+00	3.129661e+00	67600000	-7.229370e+00	5.892283e+01	2.155245e+00	3.389647e+00
L	-7.193420e+00	5.889334e+01	67650000	-7.121979e+00	5.909253e+01	2.140546e+00	3.398551e+00
R	5.953711e+01	1.730535e+00	3.012718e+00	67700000	-7.015434e+00	5.926274e+01	2.121430e+00	3.410128e+00
L	-7.011406e+00	5.936941e+01	67750000	-6.909950e+00	5.943359e+01	2.098073e+00	3.424170e+00
R	5.989209e+01	1.691339e+00	3.059858e+00	67800000	-6.805736e+00	5.960520e+01	2.070634e+00	3.440462e+00
L	-6.717632e+00	5.970404e+01	67850000	-6.702992e+00	5.977768e+01	2.039259e+00	3.458791e+00
R	6.042078e+01	1.689814e+00	3.302175e+00	67900000	-6.601912e+00	5.995112e+01	2.004082e+00	3.478941e+00
L	-6.407712e+00	6.011071e+01	67950000	-6.502682e+00	6.012560e+01	1.965226e+00	3.500695e+00
R	6.100435e+01	1.690610e+00	3.747370e+00	68000000	-6.405483e+00	6.030121e+01	1.922807e+00	3.523841e+00
L	-6.322448e+00	6.051883e+01	68050000	-6.310492e+00	6.047801e+01	1.876931e+00	3.548164e+00
R	6.076926e+01	1.673419e+00	3.613854e+00	68100000	-6.217878e+00	6.065604e+01	1.827703e+00	3.573457e+00
L	-6.182631e+00	6.105919e+01	68150000	-6.127806e+00	6.083537e+01	1.775219e+00	3.599511e+00
R	6.132197e+01	1.716968e+00	3.124440e+00	68200000	-6.040438e+00	6.101600e+01	1.719575e+00	3.626126e+00
L	-5.997457e+00	6.112353e+01	68250000	-5.955928e+00	6.119798e+01	1.660862e+00	3.653101e+00
R	6.196497e+01	1.685473e+00	3.488228e+00	68300000	-5.874428e+00	6.138132e+01	1.599171e+00	3.680242e+00
L	-5.864454e+00	6.156198e+01	68350000	-5.796084e+00	6.156600e+01	1.534592e+00	3.707361e+00
R	6.223387e+01	1.688250e+00	3.565113e+00	68400000	-5.721039e+00	6.175204e+01	1.467214e+00	3.734272e+00
L	-5.716493e+00	6.195473e+01	68450000	-5.649431e+00	6.193942e+01	1.397125e+00	3.760797e+00
R	6.241709e+01	1.667969e+00	3.517020e+00	68500000	-5.581392e+00	6.212811e+01	1.324415e+00	3.786761e+00
L	-5.255982e+00	6.222376e+01	68550000	-5.517052e+00	6.231808e+01	1.249176e+00	3.811997e+00
R	6.320073e+01	1.699677e+00	4.004068e+00	68600000	-5.456535e+00	6.250929e+01	1.171498e+00	3.836342e+00
L	-5.118851e+00	6.278507e+01	68650000	-5.399961e+00	6.270169e+01	1.091475e+00	3.859638e+00
R	6.302714e+01	1.639922e+00	3.580963e+00	68700000	-5.347443e+00	6.289523e+01	1.009201e+00	3.881736e+00
L	-5.173492e+00	6.286774e+01	68750000	-5.299093e+00	6.308983e+01	9.247722e-01	3.902490e+00
R	6.307654e+01	1.699617e+00	4.142804e+00	68800000	-5.255016e+00	6.328544e+01	8.382874e-01	3.921761e+00
L	-5.153163e+00	6.362048e+01	68850000	-5.215312e+00	6.348198e+01	7.498462e-01	3.939417e+00
R	6.412198e+01	1.646358e+00	3.448242e+00	68900000	-5.180077e+00	6.367935e+01	6.595503e-01	3.955330e+00
L	-4.956937e+00	6.394440e+01	68950000	-5.149400e+00	6.387747e+01	5.675032e-01	3.969382e+00
R	6.386788e+01	1.654853e+00	3.790409e+00	69000000	-5.123367e+00	6.407625e+01	4.738104e-01	3.981456e+00
L	-5.119361e+00	6.422638e+01	69050000	-5.102056e+00	6.427557e+01	3.785790e-01	3.991445e+00
R	6.484096e+01	1.643257e+00	3.618211e+00	69100000	-5.085544e+00	6.447535e+01	2.819178e-01	3.999247e+00
L	-4.972946e+00	6.474832e+01	69150000	-5.073897e+00	6.467545e+01	1.839371e-01	4.004766e+00
R	6.464563e+01	1.661018e+00	4.255431e+00	69200000	-5.067180e+00	6.487577e+01	8.474889e-02	4.007912e+00
L	-5.088324e+00	6.510434e+01	69250000	-5.065449e+00	6.507619e+01	-1.553361e-02	4.008602e+00
R	6.524378e+01	1.595789e+00	4.160324e+00	69300000	-5.068758e+00	6.527658e+01	-1.167959e-01	4.006758e+00
L	-5.090334e+00	6.554126e+01	69350000	-5.077151e+00	6.547682e+01	-2.189224e-01	4.002307e+00
R	6.580332e+01	1.640342e+00	4.056795e+00	69400000	-5.090670e+00	6.567676e+01	-3.217965e-01	3.995186e+00
L	-5.118846e+00	6.600622e+01	69450000	-5.109348e+00	6.587628e+01	-4.253006e-01	3.985333e+00
R	6.614717e+01	1.604996e+00	4.044992e+00	69500000	-5.133214e+00	6.607524e+01	-5.293169e-01	3.972695e+00
L	-5.357772e+00	6.589340e+01	69550000	-5.162291e+00	6.627349e+01	-6.337264e-01	3.957224e+00
R	6.634469e+01	1.635658e+00	3.745664e+00	69600000	-5.196596e+00	6.647090e+01	-7.384102e-01	3.938878e+00
L	-5.466640e+00	6.663363e+01	69650000	-5.236139e+00	6.666733e+01	-8.432490e-01	3.917619e+00
R	6.743577e+01	1.674497e+00	3.958452e+00	69700000	-5.280926e+00	6.686261e+01	-9.481233e-01	3.893416e+00
L	-5.192786e+00	6.699055e+01	69750000	-5.330954e+00	6.705661e+01	-1.052914e+00	3.866245e+00
R	6.719993e+01	1.671073e+00	3.591177e+00	69800000	-5.386216e+00	6.724918e+01	-1.157501e+00	3.836083e+00
L	-5.396599e+00	6.743631e+01	69850000	-5.446701e+00	6.744016e+01	-1.261767e+00	3.802917e+00
R	6.774487e+01	1.638383e+00	4.206392e+00	69900000	-5.512388e+00	6.762941e+01	-1.365593e+00	3.766737e+00
L	-5.821657e+00	6.785712e+01	69950000	-5.583253e+00	6.781677e+01	-1.468862e+00	3.727537e+00
R	6.815062e+01	1.631584e+00	3.814634e+00	70000000	-5.659264e+00	6.800210e+01	-1.571456e+00	3.685318e+00
L	-5.693016e+00	6.817626e+01	70050000	-5.740386e+00	6.818525e+01	-1.673259e+00	3.640086e+00
R	6.868741e+01	1.698262e+00	3.549265e+00	70100000	-5.826576e+00	6.836606e+01	-1.774158e+00	3.591850e+00
L	-5.855093e+00	6.828359e+01	70150000	-5.917785e+00	6.854438e+01	-1.874037e+00	3.540625e+00
R	6.911980e+01	1.602080e+00	3.834553e+00	70200000	-6.013961e+00	6.872006e+01	-1.972786e+00	3.486430e+00
L	-6.186319e+00	6.891758e+01	70250000	-6.115043e+00	6.889296e+01	-2.070292e+00	3.429290e+00
R	6.890591e+01	1.661351e+00	3.797209e+00	70300000	-6.220967e+00	6.906294e+01	-2.166447e+00	3.369231e+00
L	-6.238686e+00	6.922725e+01	70350000	-6.331663e+00	6.922983e+01	-2.261143e+00	3.306288e+00
R	6.969041e+01	1.697799e+00	3.665185e+00	70400000	-6.447054e+00	6.939351e+01	-2.354274e+00	3.240496e+00
L	-6.660776e+00	6.946686e+01	70450000	-6.567061e+00	6.955383e+01	-2.445737e+00	3.171896e+00
R	6.982712e+01	1.665425e+00	2.980410e+00	70500000	-6.691597e+00	6.971065e+01	-2.535428e+00	3.100533e+00
L	-7.144327e+00	6.983109e+01	70550000	-6.820571e+00	6.986383e+01	-2.623250e+00	3.026455e+00
R	7.043360e+01	1.675387e+00	3.528525e+00	70600000	-6.953888e+00	7.001324e+01	-2.709103e+00	2.949714e+00
L	-7.285321e+00	7.008178e+01	70650000	-7.091445e+00	7.015876e+01	-2.792892e+00	2.870366e+00
R	7.023863e+01	1.680700e+00	3.036656e+00	70700000	-7.233139e+00	7.030023e+01	-2.874526e+00	2.788469e+00
L	-7.450982e+00	7.044377e+01	70750000	-7.378858e+00	7.043756e+01	-2.953913e+00	2.704088e+00
R	7.075897e+01	1.646414e+00	3.398191e+00	70800000	-7.528489e+00	7.057060e+01	-3.030965e+00	2.617286e+00
L	-7.560360e+00	7.067162e+01	70850000	-7.681912e+00	7.069924e+01	-3.105598e+00	2.528134e+00
R	7.079344e+01	1.674603e+00	2.943776e+00	70900000	-7.839005e+00	7.082337e+01	-3.177728e+00	2.436702e+00
L	-7.974157e+00	7.109424e+01	70950000	-7.999639e+00	7.094287e+01	-3.247277e+00	2.343066e+00
R	7.189312e+01	1.682647e+00	2.470462e+00	71000000	-8.163685e+00	7.105764e+01	-3.314166e+00	2.247303e+00
L	-8.405167e+00	7.110554e+01	71050000	-8.331008e+00	7.116756e+01	-3.378323e+00	2.149492e+00
R	7.204916e+01	1.676792e+00	1.938456e+00	71100000	-8.501468e+00	7.127255e+01	-3.439677e+00	2.049717e+00
L	-8.605180e+00	7.135766e+01	71150000	-8.674925e+00	7.137250e+01	-3.498159e+00	1.948063e+00
R	7.187319e+01	1.635114e+00	2.618435e+00	71200000	-8.851232e+00	7.146732e+01	-3.553704e+00	1.844616e+00
L	-8.925790e+00	7.138640e+01	71250000	-9.030242e+00	7.155693e+01	-3.606251e+00	1.739467e+00
R	7.227658e+01	1.666165e+00	1.677418e+00	71300000	-9.211803e+00	7.164124e+01	-3.655742e+00	1.632706e+00
L	-9.710567e+00	7.183707e+01	71350000	-9.395761e+00	7.172017e+01	-3.702121e+00	1.524426e+00
R	7.269424e+01	1.694182e+00	1.879816e+00	71400000	-9.581960e+00	7.179366e+01	-3.745336e+00	1.414724e+00
L	-9.506998e+00	7.174831e+01	71450000	-9.770238e+00	7.186162e+01	-3.785338e+00	1.303695e+00
R	7.225499e+01	1.712233e+00	1.869324e+00	71500000	-9.960436e+00	7.192400e+01	-3.822082e+00	1.191438e+00
L	-1.019692e+01	7.176683e+01	71550000	-1.015239e+01	7.198074e+01	-3.855526e+00	1.078053e+00
R	7.254083e+01	1.734001e+00	1.720702e+00	71600000	-1.034593e+01	7.203179e+01	-3.885631e+00	9.636404e-01
L	-1.079150e+01	7.189370e+01	71650000	-1.054089e+01	7.207709e+01	-3.912362e+00	8.483034e-01
R	7.261598e+01	1.717833e+00	1.965786e+00	71700000	-1.073711e+01	7.211661e+01	-3.935687e+00	7.321448e-01
L	-1.097727e+01	7.215961e+01	71750000	-1.093440e+01	7.215029e+01	-3.955579e+00	6.152692e-01
R	7.279247e+01	1.801388e+00	9.168627e-01	71800000	-1.113260e+01	7.217812e+01	-3.972011e+00	4.977818e-01
L	-1.140830e+01	7.222349e+01	71850000	-1.133154e+01	7.220006e+01	-3.984962e+00	3.797884e-01
R	7.273359e+01	1.753397e+00	8.854529e-01	71900000	-1.153104e+01	7.221609e+01	-3.994415e+00	2.613957e-01
L	-1.185733e+01	7.213682e+01	71950000	-1.173092e+01	7.222620e+01	-4.000355e+00	1.427107e-01
R	7.264090e+01	1.717832e+00	-6.526609e-03	72000000	-1.193101e+01	7.223036e+01	-4.002771e+00	2.384101e-02
L	-1.219871e+01	7.215424e+01	72050000	-1.213114e+01	7.222858e+01	-4.001655e+00	-9.510567e-02
R	7.308931e+01	1.722422e+00	2.091580e-01	72100000	-1.233112e+01	7.222085e+01	-3.997003e+00	-2.140214e-01
L	-1.234567e+01	7.242306e+01	72150000	-1.253077e+01	7.220718e+01	-3.988815e+00	-3.327981e-01
R	7.325054e+01	1.779657e+00	1.542651e-01	72200000	-1.272994e+01	7.218757e+01	-3.977094e+00	-4.513278e-01
L	-1.297379e+01	7.203773e+01	72250000	-1.292842e+01	7.216205e+01	-3.961846e+00	-5.695028e-01
R	7.352446e+01	1.769345e+00	-3.573002e-01	72300000	-1.312606e+01	7.213063e+01	-3.943080e+00	-6.872153e-01
L	-1.329867e+01	7.201579e+01	72350000	-1.332267e+01	7.209334e+01	-3.920810e+00	-8.043584e-01
R	7.303680e+01	1.755490e+00	-7.624274e-01	72400000	-1.351808e+01	7.205021e+01	-3.895052e+00	-9.208252e-01
L	-1.377721e+01	7.228470e+01	72450000	-1.371211e+01	7.200127e+01	-3.865825e+00	-1.036510e+00
R	7.340858e+01	1.727638e+00	-2.370303e-01	72500000	-1.390460e+01	7.194657e+01	-3.833155e+00	-1.151306e+00
L	-1.408403e+01	7.183757e+01	72550000	-1.409732e+01	7.188570e+01	-3.836927e+00	-1.272000e+00
R	7.305104e+01	1.767226e+00	-7.901369e-01	72600000	-1.429014e+01	7.181888e+01	-3.838126e+00	-1.388113e+00
L	-1.450891e+01	7.185728e+01	72650000	-1.448293e+01	7.174635e+01	-3.837121e+00	-1.499754e+00
R	7.340019e+01	1.733881e+00	-9.457106e-01	72700000	-1.467560e+01	7.166834e+01	-3.834244e+00	-1.607044e+00
L	-1.462703e+01	7.185453e+01	72750000	-1.486806e+01	7.158505e+01	-3.829792e+00	-1.710113e+00
R	7.317658e+01	1.826691e+00	-6.195873e-01	72800000	-1.506024e+01	7.149670e+01	-3.824031e+00	-1.809097e+00
L	-1.527188e+01	7.110404e+01	72850000	-1.525208e+01	7.140349e+01	-3.817199e+00	-1.904137e+00
R	7.294049e+01	1.745619e+00	-1.102872e+00	72900000	-1.544353e+01	7.130561e+01	-3.809507e+00	-1.995375e+00
L	-1.537262e+01	7.124056e+01	72950000	-1.563455e+01	7.120325e+01	-3.801141e+00	-2.082955e+00
R	7.260099e+01	1.754732e+00	-1.880196e+00	73000000	-1.582512e+01	7.109660e+01	-3.792266e+00	-2.167018e+00
L	-1.630112e+01	7.122984e+01	73050000	-1.601522e+01	7.098582e+01	-3.783028e+00	-2.247707e+00
R	7.295691e+01	1.791653e+00	-1.471427e+00	73100000	-1.620482e+01	7.087109e+01	-3.773554e+00	-2.325157e+00
L	-1.640173e+01	7.075080e+01	73150000	-1.639393e+01	7.075256e+01	-3.763954e+00	-2.399506e+00
R	7.296853e+01	1.813103e+00	-2.142103e+00	73200000	-1.658254e+01	7.063039e+01	-3.754325e+00	-2.470883e+00
L	-1.661155e+01	7.021524e+01	73250000	-1.677065e+01	7.050471e+01	-3.744750e+00	-2.539417e+00
R	7.226819e+01	1.765674e+00	-1.645587e+00	73300000	-1.695826e+01	7.037568e+01	-3.735300e+00	-2.605230e+00
L	-1.733396e+01	7.003676e+01	73350000	-1.714539e+01	7.024342e+01	-3.726036e+00	-2.668440e+00
R	7.190475e+01	1.837570e+00	-1.813059e+00	73400000	-1.733205e+01	7.010807e+01	-3.717009e+00	-2.729163e+00
L	-1.741816e+01	7.017379e+01	73450000	-1.751824e+01	6.996974e+01	-3.708262e+00	-2.787507e+00
R	7.210940e+01	1.836202e+00	-2.137945e+00	73500000	-1.770399e+01	6.982855e+01	-3.699830e+00	-2.843577e+00
L	-1.790199e+01	6.951229e+01	73550000	-1.788931e+01	6.968462e+01	-3.691742e+00	-2.897475e+00
R	7.201472e+01	1.852275e+00	-1.637949e+00	73600000	-1.807422e+01	6.953805e+01	-3.684020e+00	-2.949296e+00
L	-1.826297e+01	6.952325e+01	73650000	-1.825874e+01	6.938893e+01	-3.676683e+00	-2.999132e+00
R	7.160802e+01	1.814279e+00	-1.849207e+00	73700000	-1.844289e+01	6.923738e+01	-3.669742e+00	-3.047071e+00
L	-1.851779e+01	6.941403e+01	73750000	-1.862668e+01	6.908348e+01	-3.663208e+00	-3.093197e+00
R	7.166660e+01	1.804180e+00	-2.357531e+00	73800000	-1.881015e+01	6.892732e+01	-3.657085e+00	-3.137589e+00
L	-1.918857e+01	6.878059e+01	73850000	-1.899331e+01	6.876899e+01	-3.651376e+00	-3.180323e+00
R	7.090815e+01	1.884212e+00	-2.208547e+00	73900000	-1.917619e+01	6.860856e+01	-3.646081e+00	-3.221473e+00
L	-1.926253e+01	6.846888e+01	73950000	-1.935879e+01	6.844612e+01	-3.641196e+00	-3.261106e+00
R	7.112605e+01	1.818435e+00	-2.181396e+00	74000000	-1.954116e+01	6.828174e+01	-3.636718e+00	-3.299289e+00
L	-1.978740e+01	6.810030e+01	74050000	-1.972330e+01	6.811549e+01	-3.632640e+00	-3.336084e+00
R	7.084046e+01	1.876217e+00	-2.355011e+00	74100000	-1.990523e+01	6.794744e+01	-3.628954e+00	-3.371551e+00
L	-1.996344e+01	6.782703e+01	74150000	-2.008698e+01	6.777765e+01	-3.625652e+00	-3.405747e+00
R	7.107074e+01	1.762695e+00	-2.446328e+00	74200000	-2.026856e+01	6.760618e+01	-3.622724e+00	-3.438725e+00
L	-2.026121e+01	6.705492e+01	74250000	-2.045000e+01	6.743311e+01	-3.620158e+00	-3.470538e+00
R	7.079703e+01	1.870897e+00	-2.898965e+00	74300000	-2.063131e+01	6.725847e+01	-3.617945e+00	-3.501233e+00
L	-2.070367e+01	6.692445e+01	74350000	-2.081250e+01	6.708233e+01	-3.616071e+00	-3.530859e+00
R	6.984731e+01	1.918790e+00	-2.430103e+00	74400000	-2.099361e+01	6.690474e+01	-3.614525e+00	-3.559458e+00
L	-2.131854e+01	6.702695e+01	74450000	-2.117463e+01	6.672576e+01	-3.613295e+00	-3.587074e+00
R	7.016687e+01	1.871294e+00	-2.573922e+00	74500000	-2.135560e+01	6.654541e+01	-3.612367e+00	-3.613747e+00
L	-2.156711e+01	6.660036e+01	74550000	-2.153652e+01	6.636377e+01	-3.611729e+00	-3.639515e+00
R	6.935833e+01	1.849660e+00	-1.973376e+00	74600000	-2.171740e+01	6.618086e+01	-3.611368e+00	-3.664415e+00
L	-2.194058e+01	6.601180e+01	74650000	-2.189827e+01	6.599673e+01	-3.611272e+00	-3.688482e+00
R	6.957383e+01	1.882785e+00	-3.097535e+00	74700000	-2.207913e+01	6.581143e+01	-3.611428e+00	-3.711750e+00
L	-2.229182e+01	6.581114e+01	74750000	-2.226000e+01	6.562498e+01	-3.611824e+00	-3.734249e+00
R	6.983014e+01	1.897629e+00	-2.389651e+00	74800000	-2.244088e+01	6.543744e+01	-3.612447e+00	-3.756011e+00
L	-2.241698e+01	6.533818e+01	74850000	-2.262180e+01	6.524883e+01	-3.613286e+00	-3.777065e+00
R	6.902819e+01	1.848536e+00	-2.513106e+00	74900000	-2.280276e+01	6.505918e+01	-3.614329e+00	-3.797438e+00
L	-2.295155e+01	6.464144e+01	74950000	-2.298376e+01	6.486854e+01	-3.615564e+00	-3.817156e+00
R	6.859038e+01	1.965979e+00	-2.469130e+00	75000000	-2.316483e+01	6.467694e+01	-3.616980e+00	-3.836245e+00
L	-2.356113e+01	6.420134e+01	75050000	-2.334597e+01	6.448440e+01	-3.618567e+00	-3.854729e+00
R	6.845723e+01	1.904276e+00	-2.653161e+00	75100000	-2.352719e+01	6.429096e+01	-3.620314e+00	-3.872630e+00
L	-2.367436e+01	6.413936e+01	75150000	-2.370849e+01	6.409664e+01	-3.622211e+00	-3.889972e+00
R	6.827352e+01	1.939078e+00	-2.758951e+00	75200000	-2.388988e+01	6.390147e+01	-3.624247e+00	-3.906775e+00
L	-2.416745e+01	6.365655e+01	75250000	-2.407138e+01	6.370548e+01	-3.626415e+00	-3.923059e+00
R	6.796591e+01	1.965276e+00	-2.603556e+00	75300000	-2.425298e+01	6.350869e+01	-3.628703e+00	-3.938843e+00
L	-2.455133e+01	6.353423e+01	75350000	-2.443469e+01	6.331112e+01	-3.631104e+00	-3.954146e+00
R	6.779117e+01	1.900746e+00	-2.470592e+00	75400000	-2.461653e+01	6.311281e+01	-3.633610e+00	-3.968986e+00
L	-2.498391e+01	6.274323e+01	75450000	-2.479848e+01	6.291378e+01	-3.636212e+00	-3.983379e+00
R	6.710586e+01	1.925979e+00	-1.749093e+00	75500000	-2.498056e+01	6.271403e+01	-3.638902e+00	-3.997342e+00
L	-2.501120e+01	6.272086e+01	75550000	-2.516278e+01	6.251361e+01	-3.641673e+00	-4.010889e+00
R	6.759608e+01	1.953055e+00	-2.233326e+00	75600000	-2.534513e+01	6.231252e+01	-3.644517e+00	-4.024037e+00
L	-2.551219e+01	6.195058e+01	75650000	-2.552762e+01	6.211079e+01	-3.647429e+00	-4.036799e+00
R	6.668612e+01	1.991428e+00	-2.704991e+00	75700000	-2.571025e+01	6.190843e+01	-3.650402e+00	-4.049189e+00
L	-2.586289e+01	6.180328e+01	75750000	-2.589303e+01	6.170547e+01	-3.653428e+00	-4.061219e+00
R	6.702733e+01	1.982886e+00	-2.682689e+00	75800000	-2.607596e+01	6.150191e+01	-3.656504e+00	-4.072904e+00
L	-2.617798e+01	6.127705e+01	75850000	-2.625904e+01	6.129779e+01	-3.659622e+00	-4.084253e+00
R	6.627671e+01	1.919609e+00	-2.168097e+00	75900000	-2.644227e+01	6.109311e+01	-3.662778e+00	-4.095280e+00
L	-2.685852e+01	6.063179e+01	75950000	-2.662566e+01	6.088789e+01	-3.665967e+00	-4.105994e+00
R	6.686483e+01	1.950767e+00	-2.408531e+00	76000000	-2.680920e+01	6.068214e+01	-3.669183e+00	-4.116408e+00
L	-2.698213e+01	6.048642e+01	76050000	-2.699290e+01	6.047589e+01	-3.672423e+00	-4.126530e+00
R	6.580733e+01	1.973168e+00	-2.018103e+00	76100000	-2.717676e+01	6.026914e+01	-3.675681e+00	-4.136371e+00
L	-2.740260e+01	6.005843e+01	76150000	-2.736078e+01	6.006191e+01	-3.678955e+00	-4.145940e+00
R	6.523939e+01	1.984890e+00	-1.978107e+00	76200000	-2.754497e+01	5.985420e+01	-3.682240e+00	-4.155247e+00
L	-2.783869e+01	5.950332e+01	76250000	-2.772931e+01	5.964605e+01	-3.685532e+00	-4.164299e+00
R	6.577823e+01	2.027817e+00	-2.109089e+00	76300000	-2.791381e+01	5.943745e+01	-3.688828e+00	-4.173106e+00
L	-2.818343e+01	5.934086e+01	76350000	-2.809848e+01	5.922842e+01	-3.692126e+00	-4.181674e+00
R	6.593473e+01	2.052784e+00	-2.650515e+00	76400000	-2.828331e+01	5.901897e+01	-3.695421e+00	-4.190013e+00
L	-2.802887e+01	5.861027e+01	76450000	-2.846830e+01	5.880911e+01	-3.698711e+00	-4.198129e+00
R	6.486140e+01	2.034718e+00	-2.180621e+00	76500000	-2.865345e+01	5.859885e+01	-3.701994e+00	-4.206029e+00
L	-2.878456e+01	5.858496e+01	76550000	-2.883876e+01	5.838821e+01	-3.705266e+00	-4.213721e+00
R	6.529447e+01	2.006754e+00	-2.100050e+00	76600000	-2.902423e+01	5.817719e+01	-3.708526e+00	-4.221211e+00
L	-2.905819e+01	5.812374e+01	76650000	-2.920987e+01	5.796581e+01	-3.711772e+00	-4.228505e+00
R	6.514194e+01	2.066126e+00	-1.877277e+00	76700000	-2.939566e+01	5.775406e+01	-3.715001e+00	-4.235610e+00
L	-2.965864e+01	5.734424e+01	76750000	-2.958161e+01	5.754197e+01	-3.718212e+00	-4.242531e+00
R	6.472388e+01	2.036095e+00	-1.682948e+00	76800000	-2.976772e+01	5.732954e+01	-3.721402e+00	-4.249274e+00
L	-3.008487e+01	5.705960e+01	76850000	-2.995399e+01	5.711678e+01	-3.724570e+00	-4.255844e+00
R	6.426470e+01	2.086910e+00	-1.796254e+00	76900000	-3.014041e+01	5.690370e+01	-3.727716e+00	-4.262247e+00
L	-3.032356e+01	5.673411e+01	76950000	-3.032698e+01	5.669030e+01	-3.730836e+00	-4.268488e+00
R	6.467705e+01	2.013274e+00	-1.761444e+00	77000000	-3.051371e+01	5.647660e+01	-3.733930e+00	-4.274572e+00
L	-3.053859e+01	5.644474e+01	77050000	-3.070059e+01	5.626260e+01	-3.736998e+00	-4.280503e+00
R	6.423652e+01	2.051258e+00	-2.110564e+00	77100000	-3.088762e+01	5.604831e+01	-3.740037e+00	-4.286286e+00
L	-3.097547e+01	5.574535e+01	77150000	-3.107480e+01	5.583374e+01	-3.743046e+00	-4.291925e+00
R	6.374318e+01	2.037707e+00	-2.268458e+00	77200000	-3.126213e+01	5.561889e+01	-3.746026e+00	-4.297425e+00
L	-3.139760e+01	5.533987e+01	77250000	-3.144960e+01	5.540377e+01	-3.748974e+00	-4.302790e+00
R	6.338584e+01	2.085687e+00	-1.781096e+00	77300000	-3.163722e+01	5.518839e+01	-3.751891e+00	-4.308023e+00
L	-3.186417e+01	5.499864e+01	77350000	-3.182498e+01	5.497276e+01	-3.754776e+00	-4.313128e+00
R	6.345477e+01	2.092298e+00	-1.834667e+00	77400000	-3.201288e+01	5.475687e+01	-3.757628e+00	-4.318109e+00
L	-3.233401e+01	5.446550e+01	77450000	-3.220092e+01	5.454074e+01	-3.760446e+00	-4.322970e+00
R	6.269594e+01	2.073437e+00	-2.146122e+00	77500000	-3.238910e+01	5.432437e+01	-3.763231e+00	-4.327714e+00
L	-3.263725e+01	5.427732e+01	77550000	-3.257742e+01	5.410777e+01	-3.765981e+00	-4.332344e+00
R	6.306738e+01	2.121594e+00	-2.030520e+00	77600000	-3.276587e+01	5.389094e+01	-3.768696e+00	-4.336864e+00
L	-3.291139e+01	5.392826e+01	77650000	-3.295446e+01	5.367389e+01	-3.771377e+00	-4.341276e+00
R	6.287121e+01	2.101051e+00	-2.054398e+00	77700000	-3.314317e+01	5.345663e+01	-3.774023e+00	-4.345584e+00
L	-3.329259e+01	5.309795e+01	77750000	-3.333202e+01	5.323915e+01	-3.776633e+00	-4.349790e+00
R	6.294306e+01	2.104198e+00	-2.157424e+00	77800000	-3.352100e+01	5.302147e+01	-3.779208e+00	-4.353897e+00
L	-3.363810e+01	5.260953e+01	77850000	-3.371010e+01	5.280358e+01	-3.781748e+00	-4.357908e+00
R	6.274700e+01	2.174525e+00	-1.793523e+00	77900000	-3.389932e+01	5.258550e+01	-3.784252e+00	-4.361825e+00
L	-3.405742e+01	5.257605e+01	77950000	-3.408867e+01	5.236723e+01	-3.786720e+00	-4.365652e+00
R	6.226636e+01	2.200250e+00	-1.668504e+00	78000000	-3.427814e+01	5.214877e+01	-3.789153e+00	-4.369389e+00
L	-3.460838e+01	5.194476e+01	78050000	-3.446773e+01	5.193013e+01	-3.791550e+00	-4.373041e+00
R	6.231862e+01	2.195279e+00	-1.257469e+00	78100000	-3.465743e+01	5.171131e+01	-3.793912e+00	-4.376609e+00
L	-3.479183e+01	5.159074e+01	78150000	-3.484726e+01	5.149231e+01	-3.796238e+00	-4.380094e+00
R	6.215531e+01	2.194019e+00	-1.631691e+00	78200000	-3.503719e+01	5.127314e+01	-3.798530e+00	-4.383501e+00
L	-3.538943e+01	5.108509e+01	78250000	-3.522724e+01	5.105381e+01	-3.800786e+00	-4.386829e+00
R	6.276253e+01	2.203549e+00	-1.638027e+00	78300000	-3.541740e+01	5.083431e+01	-3.803007e+00	-4.390083e+00
L	-3.539858e+01	5.033498e+01	78350000	-3.560767e+01	5.061466e+01	-3.805194e+00	-4.393262e+00
R	6.173980e+01	2.200358e+00	-1.581221e+00	78400000	-3.579804e+01	5.039485e+01	-3.807346e+00	-4.396370e+00
L	-3.607765e+01	5.014938e+01	78450000	-3.598852e+01	5.017488e+01	-3.809465e+00	-4.399408e+00
R	6.151712e+01	2.174080e+00	-1.655058e+00	78500000	-3.617911e+01	4.995477e+01	-3.811549e+00	-4.402379e+00
L	-3.660380e+01	4.958955e+01	78550000	-3.636979e+01	4.973451e+01	-3.813599e+00	-4.405282e+00
R	6.151889e+01	2.237015e+00	-1.478692e+00	78600000	-3.656058e+01	4.951411e+01	-3.815616e+00	-4.408121e+00
L	-3.693322e+01	4.953439e+01	78650000	-3.675147e+01	4.929357e+01	-3.817601e+00	-4.410897e+00
R	6.108091e+01	2.218930e+00	-1.509834e+00	78700000	-3.694245e+01	4.907289e+01	-3.819552e+00	-4.413611e+00
L	-3.724137e+01	4.891007e+01	78750000	-3.713353e+01	4.885209e+01	-3.821471e+00	-4.416266e+00
R	6.144187e+01	2.263538e+00	-9.769325e-01	78800000	-3.732470e+01	4.863115e+01	-3.823357e+00	-4.418862e+00
L	-3.749286e+01	4.850377e+01	78850000	-3.751597e+01	4.841008e+01	-3.825212e+00	-4.421400e+00
R	6.087925e+01	2.271084e+00	-9.658195e-01	78900000	-3.770732e+01	4.818889e+01	-3.827036e+00	-4.423883e+00
L	-3.782530e+01	4.805736e+01	78950000	-3.789877e+01	4.796758e+01	-3.828828e+00	-4.426312e+00
R	6.063444e+01	2.210156e+00	-1.033436e+00	79000000	-3.809030e+01	4.774615e+01	-3.830590e+00	-4.428688e+00
L	-3.826018e+01	4.761086e+01	79050000	-3.828192e+01	4.752460e+01	-3.832321e+00	-4.431012e+00
R	6.100564e+01	2.248087e+00	-6.427555e-01	79100000	-3.847363e+01	4.730294e+01	-3.834022e+00	-4.433285e+00
L	-3.861298e+01	4.719317e+01	79150000	-3.866542e+01	4.708117e+01	-3.835694e+00	-4.435510e+00
R	6.123287e+01	2.301029e+00	-8.712473e-01	79200000	-3.885729e+01	4.685929e+01	-3.837336e+00	-4.437686e+00
L	-3.894037e+01	4.667720e+01	79250000	-3.904924e+01	4.663730e+01	-3.838950e+00	-4.439815e+00
R	6.110209e+01	2.341056e+00	-1.226003e+00	79300000	-3.924127e+01	4.641521e+01	-3.840535e+00	-4.441898e+00
L	-3.954628e+01	4.643056e+01	79350000	-3.943337e+01	4.619301e+01	-3.842092e+00	-4.443937e+00
R	6.074762e+01	2.269304e+00	-1.066295e+00	79400000	-3.962556e+01	4.597072e+01	-3.843621e+00	-4.445931e+00
L	-3.967720e+01	4.583238e+01	79450000	-3.981782e+01	4.574833e+01	-3.845123e+00	-4.447884e+00
R	6.121102e+01	2.289064e+00	-5.326723e-01	79500000	-4.001015e+01	4.552584e+01	-3.846598e+00	-4.449794e+00
L	-3.995447e+01	4.508817e+01	79550000	-4.020255e+01	4.530326e+01	-3.848047e+00	-4.451663e+00
R	6.021511e+01	2.309575e+00	-9.195943e-01	79600000	-4.039503e+01	4.508058e+01	-3.849469e+00	-4.453493e+00
L	-4.065080e+01	4.475868e+01	79650000	-4.058758e+01	4.485782e+01	-3.850866e+00	-4.455284e+00
R	6.041474e+01	2.283974e+00	-1.076040e+00	79700000	-4.078019e+01	4.463497e+01	-3.852237e+00	-4.457037e+00
L	-4.091509e+01	4.443076e+01	79750000	-4.097287e+01	4.441204e+01	-3.853583e+00	-4.458752e+00
R	6.068635e+01	2.336446e+00	-5.088609e-01	79800000	-4.116562e+01	4.418902e+01	-3.854904e+00	-4.460432e+00
L	-4.124550e+01	4.382869e+01	79850000	-4.135843e+01	4.396591e+01	-3.856201e+00	-4.462076e+00
R	6.018236e+01	2.338753e+00	-2.991750e-01	79900000	-4.155130e+01	4.374273e+01	-3.857475e+00	-4.463685e+00
L	-4.164726e+01	4.348767e+01	79950000	-4.174424e+01	4.351947e+01	-3.858725e+00	-4.465260e+00
R	6.022087e+01	2.347749e+00	-8.698292e-01	80000000	-4.193724e+01	4.329613e+01	-3.859951e+00	-4.466803e+00
L	-4.200302e+01	4.318856e+01	80050000	-4.213030e+01	4.307272e+01	-3.861155e+00	-4.468312e+00
R	6.050602e+01	2.379824e+00	-1.665317e-01	80100000	-4.232342e+01	4.284923e+01	-3.862337e+00	-4.469791e+00
L	-4.279920e+01	4.265946e+01	80150000	-4.251660e+01	4.262567e+01	-3.863497e+00	-4.471238e+00
R	5.975461e+01	2.331230e+00	-4.484550e-01	80200000	-4.270983e+01	4.240204e+01	-3.864634e+00	-4.472655e+00
L	-4.272566e+01	4.222801e+01	80250000	-4.290312e+01	4.217833e+01	-3.865751e+00	-4.474042e+00
R	6.021501e+01	2.423188e+00	-2.787760e-01	80300000	-4.309646e+01	4.195457e+01	-3.866847e+00	-4.475400e+00
L	-4.343232e+01	4.152165e+01	80350000	-4.328986e+01	4.173073e+01	-3.867922e+00	-4.476731e+00
R	5.985147e+01	2.382803e+00	-7.555243e-01	80400000	-4.348331e+01	4.150683e+01	-3.868977e+00	-4.478033e+00
L	-4.361107e+01	4.132920e+01	80450000	-4.367681e+01	4.128286e+01	-3.870011e+00	-4.479308e+00
R	5.987090e+01	2.392411e+00	-8.043250e-02	80500000	-4.387036e+01	4.105884e+01	-3.871027e+00	-4.480557e+00
L	-4.415875e+01	4.094467e+01	80550000	-4.406396e+01	4.083475e+01	-3.872023e+00	-4.481780e+00
R	5.985126e+01	2.416766e+00	2.600428e-01	80600000	-4.425761e+01	4.061060e+01	-3.873000e+00	-4.482978e+00
L	-4.440301e+01	4.019537e+01	80650000	-4.445131e+01	4.038639e+01	-3.873959e+00	-4.484151e+00
R	6.007807e+01	2.411437e+00	-3.773293e-01	80700000	-4.464506e+01	4.016213e+01	-3.874899e+00	-4.485299e+00
L	-4.502777e+01	3.988057e+01	80750000	-4.483885e+01	3.993781e+01	-3.875822e+00	-4.486424e+00
R	6.030299e+01	2.443416e+00	2.994154e-01	80800000	-4.503269e+01	3.971343e+01	-3.876726e+00	-4.487526e+00
L	-4.523330e+01	3.978370e+01	80850000	-4.522657e+01	3.948900e+01	-3.877614e+00	-4.488604e+00
R	5.978551e+01	2.441984e+00	-7.450815e-02	80900000	-4.542049e+01	3.926452e+01	-3.878484e+00	-4.489661e+00
L	-4.539075e+01	3.904482e+01	80950000	-4.561446e+01	3.903999e+01	-3.879338e+00	-4.490696e+00
R	5.973246e+01	2.445900e+00	-2.800157e-01	81000000	-4.580847e+01	3.881540e+01	-3.880176e+00	-4.491710e+00
L	-4.613336e+01	3.872972e+01	81050000	-4.600252e+01	3.859077e+01	-3.880997e+00	-4.492703e+00
R	6.004458e+01	2.474199e+00	-1.468351e-01	81100000	-4.619661e+01	3.836609e+01	-3.881803e+00	-4.493675e+00
L	-4.619623e+01	3.811506e+01	81150000	-4.639074e+01	3.814135e+01	-3.882593e+00	-4.494627e+00
R	5.947793e+01	2.431548e+00	-2.452577e-01	81200000	-4.658491e+01	3.791658e+01	-3.883367e+00	-4.495560e+00
L	-4.699869e+01	3.776833e+01	81250000	-4.677912e+01	3.769175e+01	-3.884127e+00	-4.496474e+00
R	6.019517e+01	2.486029e+00	1.153462e-02	81300000	-4.697336e+01	3.746689e+01	-3.884872e+00	-4.497369e+00
L	-4.708789e+01	3.702176e+01	81350000	-4.716765e+01	3.724198e+01	-3.885603e+00	-4.498246e+00
R	5.996682e+01	2.473424e+00	1.203668e-01	81400000	-4.736196e+01	3.701702e+01	-3.886319e+00	-4.499105e+00
L	-4.754124e+01	3.678861e+01	81450000	-4.755631e+01	3.679202e+01	-3.887022e+00	-4.499946e+00
R	6.028511e+01	2.497168e+00	6.367672e-01	81500000	-4.775070e+01	3.656699e+01	-3.887711e+00	-4.500770e+00
L	-4.801716e+01	3.643963e+01	81550000	-4.794512e+01	3.634191e+01	-3.888387e+00	-4.501578e+00
R	6.026498e+01	2.505223e+00	4.489781e-01	81600000	-4.813957e+01	3.611679e+01	-3.889049e+00	-4.502369e+00
L	-4.865753e+01	3.617926e+01	81650000	-4.833406e+01	3.589163e+01	-3.889699e+00	-4.503143e+00
R	5.995096e+01	2.483895e+00	3.707911e-01	81700000	-4.852858e+01	3.566644e+01	-3.890335e+00	-4.503902e+00
L	-4.891962e+01	3.570309e+01	81750000	-4.872312e+01	3.544121e+01	-3.890960e+00	-4.504646e+00
R	6.008933e+01	2.497120e+00	2.771135e-01	81800000	-4.891770e+01	3.521594e+01	-3.891572e+00	-4.505374e+00
L	-4.904676e+01	3.520001e+01	81850000	-4.911231e+01	3.499063e+01	-3.892172e+00	-4.506088e+00
R	6.041259e+01	2.504240e+00	9.812857e-01	81900000	-4.930695e+01	3.476530e+01	-3.892761e+00	-4.506787e+00
L	-4.945908e+01	3.443156e+01	81950000	-4.950162e+01	3.453992e+01	-3.893338e+00	-4.507472e+00
R	6.037053e+01	2.541222e+00	7.138877e-01	82000000	-4.969631e+01	3.431452e+01	-3.893904e+00	-4.508142e+00
L	-4.989079e+01	3.409266e+01	82050000	-4.989104e+01	3.408908e+01	-3.894459e+00	-4.508800e+00
R	6.101817e+01	2.632091e+00	7.528425e-01	82100000	-5.008579e+01	3.386360e+01	-3.895002e+00	-4.509444e+00
L	-5.041815e+01	3.348057e+01	82150000	-5.028056e+01	3.363810e+01	-3.895536e+00	-4.510075e+00
R	6.077626e+01	2.508135e+00	7.044107e-01	82200000	-5.047537e+01	3.341257e+01	-3.896058e+00	-4.510693e+00
L	-5.061095e+01	3.321425e+01	82250000	-5.067020e+01	3.318700e+01	-3.896571e+00	-4.511298e+00
R	6.048972e+01	2.621746e+00	1.055666e+00	82300000	-5.086505e+01	3.296141e+01	-3.897073e+00	-4.511892e+00
L	-5.113056e+01	3.285327e+01	82350000	-5.105993e+01	3.273578e+01	-3.897565e+00	-4.512473e+00
R	6.064050e+01	2.560857e+00	7.521565e-01	82400000	-5.125483e+01	3.251013e+01	-3.898048e+00	-4.513042e+00
L	-5.127238e+01	3.220059e+01	82450000	-5.144976e+01	3.228445e+01	-3.898522e+00	-4.513601e+00
R	6.076462e+01	2.616653e+00	1.023094e+00	82500000	-5.164471e+01	3.205874e+01	-3.898986e+00	-4.514147e+00
L	-5.180376e+01	3.173334e+01	82550000	-5.183982e+01	3.183313e+01	-3.905081e+00	-4.509805e+00
R	6.158223e+01	2.620277e+00	3.001695e-01	82600000	-5.203537e+01	3.160785e+01	-3.916510e+00	-4.500796e+00
L	-5.203599e+01	3.119023e+01	82650000	-5.223162e+01	3.138314e+01	-3.932974e+00	-4.487314e+00
R	6.057754e+01	2.584426e+00	1.493061e+00	82700000	-5.242881e+01	3.115920e+01	-3.954175e+00	-4.469526e+00
L	-5.266803e+01	3.096786e+01	82750000	-5.262717e+01	3.093626e+01	-3.979817e+00	-4.447578e+00
R	6.060600e+01	2.647213e+00	1.163680e+00	82800000	-5.282692e+01	3.071452e+01	-4.009608e+00	-4.421597e+00
L	-5.322164e+01	3.054290e+01	82850000	-5.302825e+01	3.049418e+01	-4.043258e+00	-4.391694e+00
R	6.138566e+01	2.627018e+00	1.779853e+00	82900000	-5.323136e+01	3.027542e+01	-4.080482e+00	-4.357965e+00
L	-5.334886e+01	3.028378e+01	82950000	-5.343641e+01	3.005845e+01	-4.121001e+00	-4.320496e+00
R	6.136973e+01	2.637190e+00	1.818072e+00	83000000	-5.364356e+01	2.984344e+01	-4.164540e+00	-4.279361e+00
L	-5.367915e+01	2.958061e+01	83050000	-5.385295e+01	2.963058e+01	-4.210831e+00	-4.234629e+00
R	6.211681e+01	2.646702e+00	1.741987e+00	83100000	-5.406473e+01	2.942004e+01	-4.259611e+00	-4.186361e+00
L	-5.421272e+01	2.908365e+01	83150000	-5.427899e+01	2.921201e+01	-4.310624e+00	-4.134612e+00
R	6.124099e+01	2.714135e+00	2.254466e+00	83200000	-5.449586e+01	2.900664e+01	-4.363618e+00	-4.079435e+00
L	-5.485402e+01	2.882469e+01	83250000	-5.471542e+01	2.880412e+01	-4.418350e+00	-4.020878e+00
R	6.212559e+01	2.646905e+00	2.570416e+00	83300000	-5.493776e+01	2.860461e+01	-4.474582e+00	-3.958989e+00
L	-5.523712e+01	2.855714e+01	83350000	-5.516294e+01	2.840828e+01	-4.532082e+00	-3.893814e+00
R	6.197411e+01	2.685681e+00	2.819158e+00	83400000	-5.539102e+01	2.821529e+01	-4.590625e+00	-3.825399e+00
L	-5.555089e+01	2.795259e+01	83450000	-5.562205e+01	2.802580e+01	-4.649992e+00	-3.753789e+00
R	6.247614e+01	2.700953e+00	2.445806e+00	83500000	-5.585607e+01	2.783997e+01	-4.709969e+00	-3.679030e+00
L	-5.615233e+01	2.792225e+01	83550000	-5.609309e+01	2.765795e+01	-4.770352e+00	-3.601169e+00
R	6.309737e+01	2.667846e+00	2.403014e+00	83600000	-5.633314e+01	2.747990e+01	-4.830939e+00	-3.520256e+00
L	-5.676873e+01	2.713876e+01	83650000	-5.657621e+01	2.730598e+01	-4.891537e+00	-3.436340e+00
R	6.288429e+01	2.693782e+00	2.609977e+00	83700000	-5.682231e+01	2.713632e+01	-4.951956e+00	-3.349474e+00
L	-5.704824e+01	2.653560e+01	83750000	-5.707143e+01	2.697108e+01	-5.012016e+00	-3.259711e+00
R	6.332532e+01	2.752349e+00	2.887619e+00	83800000	-5.732353e+01	2.681040e+01	-5.071539e+00	-3.167109e+00
L	-5.801055e+01	2.667940e+01	83850000	-5.757860e+01	2.665442e+01	-5.130357e+00	-3.071725e+00
R	6.383012e+01	2.699652e+00	3.546510e+00	83900000	-5.783658e+01	2.650328e+01	-5.188304e+00	-2.973622e+00
L	-5.790378e+01	2.661051e+01	83950000	-5.809744e+01	2.635710e+01	-5.245223e+00	-2.872862e+00
R	6.415830e+01	2.682321e+00	3.751487e+00	84000000	-5.836111e+01	2.621604e+01	-5.300960e+00	-2.769512e+00
L	-5.877758e+01	2.607786e+01	84050000	-5.862753e+01	2.608020e+01	-5.355369e+00	-2.663641e+00
R	6.428753e+01	2.709457e+00	4.378266e+00	84100000	-5.889664e+01	2.594971e+01	-5.408308e+00	-2.555320e+00
L	-5.920251e+01	2.560256e+01	84150000	-5.916836e+01	2.582471e+01	-5.459642e+00	-2.444621e+00
R	6.487639e+01	2.754021e+00	4.146539e+00	84200000	-5.944260e+01	2.570529e+01	-5.509240e+00	-2.331622e+00
L	-5.983550e+01	2.552673e+01	84250000	-5.971927e+01	2.559159e+01	-5.556976e+00	-2.216399e+00
R	6.500934e+01	2.724802e+00	4.125722e+00	84300000	-5.999828e+01	2.548369e+01	-5.602733e+00	-2.099034e+00
L	-6.031269e+01	2.517835e+01	84350000	-6.027953e+01	2.538172e+01	-5.646394e+00	-1.979608e+00
R	6.570357e+01	2.722610e+00	4.795945e+00	84400000	-6.056291e+01	2.528577e+01	-5.687852e+00	-1.858208e+00
L	-6.079111e+01	2.542180e+01	84450000	-6.084830e+01	2.519593e+01	-5.727003e+00	-1.734918e+00
R	6.568298e+01	2.794178e+00	4.684849e+00	84500000	-6.113558e+01	2.511231e+01	-5.763747e+00	-1.609827e+00
L	-6.133181e+01	2.516845e+01	84550000	-6.142465e+01	2.503498e+01	-5.797992e+00	-1.483026e+00
R	6.686154e+01	2.759058e+00	5.032673e+00	84600000	-6.171536e+01	2.496404e+01	-5.829648e+00	-1.354607e+00
L	-6.202134e+01	2.500870e+01	84650000	-6.200758e+01	2.489955e+01	-5.858631e+00	-1.224661e+00
R	6.680365e+01	2.774315e+00	5.523233e+00	84700000	-6.230119e+01	2.484160e+01	-5.884863e+00	-1.093285e+00
L	-6.229507e+01	2.495046e+01	84750000	-6.259604e+01	2.479025e+01	-5.908268e+00	-9.605748e-01
R	6.802350e+01	2.782444e+00	5.530568e+00	84800000	-6.289198e+01	2.474557e+01	-5.928779e+00	-8.266266e-01
L	-6.289712e+01	2.469947e+01	84850000	-6.318888e+01	2.470761e+01	-5.946329e+00	-6.915393e-01
R	6.763735e+01	2.765767e+00	5.410503e+00	84900000	-6.348658e+01	2.467643e+01	-5.960858e+00	-5.554121e-01
L	-6.390852e+01	2.447241e+01	84950000	-6.378493e+01	2.465209e+01	-5.972310e+00	-4.183452e-01
R	6.850773e+01	2.737695e+00	5.755550e+00	85000000	-6.408377e+01	2.463462e+01	-5.980633e+00	-2.804395e-01
L	-6.412725e+01	2.472537e+01	85050000	-6.438295e+01	2.462406e+01	-5.985782e+00	-1.417966e-01
R	6.879122e+01	2.784102e+00	5.337649e+00	85100000	-6.468231e+01	2.462045e+01	-5.987711e+00	-2.518540e-03
L	-6.493972e+01	2.450035e+01	85150000	-6.498168e+01	2.462382e+01	-5.986383e+00	1.372921e-01
R	7.006906e+01	2.801827e+00	5.598356e+00	85200000	-6.528091e+01	2.463419e+01	-5.981763e+00	2.775324e-01
L	-6.550414e+01	2.466106e+01	85250000	-6.557981e+01	2.465158e+01	-5.973821e+00	4.180993e-01
R	7.086628e+01	2.726152e+00	5.903589e+00	85300000	-6.587824e+01	2.467601e+01	-5.962529e+00	5.588895e-01
L	-6.598957e+01	2.465246e+01	85350000	-6.617602e+01	2.470748e+01	-5.947866e+00	6.997997e-01
R	7.077997e+01	2.790535e+00	5.574618e+00	85400000	-6.647298e+01	2.474600e+01	-5.929812e+00	8.407265e-01
L	-6.684944e+01	2.463793e+01	85450000	-6.676896e+01	2.479156e+01	-5.908352e+00	9.815670e-01
R	7.146444e+01	2.724053e+00	5.726077e+00	85500000	-6.706377e+01	2.484415e+01	-5.883475e+00	1.122218e+00
L	-6.727349e+01	2.484700e+01	85550000	-6.735726e+01	2.490378e+01	-5.855174e+00	1.262577e+00
R	7.198705e+01	2.814960e+00	6.422165e+00	85600000	-6.764924e+01	2.497041e+01	-5.823443e+00	1.402542e+00
L	-6.805014e+01	2.522477e+01	85650000	-6.793955e+01	2.504403e+01	-5.788283e+00	1.542012e+00
R	7.218186e+01	2.763383e+00	6.137081e+00	85700000	-6.822802e+01	2.512461e+01	-5.749696e+00	1.680884e+00
L	-6.847582e+01	2.522998e+01	85750000	-6.851448e+01	2.521211e+01	-5.707689e+00	1.819059e+00
R	7.356489e+01	2.783038e+00	6.218317e+00	85800000	-6.879874e+01	2.530650e+01	-5.662271e+00	1.956436e+00
L	-6.915400e+01	2.531362e+01	85850000	-6.908065e+01	2.540774e+01	-5.613454e+00	2.092917e+00
R	7.334200e+01	2.809374e+00	5.728310e+00	85900000	-6.936004e+01	2.551578e+01	-5.561256e+00	2.228404e+00
L	-6.948560e+01	2.578202e+01	85950000	-6.963673e+01	2.563057e+01	-5.505694e+00	2.362798e+00
R	7.443606e+01	2.791276e+00	6.033160e+00	86000000	-6.991056e+01	2.575205e+01	-5.446790e+00	2.496005e+00
L	-7.021212e+01	2.566137e+01	86050000	-7.018136e+01	2.588016e+01	-5.384571e+00	2.627929e+00
R	7.553251e+01	2.770819e+00	6.104127e+00	86100000	-7.044897e+01	2.601482e+01	-5.319064e+00	2.758475e+00
L	-7.066952e+01	2.619943e+01	86150000	-7.071322e+01	2.615598e+01	-5.250299e+00	2.887551e+00
R	7.575702e+01	2.814040e+00	5.642126e+00	86200000	-7.097395e+01	2.630356e+01	-5.178310e+00	3.015065e+00
L	-7.108219e+01	2.648235e+01	86250000	-7.123100e+01	2.645747e+01	-5.103134e+00	3.140928e+00
R	7.629081e+01	2.772689e+00	5.834675e+00	86300000	-7.148422e+01	2.661763e+01	-5.024810e+00	3.265048e+00
L	-7.164657e+01	2.660815e+01	86350000	-7.173344e+01	2.678395e+01	-4.943378e+00	3.387341e+00
R	7.634441e+01	2.775013e+00	5.991100e+00	86400000	-7.197851e+01	2.695633e+01	-4.858885e+00	3.507718e+00
L	-7.226414e+01	2.734037e+01	86450000	-7.221928e+01	2.713469e+01	-4.771375e+00	3.626096e+00
R	7.782354e+01	2.823107e+00	6.135911e+00	86500000	-7.245560e+01	2.731891e+01	-4.680898e+00	3.742391e+00
L	-7.264780e+01	2.759394e+01	86550000	-7.268733e+01	2.750890e+01	-4.587505e+00	3.856523e+00
R	7.779562e+01	2.697915e+00	5.729540e+00	86600000	-7.291431e+01	2.770453e+01	-4.491250e+00	3.968411e+00
L	-7.325217e+01	2.787553e+01	86650000	-7.313641e+01	2.790571e+01	-4.392188e+00	4.077977e+00
R	7.781032e+01	2.802540e+00	5.443430e+00	86700000	-7.335349e+01	2.811230e+01	-4.290379e+00	4.185145e+00
L	-7.365402e+01	2.815095e+01	86750000	-7.356541e+01	2.832418e+01	-4.185881e+00	4.289840e+00
R	7.885689e+01	2.747037e+00	5.097405e+00	86800000	-7.377204e+01	2.854124e+01	-4.078757e+00	4.391991e+00
L	-7.418520e+01	2.873187e+01	86850000	-7.397325e+01	2.876335e+01	-3.969072e+00	4.491525e+00
R	7.953189e+01	2.794764e+00	4.737169e+00	86900000	-7.416891e+01	2.899036e+01	-3.856890e+00	4.588374e+00
L	-7.442577e+01	2.908844e+01	86950000	-7.435890e+01	2.922214e+01	-3.742280e+00	4.682472e+00
R	8.025513e+01	2.763670e+00	5.380786e+00	87000000	-7.454310e+01	2.945856e+01	-3.625312e+00	4.773753e+00
L	-7.444567e+01	2.969963e+01	87050000	-7.472139e+01	2.969947e+01	-3.506056e+00	4.862153e+00
R	8.081722e+01	2.738744e+00	4.941469e+00	87100000	-7.489367e+01	2.994473e+01	-3.384587e+00	4.947614e+00
L	-7.505609e+01	3.051502e+01	87150000	-7.505982e+01	3.019419e+01	-3.260977e+00	5.030074e+00
R	8.080658e+01	2.752948e+00	4.829201e+00	87200000	-7.521974e+01	3.044769e+01	-3.135305e+00	5.109479e+00
L	-7.548647e+01	3.075796e+01	87250000	-7.537332e+01	3.070509e+01	-3.007646e+00	5.185772e+00
R	8.162685e+01	2.756049e+00	4.441400e+00	87300000	-7.552047e+01	3.096622e+01	-2.878081e+00	5.258903e+00
L	-7.555091e+01	3.109136e+01	87350000	-7.566110e+01	3.123093e+01	-2.746689e+00	5.328819e+00
R	8.196813e+01	2.773147e+00	4.903379e+00	87400000	-7.579511e+01	3.149906e+01	-2.613552e+00	5.395475e+00
L	-7.603496e+01	3.186386e+01	87450000	-7.592243e+01	3.177043e+01	-2.478753e+00	5.458823e+00
R	8.249353e+01	2.774091e+00	4.335122e+00	87500000	-7.604296e+01	3.204489e+01	-2.342376e+00	5.518821e+00
L	-7.590112e+01	3.254931e+01	87550000	-7.615568e+01	3.231941e+01	-2.189342e+00	5.516897e+00
R	8.264227e+01	2.727890e+00	3.820265e+00	87600000	-7.626099e+01	3.259372e+01	-2.044638e+00	5.509569e+00
L	-7.637143e+01	3.259497e+01	87650000	-7.635931e+01	3.286756e+01	-1.907924e+00	5.497527e+00
R	8.282295e+01	2.763147e+00	3.914429e+00	87700000	-7.645102e+01	3.314071e+01	-1.778855e+00	5.481388e+00
L	-7.642347e+01	3.327728e+01	87750000	-7.653649e+01	3.341298e+01	-1.657083e+00	5.461704e+00
R	8.337846e+01	2.721573e+00	4.015709e+00	87800000	-7.661608e+01	3.368421e+01	-1.542262e+00	5.438966e+00
L	-7.667882e+01	3.398171e+01	87850000	-7.669013e+01	3.395426e+01	-1.434052e+00	5.413613e+00
R	8.439589e+01	2.733585e+00	3.464510e+00	87900000	-7.675895e+01	3.422300e+01	-1.332119e+00	5.386034e+00
L	-7.675875e+01	3.446173e+01	87950000	-7.682286e+01	3.449033e+01	-1.236138e+00	5.356577e+00
R	8.484531e+01	2.713887e+00	3.021676e+00	88000000	-7.688213e+01	3.475617e+01	-1.145793e+00	5.325547e+00
L	-7.683479e+01	3.516245e+01	88050000	-7.693703e+01	3.502045e+01	-1.060782e+00	5.293217e+00
R	8.454628e+01	2.733582e+00	3.405975e+00	88100000	-7.698784e+01	3.528310e+01	-9.808125e-01	5.259828e+00
L	-7.753754e+01	3.528539e+01	88150000	-7.703478e+01	3.554409e+01	-9.056047e-01	5.225593e+00
R	8.510788e+01	2.678823e+00	3.449841e+00	88200000	-7.707810e+01	3.580336e+01	-8.348912e-01	5.190699e+00
L	-7.706939e+01	3.604566e+01	88250000	-7.711800e+01	3.606090e+01	-7.684170e-01	5.155313e+00
R	8.529308e+01	2.690263e+00	2.626477e+00	88300000	-7.715470e+01	3.631668e+01	-7.059394e-01	5.119579e+00
L	-7.717011e+01	3.672113e+01	88350000	-7.718838e+01	3.657069e+01	-6.472278e-01	5.083624e+00
R	8.508550e+01	2.703850e+00	2.572137e+00	88400000	-7.721923e+01	3.682292e+01	-5.920634e-01	5.047562e+00
L	-7.723450e+01	3.696060e+01	88450000	-7.724742e+01	3.707336e+01	-5.402388e-01	5.011489e+00
R	8.585729e+01	2.659481e+00	2.600471e+00	88500000	-7.727310e+01	3.732203e+01	-4.915578e-01	4.975490e+00
L	-7.733548e+01	3.731912e+01	88550000	-7.729644e+01	3.756891e+01	-4.458349e-01	4.939640e+00
R	8.619468e+01	2.602368e+00	2.403768e+00	88600000	-7.731757e+01	3.781403e+01	-4.028947e-01	4.904002e+00
L	-7.756022e+01	3.809594e+01	88650000	-7.733663e+01	3.805739e+01	-3.625719e-01	4.868632e+00
R	8.621497e+01	2.706369e+00	2.375061e+00	88700000	-7.735374e+01	3.829901e+01	-3.247104e-01	4.833577e+00
L	-7.740097e+01	3.870699e+01	88750000	-7.736902e+01	3.853890e+01	-2.891630e-01	4.798878e+00
R	8.641532e+01	2.676168e+00	2.791120e+00	88800000	-7.738259e+01	3.877708e+01	-2.557911e-01	4.764569e+00
L	-7.729527e+01	3.931101e+01	88850000	-7.739455e+01	3.901358e+01	-2.244642e-01	4.730680e+00
R	8.692465e+01	2.656430e+00	2.620459e+00	88900000	-7.740500e+01	3.924841e+01	-1.950594e-01	4.697234e+00
L	-7.727568e+01	3.944063e+01	88950000	-7.741403e+01	3.948160e+01	-1.674609e-01	4.664251e+00
R	8.717501e+01	2.665169e+00	2.389332e+00	89000000	-7.742172e+01	3.971317e+01	-1.415599e-01	4.631748e+00
L	-7.742328e+01	3.992365e+01	89050000	-7.742817e+01	3.994314e+01	-1.172541e-01	4.599739e+00
R	8.774017e+01	2.676715e+00	1.788376e+00	89100000	-7.743344e+01	4.017154e+01	-9.444722e-02	4.568232e+00
L	-7.740635e+01	4.035352e+01	89150000	-7.743761e+01	4.039839e+01	-7.304870e-02	4.537236e+00
R	8.754307e+01	2.665674e+00	2.250359e+00	89200000	-7.744075e+01	4.062372e+01	-5.297347e-02	4.506756e+00
L	-7.769768e+01	4.061237e+01	89250000	-7.744292e+01	4.084756e+01	-3.414157e-02	4.476796e+00
R	8.808054e+01	2.653188e+00	2.499627e+00	89300000	-7.744418e+01	4.106992e+01	-1.647783e-02	4.447357e+00
L	-7.736545e+01	4.121088e+01	89350000	-7.744459e+01	4.129084e+01	8.838127e-05	4.418440e+00
R	8.736102e+01	2.664917e+00	2.215361e+00	89400000	-7.744419e+01	4.151035e+01	1.562344e-02	4.390043e+00
L	-7.718037e+01	4.169808e+01	89450000	-7.744305e+01	4.172846e+01	3.018970e-02	4.362165e+00
R	8.809406e+01	2.590949e+00	1.843899e+00	89500000	-7.744120e+01	4.194520e+01	4.384575e-02	4.334803e+00
L	-7.740181e+01	4.210798e+01	89550000	-7.743870e+01	4.216060e+01	5.664666e-02	4.307952e+00
R	8.800945e+01	2.683415e+00	2.475967e+00	89600000	-7.743557e+01	4.237469e+01	6.864414e-02	4.281607e+00
L	-7.759209e+01	4.260232e+01	89650000	-7.743187e+01	4.258748e+01	7.988678e-02	4.255765e+00
R	8.834061e+01	2.681176e+00	2.038664e+00	89700000	-7.742763e+01	4.279901e+01	9.042025e-02	4.230418e+00
L	-7.733328e+01	4.286904e+01	89750000	-7.742287e+01	4.300929e+01	1.002874e-01	4.205561e+00
R	8.906232e+01	2.623469e+00	2.501316e+00	89800000	-7.741764e+01	4.321836e+01	1.095286e-01	4.181187e+00
L	-7.724809e+01	4.332858e+01	89850000	-7.741196e+01	4.342623e+01	1.181817e-01	4.157289e+00
R	8.901471e+01	2.635602e+00	1.853529e+00	89900000	-7.740587e+01	4.363293e+01	1.262822e-01	4.133861e+00
L	-7.728690e+01	4.383466e+01	89950000	-7.739938e+01	4.383848e+01	1.338636e-01	4.110895e+00
R	8.905551e+01	2.605269e+00	1.676293e+00	90000000	-7.739253e+01	4.404290e+01	1.409573e-01	4.088383e+00
L	-7.737384e+01	4.427303e+01	90050000	-7.738533e+01	4.424623e+01	1.475928e-01	4.066318e+00
R	8.955837e+01	2.579547e+00	1.915056e+00	90100000	-7.737782e+01	4.444847e+01	1.537978e-01	4.044693e+00
L	-7.713092e+01	4.454794e+01	90150000	-7.737000e+01	4.464965e+01	1.595984e-01	4.023500e+00
R	8.910938e+01	2.588406e+00	2.102245e+00	90200000	-7.736191e+01	4.484979e+01	1.650191e-01	4.002730e+00
L	-7.754348e+01	4.505184e+01	90250000	-7.735355e+01	4.504892e+01	1.700829e-01	3.982377e+00
R	8.940692e+01	2.595009e+00	1.758038e+00	90300000	-7.734495e+01	4.524705e+01	1.748115e-01	3.962433e+00
L	-7.739230e+01	4.538906e+01	90350000	-7.733612e+01	4.544420e+01	1.792252e-01	3.942891e+00
R	8.977536e+01	2.616460e+00	1.700464e+00	90400000	-7.732708e+01	4.564039e+01	1.833431e-01	3.923741e+00
L	-7.724725e+01	4.576370e+01	90450000	-7.731784e+01	4.583564e+01	1.871831e-01	3.904979e+00
R	8.983793e+01	2.605813e+00	1.309570e+00	90500000	-7.730841e+01	4.602998e+01	1.907622e-01	3.886594e+00
L	-7.742196e+01	4.612321e+01	90550000	-7.729881e+01	4.622341e+01	1.940962e-01	3.868581e+00
R	8.984880e+01	2.593822e+00	1.593596e+00	90600000	-7.728905e+01	4.641596e+01	1.972001e-01	3.850933e+00
L	-7.741582e+01	4.676005e+01	90650000	-7.727914e+01	4.660765e+01	2.000879e-01	3.833641e+00
R	9.096084e+01	2.626843e+00	1.893226e+00	90700000	-7.726909e+01	4.679849e+01	2.027728e-01	3.816699e+00
L	-7.709031e+01	4.703563e+01	90750000	-7.725891e+01	4.698850e+01	2.052672e-01	3.800100e+00
R	9.043744e+01	2.596669e+00	1.694259e+00	90800000	-7.724861e+01	4.717770e+01	2.075828e-01	3.783838e+00
L	-7.756892e+01	4.723989e+01	90850000	-7.723820e+01	4.736610e+01	2.097305e-01	3.767904e+00
R	9.044568e+01	2.604173e+00	1.642846e+00	90900000	-7.722769e+01	4.755371e+01	2.117206e-01	3.752294e+00
L	-7.748704e+01	4.773628e+01	90950000	-7.721707e+01	4.774057e+01	2.135629e-01	3.736999e+00
R	9.095839e+01	2.609127e+00	1.889411e+00	91000000	-7.720637e+01	4.792667e+01	2.152665e-01	3.722015e+00
L	-7.683700e+01	4.798193e+01	91050000	-7.719559e+01	4.811204e+01	2.168399e-01	3.707334e+00
R	9.144489e+01	2.610100e+00	1.583237e+00	91100000	-7.718474e+01	4.829669e+01	2.182913e-01	3.692951e+00
L	-7.719302e+01	4.836872e+01	91150000	-7.717381e+01	4.848064e+01	2.196281e-01	3.678859e+00
R	9.118933e+01	2.565638e+00	1.634815e+00	91200000	-7.716282e+01	4.866390e+01	2.208576e-01	3.665052e+00
L	-7.715255e+01	4.869110e+01	91250000	-7.715177e+01	4.884647e+01	2.219865e-01	3.651525e+00
R	9.174012e+01	2.601771e+00	1.554763e+00	91300000	-7.714066e+01	4.902839e+01	2.230210e-01	3.638272e+00
L	-7.700010e+01	4.905195e+01	91350000	-7.712951e+01	4.920966e+01	2.239671e-01	3.625288e+00
R	9.104336e+01	2.581408e+00	1.922968e+00	91400000	-7.711831e+01	4.939029e+01	2.248304e-01	3.612566e+00
L	-7.721797e+01	4.964923e+01	91450000	-7.710706e+01	4.957030e+01	2.256161e-01	3.600102e+00
R	9.234212e+01	2.658902e+00	1.493326e+00	91500000	-7.709578e+01	4.974969e+01	2.263292e-01	3.587889e+00
L	-7.703547e+01	4.974421e+01	91550000	-7.708447e+01	4.992849e+01	2.269744e-01	3.575924e+00
R	9.277849e+01	2.552059e+00	2.009913e+00	91600000	-7.707313e+01	5.010670e+01	2.275559e-01	3.564201e+00
L	-7.704758e+01	5.012578e+01	91650000	-7.706175e+01	5.028434e+01	2.280779e-01	3.552715e+00
R	9.204176e+01	2.521161e+00	1.557106e+00	91700000	-7.705035e+01	5.046142e+01	2.285443e-01	3.541462e+00
L	-7.707915e+01	5.067168e+01	91750000	-7.703893e+01	5.063794e+01	2.289586e-01	3.530435e+00
R	9.159681e+01	2.556470e+00	2.512593e+00	91800000	-7.702750e+01	5.081392e+01	2.293244e-01	3.519632e+00
L	-7.715880e+01	5.103826e+01	91850000	-7.701604e+01	5.098938e+01	2.296448e-01	3.509046e+00
R	9.232569e+01	2.470472e+00	1.446076e+00	91900000	-7.700457e+01	5.116431e+01	2.299228e-01	3.498675e+00
L	-7.709560e+01	5.146579e+01	91950000	-7.699308e+01	5.133874e+01	2.301613e-01	3.488513e+00
R	9.261625e+01	2.545260e+00	1.945049e+00	92000000	-7.698158e+01	5.151267e+01	2.303629e-01	3.478556e+00
L	-7.695071e+01	5.166137e+01	92050000	-7.697008e+01	5.168611e+01	2.305302e-01	3.468800e+00
R	9.300124e+01	2.507341e+00	1.679938e+00	92100000	-7.695856e+01	5.185907e+01	2.306655e-01	3.459241e+00
L	-7.675904e+01	5.171055e+01	92150000	-7.694704e+01	5.203157e+01	2.307711e-01	3.449875e+00
R	9.273748e+01	2.550106e+00	1.809602e+00	92200000	-7.693552e+01	5.220360e+01	2.308490e-01	3.440697e+00
L	-7.697444e+01	5.243968e+01	92250000	-7.692399e+01	5.237519e+01	2.309012e-01	3.431705e+00
R	9.288254e+01	2.571617e+00	1.798632e+00	92300000	-7.691246e+01	5.254634e+01	2.309294e-01	3.422894e+00
L	-7.662865e+01	5.284404e+01	92350000	-7.690093e+01	5.271705e+01	2.309356e-01	3.414260e+00
R	9.348777e+01	2.581560e+00	1.498897e+00	92400000	-7.688939e+01	5.288734e+01	2.309212e-01	3.405801e+00
L	-7.692185e+01	5.279469e+01	92450000	-7.687786e+01	5.305722e+01	2.308878e-01	3.397511e+00
R	9.375721e+01	2.585572e+00	1.594132e+00	92500000	-7.686633e+01	5.322669e+01	2.308368e-01	3.389389e+00
L	-7.703738e+01	5.356449e+01	92550000	-7.685481e+01	5.339576e+01	2.307697e-01	3.381430e+00
R	9.344865e+01	2.517709e+00	2.201792e+00	92600000	-7.684328e+01	5.356444e+01	2.306875e-01	3.373632e+00
L	-7.688557e+01	5.370478e+01	92650000	-7.683176e+01	5.373274e+01	2.305916e-01	3.365991e+00
R	9.432722e+01	2.547489e+00	1.421129e+00	92700000	-7.682025e+01	5.390067e+01	2.304830e-01	3.358503e+00
L	-7.658295e+01	5.380703e+01	92750000	-7.680874e+01	5.406823e+01	2.303629e-01	3.351166e+00
R	9.431978e+01	2.541413e+00	1.583941e+00	92800000	-7.679724e+01	5.423543e+01	2.302320e-01	3.343976e+00
L	-7.690258e+01	5.423541e+01	92850000	-7.678574e+01	5.440228e+01	2.300915e-01	3.336931e+00
R	9.471019e+01	2.527409e+00	1.552605e+00	92900000	-7.677425e+01	5.456878e+01	2.299421e-01	3.330028e+00
L	-7.667668e+01	5.491563e+01	92950000	-7.676277e+01	5.473494e+01	2.297847e-01	3.323264e+00
R	9.446120e+01	2.541576e+00	2.029024e+00	93000000	-7.675130e+01	5.490077e+01	2.296199e-01	3.316635e+00
L	-7.673102e+01	5.511377e+01	93050000	-7.673983e+01	5.506628e+01	2.294486e-01	3.310140e+00
R	9.450511e+01	2.487910e+00	1.363932e+00	93100000	-7.672838e+01	5.523147e+01	2.292714e-01	3.303776e+00
L	-7.664933e+01	5.529009e+01	93150000	-7.671693e+01	5.539635e+01	2.290888e-01	3.297539e+00
R	9.470771e+01	2.507285e+00	2.036515e+00	93200000	-7.670549e+01	5.556092e+01	2.289016e-01	3.291427e+00
L	-7.665206e+01	5.577116e+01	93250000	-7.669406e+01	5.572519e+01	2.287101e-01	3.285439e+00
R	9.480254e+01	2.507634e+00	1.645020e+00	93300000	-7.668264e+01	5.588917e+01	2.285150e-01	3.279570e+00
L	-7.663379e+01	5.579425e+01	93350000	-7.667123e+01	5.605286e+01	2.283167e-01	3.273820e+00
R	9.505720e+01	2.519878e+00	1.866689e+00	93400000	-7.665983e+01	5.621627e+01	2.281157e-01	3.268185e+00
L	-7.681006e+01	5.631624e+01	93450000	-7.664844e+01	5.637940e+01	2.279123e-01	3.262663e+00
R	9.512371e+01	2.489751e+00	1.385520e+00	93500000	-7.663705e+01	5.654227e+01	2.277069e-01	3.257252e+00
L	-7.678865e+01	5.670623e+01	93550000	-7.662568e+01	5.670487e+01	2.275000e-01	3.251949e+00
R	9.552861e+01	2.507508e+00	1.491147e+00	93600000	-7.661432e+01	5.686720e+01	2.272918e-01	3.246753e+00
L	-7.654522e+01	5.699947e+01	93650000	-7.660297e+01	5.702929e+01	2.270827e-01	3.241661e+00
R	9.543953e+01	2.472447e+00	1.601932e+00	93700000	-7.659163e+01	5.719112e+01	2.268729e-01	3.236671e+00
L	-7.647276e+01	5.732511e+01	93750000	-7.658030e+01	5.735271e+01	2.266627e-01	3.231782e+00
R	9.572671e+01	2.467331e+00	2.594141e+00	93800000	-7.656898e+01	5.751406e+01	2.264524e-01	3.226991e+00
L	-7.689742e+01	5.737099e+01	93850000	-7.655767e+01	5.767517e+01	2.262422e-01	3.222295e+00
R	9.578189e+01	2.500519e+00	2.291471e+00	93900000	-7.654637e+01	5.783606e+01	2.260323e-01	3.217694e+00
L	-7.645802e+01	5.804184e+01	93950000	-7.653509e+01	5.799672e+01	2.258229e-01	3.213185e+00
R	9.639118e+01	2.494582e+00	1.175396e+00	94000000	-7.652381e+01	5.815716e+01	2.256142e-01	3.208767e+00
L	-7.647431e+01	5.834997e+01	94050000	-7.651254e+01	5.831738e+01	2.254064e-01	3.204437e+00
R	9.694239e+01	2.467312e+00	2.141760e+00	94100000	-7.650128e+01	5.847739e+01	2.251996e-01	3.200194e+00
L	-7.669406e+01	5.886711e+01	94150000	-7.649004e+01	5.863719e+01	2.249939e-01	3.196036e+00
R	9.650775e+01	2.511278e+00	1.978419e+00	94200000	-7.647880e+01	5.879679e+01	2.247896e-01	3.191961e+00
L	-7.636590e+01	5.897082e+01	94250000	-7.646757e+01	5.895619e+01	2.245867e-01	3.187968e+00
R	9.644793e+01	2.478623e+00	1.540472e+00	94300000	-7.645635e+01	5.911539e+01	2.243853e-01	3.184055e+00
L	-7.646205e+01	5.903307e+01	94350000	-7.644515e+01	5.927440e+01	2.241856e-01	3.180221e+00
R	9.687345e+01	2.509994e+00	2.133595e+00	94400000	-7.643395e+01	5.943323e+01	2.239876e-01	3.176463e+00
L	-7.622569e+01	5.961474e+01	94450000	-7.642276e+01	5.959186e+01	2.237914e-01	3.172781e+00
R	9.695288e+01	2.470296e+00	1.893741e+00	94500000	-7.641158e+01	5.975032e+01	2.235971e-01	3.169172e+00
L	-7.629285e+01	5.995933e+01	94550000	-7.640041e+01	5.990860e+01	2.234047e-01	3.165636e+00
R	9.677316e+01	2.516588e+00	1.922373e+00	94600000	-7.638925e+01	6.006671e+01	2.232144e-01	3.162171e+00
L	-7.622950e+01	6.023244e+01	94650000	-7.637810e+01	6.022465e+01	2.230262e-01	3.158775e+00
R	9.727647e+01	2.530682e+00	1.461355e+00	94700000	-7.636696e+01	6.038242e+01	2.228400e-01	3.155447e+00
L	-7.660905e+01	6.083940e+01	94750000	-7.635583e+01	6.054003e+01	2.226561e-01	3.152186e+00
R	9.760518e+01	2.457029e+00	1.610048e+00	94800000	-7.634471e+01	6.069748e+01	2.224743e-01	3.148990e+00
L	-7.663451e+01	6.113487e+01	94850000	-7.633359e+01	6.085478e+01	2.222948e-01	3.145858e+00
R	9.792339e+01	2.482520e+00	2.036287e+00	94900000	-7.632249e+01	6.101192e+01	2.221175e-01	3.142789e+00
L	-7.644859e+01	6.123766e+01	94950000	-7.631139e+01	6.116891e+01	2.219426e-01	3.139781e+00
R	9.821639e+01	2.398427e+00	1.971070e+00	95000000	-7.630031e+01	6.132575e+01	2.217699e-01	3.136833e+00
L	-7.617732e+01	6.149768e+01	95050000	-7.628938e+01	6.148246e+01	2.153312e-01	3.134382e+00
R	9.780496e+01	2.456981e+00	1.673433e+00	95100000	-7.627893e+01	6.163905e+01	2.029543e-01	3.132366e+00
L	-7.621481e+01	6.171575e+01	95150000	-7.626924e+01	6.179556e+01	1.849475e-01	3.130698e+00
R	9.848270e+01	2.443803e+00	1.691721e+00	95200000	-7.626058e+01	6.195199e+01	1.616020e-01	3.129263e+00
L	-7.607793e+01	6.208425e+01	95250000	-7.625321e+01	6.210836e+01	1.331937e-01	3.127929e+00
R	9.860008e+01	2.417881e+00	2.356394e+00	95300000	-7.624738e+01	6.226466e+01	9.998477e-02	3.126550e+00
L	-7.646116e+01	6.243542e+01	95350000	-7.624333e+01	6.242088e+01	6.222556e-02	3.124966e+00
R	9.856638e+01	2.431419e+00	1.883459e+00	95400000	-7.624127e+01	6.257702e+01	2.015647e-02	3.123009e+00
L	-7.605615e+01	6.299389e+01	95450000	-7.624142e+01	6.273305e+01	-2.599064e-02	3.120504e+00
R	9.876302e+01	2.441165e+00	1.478790e+00	95500000	-7.624397e+01	6.288894e+01	-7.599094e-02	3.117274e+00
L	-7.599184e+01	6.288473e+01	95550000	-7.624911e+01	6.304464e+01	-1.296253e-01	3.113139e+00
R	9.876937e+01	2.452693e+00	2.347149e+00	95600000	-7.625701e+01	6.320011e+01	-1.866791e-01	3.107918e+00
L	-7.603936e+01	6.368149e+01	95650000	-7.626785e+01	6.335530e+01	-2.469414e-01	3.101434e+00
R	9.948563e+01	2.432899e+00	2.020703e+00	95700000	-7.628178e+01	6.351012e+01	-3.102037e-01	3.093510e+00
L	-7.632571e+01	6.378518e+01	95750000	-7.629893e+01	6.366451e+01	-3.762594e-01	3.083976e+00
R	9.977237e+01	2.463672e+00	1.744025e+00	95800000	-7.631946e+01	6.381838e+01	-4.449032e-01	3.072664e+00
L	-7.642839e+01	6.419014e+01	95850000	-7.634347e+01	6.397164e+01	-5.159304e-01	3.059415e+00
R	9.956196e+01	2.440734e+00	3.226657e+00	95900000	-7.637109e+01	6.412418e+01	-5.891365e-01	3.044075e+00
L	-7.641351e+01	6.448942e+01	95950000	-7.640242e+01	6.427590e+01	-6.643171e-01	3.026498e+00
R	1.005191e+02	2.464000e+00	2.373967e+00	96000000	-7.643755e+01	6.442669e+01	-7.412675e-01	3.006546e+00
L	-7.681857e+01	6.444758e+01	96050000	-7.647657e+01	6.457642e+01	-8.197825e-01	2.984090e+00
R	1.004155e+02	2.457265e+00	2.949531e+00	96100000	-7.651954e+01	6.472496e+01	-8.996565e-01	2.959011e+00
L	-7.673242e+01	6.490209e+01	96150000	-7.656654e+01	6.487218e+01	-9.806835e-01	2.931197e+00
R	9.987174e+01	2.411426e+00	2.845771e+00	96200000	-7.661761e+01	6.501794e+01	-1.062657e+00	2.900548e+00
L	-7.700014e+01	6.528460e+01	96250000	-7.667280e+01	6.516209e+01	-1.145370e+00	2.866974e+00
R	1.013088e+02	2.393395e+00	2.692416e+00	96300000	-7.673214e+01	6.530450e+01	-1.228616e+00	2.830396e+00
L	-7.653788e+01	6.552009e+01	96350000	-7.679565e+01	6.544500e+01	-1.312188e+00	2.790743e+00
R	1.011596e+02	2.438442e+00	2.433978e+00	96400000	-7.686334e+01	6.558344e+01	-1.395879e+00	2.747956e+00
L	-7.695573e+01	6.591266e+01	96450000	-7.693521e+01	6.571966e+01	-1.479484e+00	2.701988e+00
R	1.013544e+02	2.455787e+00	2.803293e+00	96500000	-7.701125e+01	6.585351e+01	-1.562798e+00	2.652802e+00
L	-7.722216e+01	6.592013e+01	96550000	-7.709145e+01	6.598481e+01	-1.645617e+00	2.600370e+00
R	1.013063e+02	2.392375e+00	2.961656e+00	96600000	-7.717577e+01	6.611342e+01	-1.727738e+00	2.544678e+00
L	-7.729849e+01	6.609810e+01	96650000	-7.726417e+01	6.623916e+01	-1.808961e+00	2.485719e+00
R	1.021301e+02	2.404600e+00	3.139428e+00	96700000	-7.735661e+01	6.636187e+01	-1.889089e+00	2.423500e+00
L	-7.737827e+01	6.673128e+01	96750000	-7.745302e+01	6.648139e+01	-1.967926e+00	2.358036e+00
R	1.023267e+02	2.455739e+00	3.065567e+00	96800000	-7.755334e+01	6.659756e+01	-2.045280e+00	2.289353e+00
L	-7.786856e+01	6.683857e+01	96850000	-7.765748e+01	6.671021e+01	-2.120960e+00	2.217488e+00
R	1.030331e+02	2.428030e+00	3.689085e+00	96900000	-7.776536e+01	6.681920e+01	-2.194783e+00	2.142486e+00
L	-7.773830e+01	6.722451e+01	96950000	-7.787688e+01	6.692436e+01	-2.266566e+00	2.064404e+00
R	1.027813e+02	2.405132e+00	3.081214e+00	97000000	-7.799194e+01	6.702554e+01	-2.336132e+00	1.983306e+00
L	-7.821935e+01	6.715236e+01	97050000	-7.811041e+01	6.712259e+01	-2.403310e+00	1.899267e+00
R	1.030691e+02	2.436730e+00	3.025983e+00	97100000	-7.823218e+01	6.721537e+01	-2.467932e+00	1.812370e+00
L	-7.850325e+01	6.722433e+01	97150000	-7.835711e+01	6.730374e+01	-2.529837e+00	1.722706e+00
R	1.038263e+02	2.430220e+00	2.624025e+00	97200000	-7.848507e+01	6.738756e+01	-2.588868e+00	1.630376e+00
L	-7.891842e+01	6.741834e+01	97250000	-7.861590e+01	6.746670e+01	-2.644875e+00	1.535487e+00
R	1.038298e+02	2.397256e+00	2.447798e+00	97300000	-7.874946e+01	6.754103e+01	-2.697715e+00	1.438155e+00
L	-7.880145e+01	6.808956e+01	97350000	-7.888557e+01	6.761044e+01	-2.747251e+00	1.338502e+00
R	1.043033e+02	2.403507e+00	2.890765e+00	97400000	-7.902408e+01	6.767482e+01	-2.793352e+00	1.236656e+00
L	-7.918262e+01	6.754328e+01	97450000	-7.916480e+01	6.773405e+01	-2.835894e+00	1.132756e+00
R	1.039095e+02	2.430065e+00	3.089561e+00	97500000	-7.930756e+01	6.778804e+01	-2.874763e+00	1.026941e+00
L	-7.941423e+01	6.773420e+01	97550000	-7.945216e+01	6.783669e+01	-2.909848e+00	9.193594e-01
R	1.047645e+02	2.451125e+00	2.468720e+00	97600000	-7.959843e+01	6.787993e+01	-2.941049e+00	8.101645e-01
L	-7.992883e+01	6.801444e+01	97650000	-7.974615e+01	6.791767e+01	-2.968273e+00	6.995138e-01
R	1.052237e+02	2.448978e+00	3.013177e+00	97700000	-7.989514e+01	6.794984e+01	-2.991434e+00	5.875694e-01
L	-7.982513e+01	6.774714e+01	97750000	-8.004518e+01	6.797639e+01	-3.010455e+00	4.744979e-01
R	1.052865e+02	2.477805e+00	2.880667e+00	97800000	-8.019607e+01	6.799727e+01	-3.025268e+00	3.604691e-01
L	-8.013351e+01	6.792428e+01	97850000	-8.034759e+01	6.801242e+01	-3.035812e+00	2.456564e-01
R	1.055949e+02	2.463299e+00	2.228179e+00	97900000	-8.049953e+01	6.802181e+01	-3.042033e+00	1.302361e-01
L	-8.062307e+01	6.782567e+01	97950000	-8.065167e+01	6.802543e+01	-3.043889e+00	1.438669e-02
R	1.053693e+02	2.451687e+00	2.576593e+00	98000000	-8.080380e+01	6.802325e+01	-3.041345e+00	-1.017110e-01
L	-8.095581e+01	6.824537e+01	98050000	-8.095569e+01	6.801526e+01	-3.034372e+00	-2.178745e-01
R	1.062890e+02	2.414378e+00	2.071547e+00	98100000	-8.110712e+01	6.800146e+01	-3.022954e+00	-3.339202e-01
L	-8.133339e+01	6.810536e+01	98150000	-8.125787e+01	6.798187e+01	-3.007079e+00	-4.496636e-01
R	1.062593e+02	2.422197e+00	2.208072e+00	98200000	-8.140772e+01	6.795651e+01	-2.986748e+00	-5.649196e-01
L	-8.175453e+01	6.810207e+01	98250000	-8.155643e+01	6.792540e+01	-2.961966e+00	-6.795031e-01
R	1.054962e+02	2.442912e+00	1.536370e+00	98300000	-8.170380e+01	6.788858e+01	-2.932751e+00	-7.932293e-01
L	-8.174821e+01	6.788398e+01	98350000	-8.184960e+01	6.784610e+01	-2.899125e+00	-9.059140e-01
R	1.057358e+02	2.410319e+00	1.380512e+00	98400000	-8.199360e+01	6.779802e+01	-2.861122e+00	-1.017374e+00
L	-8.195803e+01	6.798908e+01	98450000	-8.213560e+01	6.774439e+01	-2.818781e+00	-1.127428e+00
R	1.067435e+02	2.495870e+00	1.129702e+00	98500000	-8.227538e+01	6.768531e+01	-2.772152e+00	-1.235896e+00
L	-8.235022e+01	6.763989e+01	98550000	-8.241271e+01	6.762085e+01	-2.721290e+00	-1.342599e+00
R	1.063401e+02	2.445262e+00	1.039742e+00	98600000	-8.254740e+01	6.755110e+01	-2.666261e+00	-1.447363e+00
L	-8.261083e+01	6.755047e+01	98650000	-8.267924e+01	6.747616e+01	-2.607137e+00	-1.550015e+00
R	1.066035e+02	2.442487e+00	3.611181e-01	98700000	-8.280802e+01	6.739615e+01	-2.543997e+00	-1.650386e+00
L	-8.285775e+01	6.729567e+01	98750000	-8.293355e+01	6.731118e+01	-2.476928e+00	-1.748310e+00
R	1.068414e+02	2.477548e+00	5.617571e-01	98800000	-8.305562e+01	6.722138e+01	-2.406026e+00	-1.843623e+00
L	-8.331864e+01	6.703658e+01	98850000	-8.317406e+01	6.712688e+01	-2.331390e+00	-1.936169e+00
R	1.068068e+02	2.470482e+00	3.034746e-01	98900000	-8.328868e+01	6.702783e+01	-2.253129e+00	-2.025793e+00
L	-8.346541e+01	6.672493e+01	98950000	-8.339929e+01	6.692437e+01	-2.171357e+00	-2.112347e+00
R	1.068248e+02	2.414352e+00	5.891605e-02	99000000	-8.350573e+01	6.681667e+01	-2.086197e+00	-2.195685e+00
L	-8.352684e+01	6.673059e+01	99050000	-8.360784e+01	6.670488e+01	-1.997774e+00	-2.275668e+00
R	1.069144e+02	2.462854e+00	2.975011e-01	99100000	-8.370544e+01	6.658918e+01	-1.906223e+00	-2.352163e+00
L	-8.397516e+01	6.653608e+01	99150000	-8.379839e+01	6.646975e+01	-1.811680e+00	-2.425042e+00
R	1.067376e+02	2.480766e+00	-2.482852e-01	99200000	-8.388654e+01	6.634676e+01	-1.714292e+00	-2.494182e+00
L	-8.405124e+01	6.626726e+01	99250000	-8.396976e+01	6.622041e+01	-1.614206e+00	-2.559467e+00
R	1.067269e+02	2.438844e+00	-5.766756e-01	99300000	-8.404791e+01	6.609090e+01	-1.511578e+00	-2.620786e+00
L	-8.430907e+01	6.598020e+01	99350000	-8.412086e+01	6.595842e+01	-1.406565e+00	-2.678037e+00
R	1.066839e+02	2.440098e+00	-5.493192e-01	99400000	-8.418851e+01	6.582319e+01	-1.299330e+00	-2.731123e+00
L	-8.419048e+01	6.565773e+01	99450000	-8.425075e+01	6.568541e+01	-1.190040e+00	-2.779952e+00
R	1.067015e+02	2.508149e+00	-9.632035e-01	99500000	-8.430748e+01	6.554529e+01	-1.078867e+00	-2.824443e+00
L	-8.431989e+01	6.523281e+01	99550000	-8.435860e+01	6.540306e+01	-9.659831e-01	-2.864519e+00
R	1.068573e+02	2.479137e+00	-9.447487e-01	99600000	-8.440404e+01	6.525893e+01	-8.515663e-01	-2.900111e+00
L	-8.448470e+01	6.500020e+01	99650000	-8.444373e+01	6.511314e+01	-7.357962e-01	-2.931158e+00
R	1.062088e+02	2.479833e+00	-1.450243e+00	99700000	-8.447760e+01	6.496591e+01	-6.188554e-01	-2.957606e+00
L	-8.470017e+01	6.500512e+01	99750000	-8.450559e+01	6.481748e+01	-5.009281e-01	-2.979407e+00
R	1.067355e+02	2.427489e+00	-2.158899e+00	99800000	-8.452767e+01	6.466807e+01	-3.822009e-01	-2.996524e+00
L	-8.477174e+01	6.454141e+01	99850000	-8.454380e+01	6.451793e+01	-2.628614e-01	-3.008924e+00
R	1.070702e+02	2.455471e+00	-1.808506e+00	99900000	-8.455395e+01	6.436728e+01	-1.430989e-01	-3.016584e+00
L	-8.435817e+01	6.414207e+01	99950000	-8.455810e+01	6.421637e+01	-2.310321e-02	-3.019488e+00
R	1.064203e+02	2.521227e+00	-1.908384e+00	100000000	-8.455626e+01	6.406543e+01	9.693510e-02	-3.017629e+00
L	-8.441615e+01	6.405309e+01	100050000	-8.454846e+01	6.391270e+01	2.135960e-01	-3.051335e+00
R	1.054625e+02	2.490154e+00	-2.304667e+00	100100000	-8.453488e+01	6.375842e+01	3.270347e-01	-3.080314e+00
L	-8.451122e+01	6.342077e+01	100150000	-8.451567e+01	6.360283e+01	4.371423e-01	-3.105053e+00
R	1.053616e+02	2.499175e+00	-2.314157e+00	100200000	-8.449101e+01	6.344611e+01	5.438507e-01	-3.126004e+00
L	-8.425324e+01	6.332003e+01	100250000	-8.446108e+01	6.328846e+01	6.471265e-01	-3.143584e+00
R	1.058487e+02	2.538840e+00	-2.148133e+00	100300000	-8.442604e+01	6.313003e+01	7.469648e-01	-3.158177e+00
L	-8.491630e+01	6.285501e+01	100350000	-8.438608e+01	6.297096e+01	8.433845e-01	-3.170135e+00
R	1.052995e+02	2.461779e+00	-2.808652e+00	100400000	-8.434136e+01	6.281137e+01	9.364241e-01	-3.179777e+00
L	-8.419177e+01	6.265850e+01	100450000	-8.429206e+01	6.265137e+01	1.026138e+00	-3.187396e+00
R	1.047821e+02	2.555311e+00	-2.922724e+00	100500000	-8.423833e+01	6.249106e+01	1.112592e+00	-3.193256e+00
L	-8.401365e+01	6.232307e+01	100550000	-8.418035e+01	6.233052e+01	1.195862e+00	-3.197596e+00
R	1.046288e+02	2.494364e+00	-3.180700e+00	100600000	-8.411828e+01	6.216982e+01	1.276034e+00	-3.200632e+00
L	-8.408550e+01	6.180416e+01	100650000	-8.405225e+01	6.200901e+01	1.353195e+00	-3.202557e+00
R	1.044822e+02	2.510218e+00	-3.181084e+00	100700000	-8.398244e+01	6.184815e+01	1.427438e+00	-3.203544e+00
L	-8.378981e+01	6.153095e+01	100750000	-8.390898e+01	6.168728e+01	1.498860e+00	-3.203749e+00
R	1.033968e+02	2.521102e+00	-3.572277e+00	100800000	-8.383200e+01	6.152644e+01	1.567557e+00	-3.203310e+00
L	-8.396095e+01	6.139009e+01	100850000	-8.375166e+01	6.136565e+01	1.633625e+00	-3.202349e+00
R	1.039547e+02	2.486666e+00	-3.527338e+00	100900000	-8.366807e+01	6.120494e+01	1.697162e+00	-3.200976e+00
L	-8.335542e+01	6.083245e+01	100950000	-8.358136e+01	6.104432e+01	1.758263e+00	-3.199285e+00
R	1.035873e+02	2.524419e+00	-3.569739e+00	101000000	-8.349165e+01	6.088381e+01	1.817021e+00	-3.197361e+00
L	-8.341952e+01	6.059442e+01	101050000	-8.339906e+01	6.072342e+01	1.873529e+00	-3.195278e+00
R	1.027924e+02	2.508380e+00	-3.649066e+00	101100000	-8.330369e+01	6.056315e+01	1.927876e+00	-3.193101e+00
L	-8.345280e+01	6.050985e+01	101150000	-8.320566e+01	6.040300e+01	1.980149e+00	-3.190884e+00
R	1.024621e+02	2.538247e+00	-3.561609e+00	101200000	-8.310507e+01	6.024298e+01	2.030432e+00	-3.188677e+00
L	-8.258009e+01	6.016680e+01	101250000	-8.300201e+01	6.008308e+01	2.078808e+00	-3.186519e+00
R	1.018832e+02	2.474518e+00	-3.856925e+00	101300000	-8.289658e+01	5.992331e+01	2.125354e+00	-3.184447e+00
L	-8.285315e+01	5.951576e+01	101350000	-8.278886e+01	5.976365e+01	2.170147e+00	-3.182490e+00
R	1.015860e+02	2.517424e+00	-4.124305e+00	101400000	-8.267895e+01	5.960409e+01	2.213260e+00	-3.180672e+00
L	-8.258193e+01	5.947959e+01	101450000	-8.256693e+01	5.944464e+01	2.254762e+00	-3.179014e+00
R	1.012526e+02	2.536334e+00	-3.692573e+00	101500000	-8.245288e+01	5.928527e+01	2.294722e+00	-3.177531e+00
L	-8.217286e+01	5.922570e+01	101550000	-8.233686e+01	5.912599e+01	2.333203e+00	-3.176237e+00
R	1.011145e+02	2.514696e+00	-3.638046e+00	101600000	-8.221896e+01	5.896678e+01	2.370268e+00	-3.175142e+00
L	-8.204258e+01	5.855371e+01	101650000	-8.209924e+01	5.880763e+01	2.405975e+00	-3.174253e+00
R	1.010748e+02	2.503764e+00	-3.491085e+00	101700000	-8.197778e+01	5.864852e+01	2.440381e+00	-3.173575e+00
L	-8.182775e+01	5.839202e+01	101750000	-8.185462e+01	5.848946e+01	2.473540e+00	-3.173110e+00
R	1.004101e+02	2.564947e+00	-4.107433e+00	101800000	-8.172985e+01	5.833043e+01	2.505505e+00	-3.172859e+00
L	-8.185994e+01	5.813306e+01	101850000	-8.160350e+01	5.817141e+01	2.536324e+00	-3.172823e+00
R	1.003964e+02	2.570489e+00	-3.620882e+00	101900000	-8.147565e+01	5.801240e+01	2.566045e+00	-3.172998e+00
L	-8.166438e+01	5.781781e+01	101950000	-8.134634e+01	5.785338e+01	2.594712e+00	-3.173382e+00
R	9.947895e+01	2.518637e+00	-4.304474e+00	102000000	-8.121563e+01	5.769435e+01	2.622371e+00	-3.173972e+00
L	-8.112482e+01	5.735767e+01	102050000	-8.108356e+01	5.753529e+01	2.649060e+00	-3.174761e+00
R	9.991780e+01	2.526793e+00	-4.173923e+00	102100000	-8.095019e+01	5.737619e+01	2.674821e+00	-3.175746e+00
L	-8.100148e+01	5.736073e+01	102150000	-8.081555e+01	5.721705e+01	2.699690e+00	-3.176918e+00
R	9.899211e+01	2.560900e+00	-3.954956e+00	102200000	-8.067970e+01	5.705785e+01	2.723703e+00	-3.178273e+00
L	-8.061294e+01	5.678941e+01	102250000	-8.054267e+01	5.689859e+01	2.746895e+00	-3.179803e+00
R	9.817916e+01	2.514917e+00	-3.891416e+00	102300000	-8.040450e+01	5.673926e+01	2.769299e+00	-3.181501e+00
L	-8.034798e+01	5.662248e+01	102350000	-8.026524e+01	5.657984e+01	2.790946e+00	-3.183360e+00
R	9.822209e+01	2.514462e+00	-3.839473e+00	102400000	-8.012492e+01	5.642034e+01	2.811866e+00	-3.185371e+00
L	-7.992053e+01	5.631820e+01	102450000	-7.998357e+01	5.626073e+01	2.832088e+00	-3.187529e+00
R	9.757268e+01	2.534288e+00	-4.425256e+00	102500000	-7.984123e+01	5.610102e+01	2.851639e+00	-3.189824e+00
L	-7.982371e+01	5.597874e+01	102550000	-7.969794e+01	5.594120e+01	2.870545e+00	-3.192250e+00
R	9.742974e+01	2.523163e+00	-4.048833e+00	102600000	-7.955372e+01	5.578126e+01	2.888831e+00	-3.194798e+00
L	-7.944323e+01	5.550378e+01	102650000	-7.940860e+01	5.562120e+01	2.906522e+00	-3.197462e+00
R	9.674302e+01	2.542588e+00	-4.436798e+00	102700000	-7.926262e+01	5.546101e+01	2.923640e+00	-3.200234e+00
L	-7.920490e+01	5.522640e+01	102750000	-7.911580e+01	5.530068e+01	2.940206e+00	-3.203107e+00
R	9.636905e+01	2.487786e+00	-4.177024e+00	102800000	-7.896817e+01	5.514021e+01	2.956243e+00	-3.206073e+00
L	-7.878051e+01	5.501040e+01	102850000	-7.881975e+01	5.497959e+01	2.971770e+00	-3.209127e+00
R	9.571754e+01	2.541406e+00	-4.618007e+00	102900000	-7.867057e+01	5.481883e+01	2.986806e+00	-3.212260e+00
L	-7.863484e+01	5.477776e+01	102950000	-7.852066e+01	5.465791e+01	3.001370e+00	-3.215467e+00
R	9.505699e+01	2.514639e+00	-4.486689e+00	103000000	-7.837003e+01	5.449683e+01	3.015479e+00	-3.218742e+00
L	-7.812127e+01	5.411958e+01	103050000	-7.821871e+01	5.433560e+01	3.029150e+00	-3.222078e+00
R	9.484571e+01	2.502379e+00	-3.841592e+00	103100000	-7.806673e+01	5.417420e+01	3.042400e+00	-3.225469e+00
L	-7.795555e+01	5.393473e+01	103150000	-7.791409e+01	5.401263e+01	3.055243e+00	-3.228910e+00
R	9.462093e+01	2.561825e+00	-4.984166e+00	103200000	-7.776083e+01	5.385090e+01	3.067695e+00	-3.232395e+00
L	-7.776909e+01	5.372175e+01	103250000	-7.760695e+01	5.368899e+01	3.079769e+00	-3.235919e+00
R	9.395997e+01	2.493597e+00	-4.597675e+00	103300000	-7.745249e+01	5.352692e+01	3.091480e+00	-3.239478e+00
L	-7.727396e+01	5.341352e+01	103350000	-7.729745e+01	5.336466e+01	3.102841e+00	-3.243065e+00
R	9.429685e+01	2.488659e+00	-4.850948e+00	103400000	-7.714186e+01	5.320224e+01	3.113863e+00	-3.246678e+00
L	-7.716689e+01	5.318557e+01	103450000	-7.698572e+01	5.303963e+01	3.124560e+00	-3.250310e+00
R	9.299786e+01	2.493237e+00	-4.183533e+00	103500000	-7.682906e+01	5.287685e+01	3.134942e+00	-3.253959e+00
L	-7.678291e+01	5.288118e+01	103550000	-7.667190e+01	5.271388e+01	3.145021e+00	-3.257620e+00
R	9.288686e+01	2.519919e+00	-4.178736e+00	103600000	-7.651424e+01	5.255074e+01	3.154806e+00	-3.261290e+00
L	-7.623372e+01	5.261271e+01	103650000	-7.635610e+01	5.238742e+01	3.164310e+00	-3.264964e+00
R	9.225229e+01	2.531194e+00	-4.023982e+00	103700000	-7.619750e+01	5.222392e+01	3.173540e+00	-3.268640e+00
L	-7.587171e+01	5.209881e+01	103750000	-7.603844e+01	5.206023e+01	3.182507e+00	-3.272314e+00
R	9.167349e+01	2.510312e+00	-4.912771e+00	103800000	-7.587895e+01	5.189637e+01	3.191219e+00	-3.275983e+00
L	-7.586764e+01	5.170131e+01	103850000	-7.571902e+01	5.173233e+01	3.199685e+00	-3.279645e+00
R	9.112133e+01	2.564335e+00	-5.274054e+00	103900000	-7.555869e+01	5.156810e+01	3.207914e+00	-3.283297e+00
L	-7.551814e+01	5.130167e+01	103950000	-7.539795e+01	5.140370e+01	3.215914e+00	-3.286936e+00
R	9.121023e+01	2.559387e+00	-4.885939e+00	104000000	-7.523682e+01	5.123912e+01	3.223691e+00	-3.290559e+00
L	-7.504100e+01	5.091770e+01	104050000	-7.507531e+01	5.107436e+01	3.231254e+00	-3.294166e+00
R	9.066221e+01	2.508112e+00	-4.493765e+00	104100000	-7.491343e+01	5.090942e+01	3.238610e+00	-3.297752e+00
L	-7.453090e+01	5.105034e+01	104150000	-7.475118e+01	5.074431e+01	3.245765e+00	-3.301318e+00
R	9.044647e+01	2.514764e+00	-4.702648e+00	104200000	-7.458859e+01	5.057903e+01	3.252726e+00	-3.304860e+00
L	-7.456564e+01	5.032204e+01	104250000	-7.442566e+01	5.041357e+01	3.259500e+00	-3.308378e+00
R	8.914035e+01	2.527816e+00	-4.225683e+00	104300000	-7.426239e+01	5.024793e+01	3.266091e+00	-3.311869e+00
L	-7.376365e+01	5.014733e+01	104350000	-7.409881e+01	5.008213e+01	3.272507e+00	-3.315332e+00
R	8.926855e+01	2.567939e+00	-5.048602e+00	104400000	-7.393491e+01	4.991616e+01	3.278753e+00	-3.318766e+00
L	-7.389756e+01	4.987079e+01	104450000	-7.377070e+01	4.975001e+01	3.284833e+00	-3.322170e+00
R	8.867925e+01	2.537739e+00	-4.330964e+00	104500000	-7.360619e+01	4.958370e+01	3.290755e+00	-3.325542e+00
L	-7.372741e+01	4.959231e+01	104550000	-7.344140e+01	4.941723e+01	3.296521e+00	-3.328882e+00
R	8.804589e+01	2.566723e+00	-4.599225e+00	104600000	-7.327632e+01	4.925059e+01	3.302138e+00	-3.332188e+00
L	-7.300170e+01	4.923264e+01	104650000	-7.311097e+01	4.908379e+01	3.307609e+00	-3.335459e+00
R	8.752511e+01	2.575995e+00	-4.459107e+00	104700000	-7.294535e+01	4.891683e+01	3.312940e+00	-3.338696e+00
L	-7.256565e+01	4.867049e+01	104750000	-7.277947e+01	4.874971e+01	3.318135e+00	-3.341896e+00
R	8.772302e+01	2.573797e+00	-4.754749e+00	104800000	-7.261333e+01	4.858243e+01	3.323197e+00	-3.345060e+00
L	-7.229678e+01	4.835915e+01	104850000	-7.244695e+01	4.841500e+01	3.328131e+00	-3.348188e+00
R	8.717769e+01	2.550000e+00	-4.600237e+00	104900000	-7.228032e+01	4.824741e+01	3.332940e+00	-3.351277e+00
L	-7.210327e+01	4.823177e+01	104950000	-7.211346e+01	4.807968e+01	3.337629e+00	-3.354329e+00
R	8.641367e+01	2.571516e+00	-4.462826e+00	105000000	-7.194637e+01	4.791179e+01	3.342201e+00	-3.357343e+00
L	-7.190794e+01	4.788235e+01	105050000	-7.177906e+01	4.774375e+01	3.346660e+00	-3.360318e+00
R	8.641656e+01	2.570515e+00	-4.530565e+00	105100000	-7.161152e+01	4.757557e+01	3.351008e+00	-3.363254e+00
L	-7.157155e+01	4.760065e+01	105150000	-7.144378e+01	4.740725e+01	3.355248e+00	-3.366152e+00
R	8.504859e+01	2.560623e+00	-4.196449e+00	105200000	-7.127583e+01	4.723878e+01	3.359385e+00	-3.369010e+00
L	-7.121102e+01	4.715111e+01	105250000	-7.110767e+01	4.707018e+01	3.363421e+00	-3.371829e+00
R	8.482404e+01	2.577174e+00	-5.094587e+00	105300000	-7.093932e+01	4.690143e+01	3.367359e+00	-3.374608e+00
L	-7.083261e+01	4.663688e+01	105350000	-7.077077e+01	4.673255e+01	3.371202e+00	-3.377349e+00
R	8.460475e+01	2.507517e+00	-4.226061e+00	105400000	-7.060204e+01	4.656353e+01	3.374952e+00	-3.380050e+00
L	-7.038661e+01	4.632106e+01	105450000	-7.043312e+01	4.639439e+01	3.378612e+00	-3.382711e+00
R	8.455255e+01	2.558986e+00	-4.609210e+00	105500000	-7.026402e+01	4.622511e+01	3.382185e+00	-3.385334e+00
L	-7.005151e+01	4.629432e+01	105550000	-7.009475e+01	4.605570e+01	3.385673e+00	-3.387918e+00
R	8.368390e+01	2.528828e+00	-4.666781e+00	105600000	-6.992531e+01	4.588617e+01	3.389078e+00	-3.390462e+00
L	-6.969272e+01	4.571263e+01	105650000	-6.975570e+01	4.571651e+01	3.392403e+00	-3.392968e+00
R	8.297184e+01	2.537787e+00	-5.209766e+00	105700000	-6.958592e+01	4.554673e+01	3.395649e+00	-3.395435e+00
L	-6.934382e+01	4.525165e+01	105750000	-6.941599e+01	4.537682e+01	3.398820e+00	-3.397865e+00
R	8.250337e+01	2.578506e+00	-4.383632e+00	105800000	-6.924590e+01	4.520680e+01	3.401917e+00	-3.400256e+00
L	-6.923100e+01	4.498397e+01	105850000	-6.907567e+01	4.503666e+01	3.404941e+00	-3.402609e+00
R	8.210670e+01	2.579598e+00	-5.025764e+00	105900000	-6.890528e+01	4.486641e+01	3.407896e+00	-3.404924e+00
L	-6.885508e+01	4.475905e+01	105950000	-6.873475e+01	4.469604e+01	3.410782e+00	-3.407203e+00
R	8.157206e+01	2.534781e+00	-4.723151e+00	106000000	-6.856407e+01	4.452556e+01	3.413602e+00	-3.409444e+00
L	-6.853071e+01	4.431394e+01	106050000	-6.839326e+01	4.435497e+01	3.416357e+00	-3.411649e+00
R	8.166573e+01	2.561570e+00	-4.766637e+00	106100000	-6.822232e+01	4.418427e+01	3.419049e+00	-3.413817e+00
L	-6.812182e+01	4.378529e+01	106150000	-6.805124e+01	4.401347e+01	3.421680e+00	-3.415950e+00
R	8.086080e+01	2.598625e+00	-4.352140e+00	106200000	-6.788003e+01	4.384256e+01	3.424252e+00	-3.418047e+00
L	-6.728069e+01	4.362723e+01	106250000	-6.770870e+01	4.367155e+01	3.426765e+00	-3.420109e+00
R	8.039463e+01	2.536379e+00	-4.180433e+00	106300000	-6.753724e+01	4.350044e+01	3.429221e+00	-3.422136e+00
L	-6.721694e+01	4.347334e+01	106350000	-6.736567e+01	4.332923e+01	3.431622e+00	-3.424128e+00
R	8.003910e+01	2.566677e+00	-5.502213e+00	106400000	-6.719397e+01	4.315792e+01	3.433970e+00	-3.426087e+00
L	-6.683466e+01	4.308667e+01	106450000	-6.702217e+01	4.298651e+01	3.436264e+00	-3.428012e+00
R	7.946294e+01	2.547159e+00	-4.485142e+00	106500000	-6.685024e+01	4.281501e+01	3.438508e+00	-3.429903e+00
L	-6.663341e+01	4.267351e+01	106550000	-6.667821e+01	4.264342e+01	3.440702e+00	-3.431762e+00
R	7.857868e+01	2.539603e+00	-4.776517e+00	106600000	-6.650608e+01	4.247174e+01	3.442847e+00	-3.433589e+00
L	-6.634975e+01	4.214396e+01	106650000	-6.633383e+01	4.229997e+01	3.444945e+00	-3.435383e+00
R	7.895582e+01	2.561432e+00	-4.773325e+00	106700000	-6.616149e+01	4.212811e+01	3.446996e+00	-3.437146e+00
L	-6.595002e+01	4.217698e+01	106750000	-6.598904e+01	4.195616e+01	3.449002e+00	-3.438877e+00
R	7.772722e+01	2.570365e+00	-5.139834e+00	106800000	-6.581649e+01	4.178413e+01	3.450965e+00	-3.440578e+00
L	-6.548652e+01	4.167593e+01	106850000	-6.564385e+01	4.161201e+01	3.452884e+00	-3.442249e+00
R	7.753126e+01	2.585830e+00	-4.216225e+00	106900000	-6.547112e+01	4.143981e+01	3.454762e+00	-3.443890e+00
L	-6.531480e+01	4.117995e+01	106950000	-6.529829e+01	4.126754e+01	3.456598e+00	-3.445501e+00
R	7.683366e+01	2.609608e+00	-4.587880e+00	107000000	-6.512537e+01	4.109518e+01	3.458395e+00	-3.447083e+00
L	-6.488034e+01	4.082548e+01	107050000	-6.495237e+01	4.092274e+01	3.460152e+00	-3.448637e+00
R	7.669457e+01	2.598104e+00	-4.735589e+00	107100000	-6.477928e+01	4.075023e+01	3.461872e+00	-3.450162e+00
L	-6.462587e+01	4.064867e+01	107150000	-6.460610e+01	4.057765e+01	3.463554e+00	-3.451660e+00
R	7.617349e+01	2.567097e+00	-4.863900e+00	107200000	-6.443284e+01	4.040499e+01	3.465201e+00	-3.453130e+00
L	-6.451678e+01	4.032188e+01	107250000	-6.425950e+01	4.023226e+01	3.466811e+00	-3.454574e+00
R	7.554344e+01	2.629416e+00	-5.308227e+00	107300000	-6.408609e+01	4.005946e+01	3.468388e+00	-3.455991e+00
L	-6.388715e+01	3.997553e+01	107350000	-6.391259e+01	3.988659e+01	3.469930e+00	-3.457382e+00
R	7.488927e+01	2.598875e+00	-4.690424e+00	107400000	-6.373902e+01	3.971365e+01	3.471439e+00	-3.458747e+00
L	-6.348595e+01	3.950564e+01	107450000	-6.356538e+01	3.954064e+01	3.472917e+00	-3.460087e+00
R	7.366807e+01	2.588286e+00	-4.749412e+00	107500000	-6.339166e+01	3.936757e+01	3.474363e+00	-3.461402e+00
L	-6.332755e+01	3.899564e+01	107550000	-6.321787e+01	3.919443e+01	3.475778e+00	-3.462692e+00
R	7.430002e+01	2.599247e+00	-4.305925e+00	107600000	-6.304402e+01	3.902123e+01	3.477163e+00	-3.463959e+00
L	-6.299107e+01	3.902580e+01	107650000	-6.287009e+01	3.884797e+01	3.478518e+00	-3.465202e+00
R	7.367012e+01	2.573981e+00	-4.631820e+00	107700000	-6.269610e+01	3.867465e+01	3.479845e+00	-3.466421e+00
L	-6.239057e+01	3.842249e+01	107750000	-6.252205e+01	3.850127e+01	3.481144e+00	-3.467618e+00
R	7.365778e+01	2.590969e+00	-5.153205e+00	107800000	-6.234793e+01	3.832783e+01	3.482415e+00	-3.468792e+00
L	-6.234455e+01	3.831512e+01	107850000	-6.217374e+01	3.815433e+01	3.483660e+00	-3.469944e+00
R	7.254229e+01	2.594632e+00	-4.753025e+00	107900000	-6.199950e+01	3.798077e+01	3.484879e+00	-3.471074e+00
L	-6.184206e+01	3.795407e+01	107950000	-6.182520e+01	3.780716e+01	3.486072e+00	-3.472183e+00
R	7.208497e+01	2.560249e+00	-5.476589e+00	108000000	-6.165084e+01	3.763350e+01	3.487240e+00	-3.473271e+00
L	-6.149419e+01	3.742017e+01	108050000	-6.147642e+01	3.745978e+01	3.488383e+00	-3.474339e+00
R	7.212226e+01	2.574017e+00	-4.480391e+00	108100000	-6.130195e+01	3.728601e+01	3.489503e+00	-3.475386e+00
L	-6.117077e+01	3.737029e+01	108150000	-6.112742e+01	3.711219e+01	3.490599e+00	-3.476413e+00
R	7.097981e+01	2.584728e+00	-4.584796e+00	108200000	-6.095283e+01	3.693832e+01	3.491672e+00	-3.477420e+00
L	-6.059993e+01	3.689099e+01	108250000	-6.077820e+01	3.676440e+01	3.492723e+00	-3.478408e+00
R	7.039244e+01	2.631057e+00	-4.792044e+00	108300000	-6.060351e+01	3.659043e+01	3.493752e+00	-3.479378e+00
L	-6.067299e+01	3.633259e+01	108350000	-6.042877e+01	3.641641e+01	3.494759e+00	-3.480328e+00
R	7.020943e+01	2.576100e+00	-4.398195e+00	108400000	-6.025399e+01	3.624235e+01	3.495746e+00	-3.481261e+00
L	-5.999862e+01	3.623915e+01	108450000	-6.007915e+01	3.606824e+01	3.496712e+00	-3.482175e+00
R	6.957079e+01	2.551666e+00	-4.654886e+00	108500000	-5.990427e+01	3.589408e+01	3.497659e+00	-3.483072e+00
L	-5.972423e+01	3.584937e+01	108550000	-5.972934e+01	3.571989e+01	3.498585e+00	-3.483952e+00
R	6.955376e+01	2.608161e+00	-4.550600e+00	108600000	-5.955437e+01	3.554564e+01	3.499493e+00	-3.484815e+00
L	-5.936785e+01	3.540214e+01	108650000	-5.937935e+01	3.537136e+01	3.500381e+00	-3.485661e+00
R	6.947009e+01	2.643917e+00	-5.106808e+00	108700000	-5.920429e+01	3.519704e+01	3.501252e+00	-3.486491e+00
L	-5.926648e+01	3.522626e+01	108750000	-5.902918e+01	3.502267e+01	3.502104e+00	-3.487305e+00
R	6.826644e+01	2.603043e+00	-4.937803e+00	108800000	-5.885404e+01	3.484826e+01	3.502939e+00	-3.488103e+00
L	-5.862978e+01	3.461173e+01	108850000	-5.867885e+01	3.467382e+01	3.503756e+00	-3.488885e+00
R	6.756107e+01	2.555235e+00	-5.508926e+00	108900000	-5.850362e+01	3.449934e+01	3.504557e+00	-3.489652e+00
L	-5.848648e+01	3.450852e+01	108950000	-5.832836e+01	3.432481e+01	3.505342e+00	-3.490405e+00
R	6.715768e+01	2.609897e+00	-4.454762e+00	109000000	-5.815305e+01	3.415026e+01	3.506110e+00	-3.491143e+00
L	-5.778063e+01	3.389211e+01	109050000	-5.797771e+01	3.397566e+01	3.506862e+00	-3.491866e+00
R	6.717323e+01	2.601182e+00	-5.372460e+00	109100000	-5.780233e+01	3.380103e+01	3.507599e+00	-3.492576e+00
L	-5.748330e+01	3.364289e+01	109150000	-5.762691e+01	3.362637e+01	3.508321e+00	-3.493271e+00
R	6.621759e+01	2.620500e+00	-4.690429e+00	109200000	-5.745146e+01	3.345167e+01	3.509028e+00	-3.493953e+00
L	-5.725100e+01	3.313171e+01	109250000	-5.727598e+01	3.327694e+01	3.509721e+00	-3.494622e+00
R	6.594923e+01	2.625386e+00	-4.563836e+00	109300000	-5.710046e+01	3.310218e+01	3.510400e+00	-3.495277e+00
L	-5.695729e+01	3.276490e+01	109350000	-5.692490e+01	3.292738e+01	3.511064e+00	-3.495920e+00
R	6.564994e+01	2.655257e+00	-4.967978e+00	109400000	-5.674932e+01	3.275255e+01	3.511715e+00	-3.496550e+00
L	-5.649782e+01	3.273493e+01	109450000	-5.657370e+01	3.257769e+01	3.512353e+00	-3.497168e+00
R	6.536120e+01	2.660445e+00	-4.703510e+00	109500000	-5.639805e+01	3.240280e+01	3.512978e+00	-3.497774e+00
L	-5.601122e+01	3.243073e+01	109550000	-5.622237e+01	3.222788e+01	3.513590e+00	-3.498368e+00
R	6.431662e+01	2.631394e+00	-4.717038e+00	109600000	-5.604667e+01	3.205294e+01	3.514189e+00	-3.498950e+00
L	-5.597361e+01	3.182858e+01	109650000	-5.587093e+01	3.187796e+01	3.514777e+00	-3.499521e+00
R	6.348371e+01	2.645422e+00	-4.531877e+00	109700000	-5.569516e+01	3.170296e+01	3.515352e+00	-3.500081e+00
L	-5.534673e+01	3.173023e+01	109750000	-5.551936e+01	3.152792e+01	3.515916e+00	-3.500629e+00
R	6.342598e+01	2.621360e+00	-4.322291e+00	109800000	-5.534354e+01	3.135287e+01	3.516468e+00	-3.501167e+00
L	-5.500574e+01	3.106715e+01	109850000	-5.516769e+01	3.117778e+01	3.517009e+00	-3.501695e+00
R	6.242084e+01	2.621374e+00	-5.104625e+00	109900000	-5.499181e+01	3.100267e+01	3.517539e+00	-3.502211e+00
L	-5.480651e+01	3.097317e+01	109950000	-5.481591e+01	3.082753e+01	3.518058e+00	-3.502718e+00
R	6.221645e+01	2.638597e+00	-5.147388e+00	110000000	-5.463998e+01	3.065237e+01	3.518567e+00	-3.503215e+00
L	-5.409182e+01	3.048477e+01	110050000	-5.446418e+01	3.047703e+01	3.512929e+00	-3.509855e+00
R	6.231521e+01	2.601194e+00	-5.413916e+00	110100000	-5.428881e+01	3.030122e+01	3.501417e+00	-3.522302e+00
L	-5.425799e+01	2.998113e+01	110150000	-5.411416e+01	3.012464e+01	3.484264e+00	-3.540210e+00
R	6.204784e+01	2.600349e+00	-4.507991e+00	110200000	-5.394050e+01	2.994704e+01	3.461668e+00	-3.563222e+00
L	-5.370488e+01	2.975144e+01	110250000	-5.376810e+01	2.976818e+01	3.433795e+00	-3.590979e+00
R	6.047580e+01	2.620695e+00	-4.437047e+00	110300000	-5.359722e+01	2.958781e+01	3.400788e+00	-3.623118e+00
L	-5.334753e+01	2.942818e+01	110350000	-5.342812e+01	2.940574e+01	3.362767e+00	-3.659272e+00
R	6.031965e+01	2.643566e+00	-4.613733e+00	110400000	-5.326104e+01	2.922177e+01	3.319834e+00	-3.699079e+00
L	-5.316915e+01	2.910069e+01	110450000	-5.309623e+01	2.903572e+01	3.272081e+00	-3.742174e+00
R	6.007104e+01	2.582386e+00	-4.832746e+00	110500000	-5.293393e+01	2.884745e+01	3.219583e+00	-3.788197e+00
L	-5.287791e+01	2.883966e+01	110550000	-5.277437e+01	2.865681e+01	3.162412e+00	-3.836791e+00
R	6.003902e+01	2.644206e+00	-4.740917e+00	110600000	-5.261778e+01	2.846368e+01	3.100633e+00	-3.887601e+00
L	-5.238066e+01	2.849209e+01	110650000	-5.246439e+01	2.826797e+01	3.034305e+00	-3.940279e+00
R	5.907908e+01	2.629957e+00	-4.154691e+00	110700000	-5.231444e+01	2.806959e+01	2.963488e+00	-3.994480e+00
L	-5.209601e+01	2.780269e+01	110750000	-5.216813e+01	2.786846e+01	2.888242e+00	-4.049866e+00
R	5.927026e+01	2.669419e+00	-4.690481e+00	110800000	-5.202570e+01	2.766455e+01	2.808626e+00	-4.106105e+00
L	-5.184615e+01	2.745672e+01	110850000	-5.188735e+01	2.745780e+01	2.724704e+00	-4.162870e+00
R	5.898401e+01	2.675191e+00	-4.153812e+00	110900000	-5.175331e+01	2.724822e+01	2.636542e+00	-4.219841e+00
L	-5.160378e+01	2.711393e+01	110950000	-5.162378e+01	2.703579e+01	2.544212e+00	-4.276707e+00
R	5.764774e+01	2.617814e+00	-4.055734e+00	111000000	-5.149897e+01	2.682052e+01	2.447789e+00	-4.333161e+00
L	-5.131912e+01	2.654193e+01	111050000	-5.137908e+01	2.660245e+01	2.347357e+00	-4.388907e+00
R	5.705488e+01	2.633684e+00	-3.866399e+00	111100000	-5.126431e+01	2.638161e+01	2.243003e+00	-4.443654e+00
L	-5.113582e+01	2.606187e+01	111150000	-5.115485e+01	2.615807e+01	2.134823e+00	-4.497122e+00
R	5.698087e+01	2.679590e+00	-3.909010e+00	111200000	-5.105090e+01	2.593190e+01	2.022918e+00	-4.549037e+00
L	-5.097653e+01	2.562752e+01	111250000	-5.095263e+01	2.570317e+01	1.907398e+00	-4.599134e+00
R	5.692728e+01	2.685768e+00	-3.867958e+00	111300000	-5.086023e+01	2.547199e+01	1.788379e+00	-4.647159e+00
L	-5.052446e+01	2.515015e+01	111350000	-5.077386e+01	2.523847e+01	1.665985e+00	-4.692866e+00
R	5.657411e+01	2.636843e+00	-3.776062e+00	111400000	-5.069369e+01	2.500272e+01	1.540347e+00	-4.736016e+00
L	-5.048182e+01	2.487385e+01	111450000	-5.061989e+01	2.476489e+01	1.411601e+00	-4.776384e+00
R	5.625200e+01	2.669727e+00	-3.146580e+00	111500000	-5.055259e+01	2.452511e+01	1.279894e+00	-4.813750e+00
L	-5.064090e+01	2.444405e+01	111550000	-5.049196e+01	2.428354e+01	1.145377e+00	-4.847909e+00
R	5.508566e+01	2.685265e+00	-3.248368e+00	111600000	-5.043811e+01	2.404035e+01	1.008207e+00	-4.878662e+00
L	-5.019696e+01	2.376602e+01	111650000	-5.039119e+01	2.379572e+01	8.685496e-01	-4.905821e+00
R	5.595761e+01	2.747478e+00	-2.610034e+00	111700000	-5.035130e+01	2.354982e+01	7.265747e-01	-4.929210e+00
L	-5.056427e+01	2.318977e+01	111750000	-5.031857e+01	2.330284e+01	5.824586e-01	-4.948662e+00
R	5.517591e+01	2.723780e+00	-2.351376e+00	111800000	-5.029310e+01	2.305500e+01	4.363825e-01	-4.964022e+00
L	-5.047442e+01	2.292418e+01	111850000	-5.027498e+01	2.280649e+01	2.885330e-01	-4.975143e+00
R	5.478952e+01	2.709138e+00	-2.089460e+00	111900000	-5.026428e+01	2.255754e+01	1.391010e-01	-4.981891e+00
L	-5.028057e+01	2.254369e+01	111950000	-5.026110e+01	2.230836e+01	-1.171810e-02	-4.984142e+00
R	5.523467e+01	2.688476e+00	-2.189768e+00	112000000	-5.026548e+01	2.205919e+01	-1.637253e-01	-4.981783e+00
L	-5.010503e+01	2.182724e+01	112050000	-5.027750e+01	2.181025e+01	-3.167179e-01	-4.974711e+00
R	5.491251e+01	2.737355e+00	-1.153808e+00	112100000	-5.029718e+01	2.156178e+01	-4.704903e-01	-4.962835e+00
L	-5.020882e+01	2.143200e+01	112150000	-5.032457e+01	2.131403e+01	-6.248343e-01	-4.946074e+00
R	5.438568e+01	2.763603e+00	-1.664358e+00	112200000	-5.035968e+01	2.106724e+01	-7.795394e-01	-4.924358e+00
L	-5.043865e+01	2.072635e+01	112250000	-5.040253e+01	2.082167e+01	-9.343932e-01	-4.897627e+00
R	5.425509e+01	2.726230e+00	-1.431348e+00	112300000	-5.045313e+01	2.057755e+01	-1.089182e+00	-4.865832e+00
L	-5.032569e+01	2.030324e+01	112350000	-5.051145e+01	2.033516e+01	-1.243691e+00	-4.828935e+00
R	5.437000e+01	2.778448e+00	-1.489810e-01	112400000	-5.057750e+01	2.009473e+01	-1.397706e+00	-4.786908e+00
L	-5.045070e+01	1.979180e+01	112450000	-5.065122e+01	1.985654e+01	-1.551010e+00	-4.739734e+00
R	5.445100e+01	2.745400e+00	1.177416e-01	112500000	-5.073259e+01	1.962083e+01	-1.703388e+00	-4.687404e+00
L	-5.081840e+01	1.952424e+01	112550000	-5.082155e+01	1.938788e+01	-1.854626e+00	-4.629923e+00
R	5.465107e+01	2.805177e+00	4.285871e-01	112600000	-5.091804e+01	1.915792e+01	-2.004509e+00	-4.567302e+00
L	-5.100893e+01	1.874482e+01	112650000	-5.102199e+01	1.893122e+01	-2.152826e+00	-4.499564e+00
R	5.454691e+01	2.841355e+00	5.082074e-01	112700000	-5.113330e+01	1.870804e+01	-2.299366e+00	-4.426741e+00
L	-5.135351e+01	1.858133e+01	112750000	-5.125190e+01	1.848862e+01	-2.443919e+00	-4.348874e+00
R	5.503279e+01	2.768649e+00	2.824400e-01	112800000	-5.137767e+01	1.827323e+01	-2.586281e+00	-4.266016e+00
L	-5.160272e+01	1.807705e+01	112850000	-5.151050e+01	1.806210e+01	-2.726247e+00	-4.178224e+00
R	5.460666e+01	2.800945e+00	1.220789e+00	112900000	-5.165026e+01	1.785548e+01	-2.863617e+00	-4.085569e+00
L	-5.189385e+01	1.752953e+01	112950000	-5.179682e+01	1.765361e+01	-2.998194e+00	-3.988128e+00
R	5.491259e+01	2.834592e+00	1.253376e+00	113000000	-5.195004e+01	1.745674e+01	-3.129784e+00	-3.885987e+00
L	-5.187247e+01	1.733131e+01	113050000	-5.210976e+01	1.726508e+01	-3.258199e+00	-3.779239e+00
R	5.516118e+01	2.817331e+00	2.153308e+00	113100000	-5.227581e+01	1.707888e+01	-3.383254e+00	-3.667988e+00
L	-5.261657e+01	1.713586e+01	113150000	-5.244803e+01	1.689835e+01	-3.504768e+00	-3.552342e+00
R	5.564406e+01	2.826716e+00	2.017275e+00	113200000	-5.262624e+01	1.672371e+01	-3.622564e+00	-3.432419e+00
L	-5.285611e+01	1.664387e+01	113250000	-5.281023e+01	1.655518e+01	-3.736474e+00	-3.308345e+00
R	5.535897e+01	2.817755e+00	2.783105e+00	113300000	-5.299982e+01	1.639294e+01	-3.846332e+00	-3.180249e+00
L	-5.332588e+01	1.643750e+01	113350000	-5.319480e+01	1.623721e+01	-3.951978e+00	-3.048272e+00
R	5.604969e+01	2.868853e+00	2.828301e+00	113400000	-5.339496e+01	1.608817e+01	-4.053258e+00	-2.912556e+00
L	-5.356904e+01	1.611242e+01	113450000	-5.360006e+01	1.594601e+01	-4.150025e+00	-2.773254e+00
R	5.545672e+01	2.861979e+00	3.750371e+00	113500000	-5.380989e+01	1.581090e+01	-4.242137e+00	-2.630523e+00
L	-5.375248e+01	1.554043e+01	113550000	-5.402420e+01	1.568301e+01	-4.329458e+00	-2.484523e+00
R	5.651396e+01	2.893523e+00	3.958465e+00	113600000	-5.424276e+01	1.556250e+01	-4.411861e+00	-2.335424e+00
L	-5.474126e+01	1.514808e+01	113650000	-5.446531e+01	1.544952e+01	-4.489222e+00	-2.183398e+00
R	5.684960e+01	2.883015e+00	3.806494e+00	113700000	-5.469161e+01	1.534420e+01	-4.561428e+00	-2.028622e+00
L	-5.497056e+01	1.543840e+01	113750000	-5.492138e+01	1.524669e+01	-4.628370e+00	-1.871279e+00
R	5.764239e+01	2.855635e+00	4.116056e+00	113800000	-5.515436e+01	1.515711e+01	-4.689947e+00	-1.711555e+00
L	-5.556382e+01	1.533590e+01	113850000	-5.539029e+01	1.507557e+01	-4.746066e+00	-1.549639e+00
R	5.719503e+01	2.846073e+00	4.003426e+00	113900000	-5.562888e+01	1.500218e+01	-4.796640e+00	-1.385724e+00
L	-5.602714e+01	1.512866e+01	113950000	-5.586987e+01	1.493703e+01	-4.841592e+00	-1.220009e+00
R	5.874892e+01	2.890196e+00	4.347138e+00	114000000	-5.611296e+01	1.488021e+01	-4.880848e+00	-1.052692e+00
L	-5.624960e+01	1.469573e+01	114050000	-5.635786e+01	1.483178e+01	-4.914347e+00	-8.839758e-01
R	5.890641e+01	2.884895e+00	4.727100e+00	114100000	-5.660430e+01	1.479183e+01	-4.942033e+00	-7.140650e-01
L	-5.695566e+01	1.472973e+01	114150000	-5.685198e+01	1.476039e+01	-4.963857e+00	-5.431665e-01
R	5.848591e+01	2.889569e+00	4.996007e+00	114200000	-5.710059e+01	1.473753e+01	-4.979779e+00	-3.714886e-01
L	-5.762759e+01	1.457178e+01	114250000	-5.734986e+01	1.472326e+01	-4.989768e+00	-1.992414e-01
R	5.930720e+01	2.882139e+00	4.804675e+00	114300000	-5.759948e+01	1.471761e+01	-4.993798e+00	-2.663574e-02
L	-5.785591e+01	1.476316e+01	114350000	-5.784915e+01	1.472060e+01	-4.991854e+00	1.461164e-01
R	5.992666e+01	2.842796e+00	5.003500e+00	114400000	-5.809857e+01	1.473222e+01	-4.983926e+00	3.188025e-01
L	-5.816693e+01	1.479118e+01	114450000	-5.834745e+01	1.475247e+01	-4.970015e+00	4.912100e-01
R	5.989906e+01	2.901457e+00	5.104567e+00	114500000	-5.859548e+01	1.478133e+01	-4.950126e+00	6.631263e-01
L	-5.899075e+01	1.483020e+01	114550000	-5.884236e+01	1.481877e+01	-4.924276e+00	8.343391e-01
R	6.131183e+01	2.943658e+00	5.027702e+00	114600000	-5.908781e+01	1.486475e+01	-4.892487e+00	1.004637e+00
L	-5.925540e+01	1.489445e+01	114650000	-5.933152e+01	1.491922e+01	-4.854789e+00	1.173809e+00
R	6.130529e+01	2.936761e+00	5.281890e+00	114700000	-5.957320e+01	1.498211e+01	-4.811222e+00	1.341645e+00
L	-5.972000e+01	1.497438e+01	114750000	-5.981255e+01	1.505336e+01	-4.761831e+00	1.507938e+00
R	6.236692e+01	2.925939e+00	4.585173e+00	114800000	-6.004929e+01	1.513288e+01	-4.706670e+00	1.672481e+00
L	-6.011984e+01	1.524583e+01	114850000	-6.028313e+01	1.522058e+01	-4.645799e+00	1.835071e+00
R	6.250556e+01	2.833182e+00	4.489987e+00	114900000	-6.051378e+01	1.531635e+01	-4.579288e+00	1.995505e+00
L	-6.059254e+01	1.530504e+01	114950000	-6.074097e+01	1.542009e+01	-4.507212e+00	2.153583e+00
R	6.315552e+01	2.852318e+00	4.420038e+00	115000000	-6.096441e+01	1.553167e+01	-4.429653e+00	2.309110e+00
L	-6.089646e+01	1.578670e+01	115050000	-6.118307e+01	1.565029e+01	-4.333585e+00	2.444456e+00
R	6.335273e+01	2.896803e+00	4.531478e+00	115100000	-6.139696e+01	1.577540e+01	-4.238021e+00	2.569191e+00
L	-6.155270e+01	1.608341e+01	115150000	-6.160610e+01	1.590650e+01	-4.143460e+00	2.684057e+00
R	6.373401e+01	2.902213e+00	4.113611e+00	115200000	-6.181056e+01	1.604310e+01	-4.050313e+00	2.789756e+00
L	-6.174020e+01	1.633545e+01	115250000	-6.201043e+01	1.618476e+01	-3.958912e+00	2.886955e+00
R	6.430480e+01	2.874820e+00	4.921757e+00	115300000	-6.220579e+01	1.633109e+01	-3.869525e+00	2.976282e+00
L	-6.247246e+01	1.653715e+01	115350000	-6.239674e+01	1.648169e+01	-3.782362e+00	3.058324e+00
R	6.466267e+01	2.854094e+00	4.690172e+00	115400000	-6.258341e+01	1.663623e+01	-3.697583e+00	3.133634e+00
L	-6.282775e+01	1.686400e+01	115450000	-6.276592e+01	1.679437e+01	-3.615308e+00	3.202724e+00
R	6.508396e+01	2.874427e+00	4.212132e+00	115500000	-6.294439e+01	1.695582e+01	-3.535618e+00	3.266074e+00
L	-6.321718e+01	1.723030e+01	115550000	-6.311895e+01	1.712030e+01	-3.458566e+00	3.324129e+00
R	6.558228e+01	2.900830e+00	4.378538e+00	115600000	-6.328974e+01	1.728757e+01	-3.384180e+00	3.377301e+00
L	-6.327354e+01	1.738365e+01	115650000	-6.345688e+01	1.745738e+01	-3.312464e+00	3.425971e+00
R	6.621707e+01	2.866039e+00	4.045675e+00	115700000	-6.362052e+01	1.762952e+01	-3.243406e+00	3.470495e+00
L	-6.388794e+01	1.773262e+01	115750000	-6.378077e+01	1.780379e+01	-3.176980e+00	3.511198e+00
R	6.660682e+01	2.857201e+00	3.738645e+00	115800000	-6.393778e+01	1.798001e+01	-3.113145e+00	3.548382e+00
L	-6.396443e+01	1.821153e+01	115850000	-6.409167e+01	1.815801e+01	-3.051853e+00	3.582325e+00
R	6.644295e+01	2.866715e+00	4.208334e+00	115900000	-6.424257e+01	1.833763e+01	-2.993046e+00	3.613284e+00
L	-6.422616e+01	1.843817e+01	115950000	-6.439059e+01	1.851874e+01	-2.936663e+00	3.641495e+00
R	6.685765e+01	2.848571e+00	4.192637e+00	116000000	-6.453587e+01	1.870120e+01	-2.882636e+00	3.667177e+00
L	-6.456694e+01	1.854082e+01	116050000	-6.467850e+01	1.888488e+01	-2.830893e+00	3.690530e+00
R	6.782318e+01	2.788930e+00	4.295652e+00	116100000	-6.481861e+01	1.906968e+01	-2.781361e+00	3.711739e+00
L	-6.482950e+01	1.919631e+01	116150000	-6.495630e+01	1.925549e+01	-2.733965e+00	3.730974e+00
R	6.796534e+01	2.871169e+00	3.500918e+00	116200000	-6.509168e+01	1.944223e+01	-2.688631e+00	3.748391e+00
L	-6.515532e+01	1.961036e+01	116250000	-6.522485e+01	1.962979e+01	-2.645281e+00	3.764135e+00
R	6.821936e+01	2.892922e+00	2.976589e+00	116300000	-6.535591e+01	1.981811e+01	-2.603842e+00	3.778338e+00
L	-6.547789e+01	1.979814e+01	116350000	-6.548495e+01	2.000711e+01	-2.564237e+00	3.791122e+00
R	6.859556e+01	2.821734e+00	4.297188e+00	116400000	-6.561205e+01	2.019671e+01	-2.526395e+00	3.802600e+00
L	-6.581444e+01	2.036632e+01	116450000	-6.573731e+01	2.038686e+01	-2.490242e+00	3.812875e+00
R	6.881505e+01	2.865445e+00	3.330741e+00	116500000	-6.586081e+01	2.057750e+01	-2.455709e+00	3.822043e+00
L	-6.608087e+01	2.104914e+01	116550000	-6.598262e+01	2.076858e+01	-2.422727e+00	3.830191e+00
R	6.958057e+01	2.842608e+00	4.162964e+00	116600000	-6.610283e+01	2.096005e+01	-2.391230e+00	3.837401e+00
L	-6.631645e+01	2.102997e+01	116650000	-6.622150e+01	2.115186e+01	-2.361152e+00	3.843746e+00
R	6.944975e+01	2.866405e+00	3.213654e+00	116700000	-6.633871e+01	2.134397e+01	-2.332432e+00	3.849296e+00
L	-6.627598e+01	2.144192e+01	116750000	-6.645452e+01	2.153634e+01	-2.305009e+00	3.854113e+00
R	6.948114e+01	2.802035e+00	3.449700e+00	116800000	-6.656899e+01	2.172894e+01	-2.278825e+00	3.858257e+00
L	-6.650333e+01	2.211693e+01	116850000	-6.668218e+01	2.192173e+01	-2.253824e+00	3.861780e+00
R	7.046985e+01	2.842388e+00	2.538330e+00	116900000	-6.679416e+01	2.211469e+01	-2.229952e+00	3.864734e+00
L	-6.686557e+01	2.231357e+01	116950000	-6.690497e+01	2.230779e+01	-2.207158e+00	3.867163e+00
R	7.059862e+01	2.797681e+00	3.567184e+00	117000000	-6.701467e+01	2.250100e+01	-2.185392e+00	3.869109e+00
L	-6.695242e+01	2.298899e+01	117050000	-6.712331e+01	2.269430e+01	-2.164607e+00	3.870613e+00
R	7.096160e+01	2.789584e+00	3.843641e+00	117100000	-6.723094e+01	2.288767e+01	-2.144756e+00	3.871710e+00
L	-6.738566e+01	2.300299e+01	117150000	-6.733760e+01	2.308108e+01	-2.125797e+00	3.872434e+00
R	7.093023e+01	2.821895e+00	3.437480e+00	117200000	-6.744334e+01	2.327453e+01	-2.107688e+00	3.872815e+00
L	-6.742165e+01	2.350146e+01	117250000	-6.754819e+01	2.346800e+01	-2.090389e+00	3.872882e+00
R	7.183391e+01	2.821768e+00	3.390426e+00	117300000	-6.765220e+01	2.366146e+01	-2.073862e+00	3.872662e+00
L	-6.757864e+01	2.398278e+01	117350000	-6.775541e+01	2.385491e+01	-2.058071e+00	3.872178e+00
R	7.204976e+01	2.784893e+00	3.459725e+00	117400000	-6.785784e+01	2.404833e+01	-2.042981e+00	3.871454e+00
L	-6.804612e+01	2.421956e+01	117450000	-6.795954e+01	2.424171e+01	-2.028559e+00	3.870509e+00
R	7.209910e+01	2.860893e+00	2.912382e+00	117500000	-6.806054e+01	2.443504e+01	-2.014773e+00	3.869365e+00
L	-6.806128e+01	2.472976e+01	117550000	-6.816087e+01	2.462832e+01	-2.001594e+00	3.868038e+00
R	7.289627e+01	2.791640e+00	3.215755e+00	117600000	-6.826055e+01	2.482152e+01	-1.988993e+00	3.866544e+00
L	-6.838914e+01	2.460695e+01	117650000	-6.835962e+01	2.501466e+01	-1.976942e+00	3.864901e+00
R	7.272236e+01	2.829699e+00	2.934341e+00	117700000	-6.845810e+01	2.520770e+01	-1.965415e+00	3.863121e+00
L	-6.853577e+01	2.579630e+01	117750000	-6.855602e+01	2.540066e+01	-1.954389e+00	3.861218e+00
R	7.297836e+01	2.769619e+00	3.093831e+00	117800000	-6.865340e+01	2.559353e+01	-1.943838e+00	3.859204e+00
L	-6.905004e+01	2.565605e+01	117850000	-6.875027e+01	2.578629e+01	-1.933742e+00	3.857090e+00
R	7.315650e+01	2.797084e+00	3.087004e+00	117900000	-6.884664e+01	2.597895e+01	-1.924078e+00	3.854887e+00
L	-6.926242e+01	2.629302e+01	117950000	-6.894255e+01	2.617150e+01	-1.914826e+00	3.852605e+00
R	7.419225e+01	2.765957e+00	3.438140e+00	118000000	-6.903800e+01	2.636394e+01	-1.905966e+00	3.850252e+00
L	-6.904492e+01	2.641910e+01	118050000	-6.913302e+01	2.655626e+01	-1.897481e+00	3.847837e+00
R	7.429990e+01	2.778420e+00	2.897765e+00	118100000	-6.922763e+01	2.674846e+01	-1.889353e+00	3.845368e+00
L	-6.947583e+01	2.700172e+01	118150000	-6.932184e+01	2.694053e+01	-1.881565e+00	3.842851e+00
R	7.522192e+01	2.767863e+00	3.206641e+00	118200000	-6.941567e+01	2.713249e+01	-1.874101e+00	3.840294e+00
L	-6.966730e+01	2.728538e+01	118250000	-6.950913e+01	2.732431e+01	-1.866946e+00	3.837703e+00
R	7.478317e+01	2.753815e+00	2.943024e+00	118300000	-6.960225e+01	2.751601e+01	-1.860087e+00	3.835082e+00
L	-6.970233e+01	2.762314e+01	118350000	-6.969503e+01	2.770758e+01	-1.853508e+00	3.832438e+00
R	7.552994e+01	2.822780e+00	2.908455e+00	118400000	-6.978750e+01	2.789902e+01	-1.847197e+00	3.829775e+00
L	-6.993419e+01	2.815537e+01	118450000	-6.987965e+01	2.809033e+01	-1.841143e+00	3.827098e+00
R	7.564582e+01	2.734578e+00	2.963481e+00	118500000	-6.997151e+01	2.828151e+01	-1.835332e+00	3.824410e+00
L	-6.997509e+01	2.822680e+01	118550000	-7.006308e+01	2.847255e+01	-1.829755e+00	3.821717e+00
R	7.644863e+01	2.762758e+00	3.042089e+00	118600000	-7.015439e+01	2.866346e+01	-1.824399e+00	3.819020e+00
L	-7.026798e+01	2.869323e+01	118650000	-7.024543e+01	2.885424e+01	-1.819256e+00	3.816324e+00
R	7.663799e+01	2.747461e+00	3.002026e+00	118700000	-7.033622e+01	2.904489e+01	-1.814315e+00	3.813631e+00
L	-7.016321e+01	2.939019e+01	118750000	-7.042677e+01	2.923540e+01	-1.809568e+00	3.810945e+00
R	7.635198e+01	2.759361e+00	3.032717e+00	118800000	-7.051708e+01	2.942578e+01	-1.805005e+00	3.808267e+00
L	-7.066151e+01	2.958289e+01	118850000	-7.060718e+01	2.961603e+01	-1.800619e+00	3.805600e+00
R	7.681263e+01	2.775449e+00	3.725961e+00	118900000	-7.069706e+01	2.980615e+01	-1.796401e+00	3.802947e+00
L	-7.111262e+01	3.034449e+01	118950000	-7.078673e+01	2.999614e+01	-1.792344e+00	3.800309e+00
R	7.734387e+01	2.739458e+00	3.004496e+00	119000000	-7.087621e+01	3.018600e+01	-1.788440e+00	3.797687e+00
L	-7.124571e+01	3.055489e+01	119050000	-7.096550e+01	3.037573e+01	-1.784684e+00	3.795084e+00
R	7.702145e+01	2.754909e+00	3.010329e+00	119100000	-7.105460e+01	3.056533e+01	-1.781068e+00	3.792501e+00
L	-7.138738e+01	3.081757e+01	119150000	-7.114352e+01	3.075481e+01	-1.777587e+00	3.789940e+00
R	7.780914e+01	2.703703e+00	3.394188e+00	119200000	-7.123228e+01	3.094416e+01	-1.774234e+00	3.787401e+00
L	-7.105006e+01	3.120698e+01	119250000	-7.132087e+01	3.113338e+01	-1.771004e+00	3.784885e+00
R	7.810625e+01	2.706218e+00	2.826530e+00	119300000	-7.140931e+01	3.132248e+01	-1.767891e+00	3.782395e+00
L	-7.155850e+01	3.152181e+01	119350000	-7.149759e+01	3.151146e+01	-1.764891e+00	3.779930e+00
R	7.829418e+01	2.718750e+00	3.888148e+00	119400000	-7.158573e+01	3.170032e+01	-1.761999e+00	3.777491e+00
L	-7.158805e+01	3.174261e+01	119450000	-7.167372e+01	3.188906e+01	-1.759210e+00	3.775079e+00
R	7.824454e+01	2.669076e+00	2.840331e+00	119500000	-7.176158e+01	3.207768e+01	-1.756519e+00	3.772695e+00
L	-7.176250e+01	3.222339e+01	119550000	-7.184931e+01	3.226618e+01	-1.753923e+00	3.770339e+00
R	7.871120e+01	2.735469e+00	3.310782e+00	119600000	-7.193691e+01	3.245456e+01	-1.751418e+00	3.768012e+00
L	-7.196867e+01	3.264085e+01	119650000	-7.202438e+01	3.264284e+01	-1.748999e+00	3.765714e+00
R	7.922267e+01	2.674799e+00	2.595506e+00	119700000	-7.211174e+01	3.283100e+01	-1.746663e+00	3.763445e+00
L	-7.231995e+01	3.290074e+01	119750000	-7.219899e+01	3.301905e+01	-1.744407e+00	3.761207e+00
R	7.930297e+01	2.705767e+00	3.010120e+00	119800000	-7.228612e+01	3.320699e+01	-1.742228e+00	3.758998e+00
L	-7.256884e+01	3.337938e+01	119850000	-7.237315e+01	3.339482e+01	-1.740122e+00	3.756819e+00
R	7.996475e+01	2.692823e+00	3.401503e+00	119900000	-7.246008e+01	3.358254e+01	-1.738086e+00	3.754670e+00
L	-7.249959e+01	3.382857e+01	119950000	-7.254690e+01	3.377016e+01	-1.736117e+00	3.752552e+00
R	8.006754e+01	2.716669e+00	3.364145e+00	120000000	-7.263363e+01	3.395767e+01	-1.734214e+00	3.750464e+00
L	-7.300966e+01	3.430533e+01	120050000	-7.272027e+01	3.414508e+01	-1.732372e+00	3.748407e+00
R	8.034228e+01	2.720478e+00	2.471263e+00	120100000	-7.280682e+01	3.433239e+01	-1.730590e+00	3.746380e+00
L	-7.295840e+01	3.426476e+01	120150000	-7.289328e+01	3.451961e+01	-1.728865e+00	3.744384e+00
R	8.076752e+01	2.703126e+00	3.289160e+00	120200000	-7.297965e+01	3.470672e+01	-1.727196e+00	3.742418e+00
L	-7.306284e+01	3.470586e+01	120250000	-7.306595e+01	3.489374e+01	-1.725579e+00	3.740482e+00
R	8.151968e+01	2.654074e+00	3.070198e+00	120300000	-7.315216e+01	3.508066e+01	-1.724014e+00	3.738576e+00
L	-7.335481e+01	3.517711e+01	120350000	-7.323830e+01	3.526749e+01	-1.722497e+00	3.736700e+00
R	8.102515e+01	2.723779e+00	3.399058e+00	120400000	-7.332436e+01	3.545423e+01	-1.721027e+00	3.734854e+00
L	-7.339961e+01	3.561922e+01	120450000	-7.341036e+01	3.564087e+01	-1.719602e+00	3.733037e+00
R	8.147574e+01	2.684715e+00	2.907045e+00	120500000	-7.349628e+01	3.582743e+01	-1.718221e+00	3.731250e+00
L	-7.356917e+01	3.607296e+01	120550000	-7.358213e+01	3.601390e+01	-1.716882e+00	3.729491e+00
R	8.200767e+01	2.696820e+00	3.358846e+00	120600000	-7.366792e+01	3.620028e+01	-1.715583e+00	3.727762e+00
L	-7.363295e+01	3.668279e+01	120650000	-7.375365e+01	3.638658e+01	-1.714323e+00	3.726061e+00
R	8.197202e+01	2.644695e+00	2.823212e+00	120700000	-7.383931e+01	3.657280e+01	-1.713100e+00	3.724389e+00
L	-7.395459e+01	3.651976e+01	120750000	-7.392492e+01	3.675893e+01	-1.711913e+00	3.722745e+00
R	8.256016e+01	2.703739e+00	3.411396e+00	120800000	-7.401047e+01	3.694498e+01	-1.710761e+00	3.721128e+00
L	-7.385002e+01	3.725900e+01	120850000	-7.409596e+01	3.713095e+01	-1.709643e+00	3.719539e+00
R	8.334261e+01	2.659640e+00	3.089721e+00	120900000	-7.418139e+01	3.731685e+01	-1.708556e+00	3.717978e+00
L	-7.413494e+01	3.763146e+01	120950000	-7.426677e+01	3.750267e+01	-1.707501e+00	3.716443e+00
R	8.278367e+01	2.630790e+00	2.908355e+00	121000000	-7.435210e+01	3.768841e+01	-1.706476e+00	3.714934e+00
L	-7.456638e+01	3.807169e+01	121050000	-7.443738e+01	3.787408e+01	-1.705480e+00	3.713452e+00
R	8.422068e+01	2.679309e+00	3.308541e+00	121100000	-7.452262e+01	3.805968e+01	-1.704511e+00	3.711996e+00
L	-7.431651e+01	3.831251e+01	121150000	-7.460780e+01	3.824520e+01	-1.703570e+00	3.710566e+00
R	8.416742e+01	2.677582e+00	3.323281e+00	121200000	-7.469294e+01	3.843066e+01	-1.702655e+00	3.709161e+00
L	-7.457567e+01	3.872500e+01	121250000	-7.477803e+01	3.861605e+01	-1.701765e+00	3.707780e+00
R	8.434659e+01	2.651620e+00	3.293690e+00	121300000	-7.486308e+01	3.880136e+01	-1.700899e+00	3.706425e+00
L	-7.519749e+01	3.905573e+01	121350000	-7.494809e+01	3.898662e+01	-1.700057e+00	3.705093e+00
R	8.468055e+01	2.670076e+00	2.873372e+00	121400000	-7.503306e+01	3.917180e+01	-1.699237e+00	3.703786e+00
L	-7.504767e+01	3.938439e+01	121450000	-7.511798e+01	3.935693e+01	-1.698439e+00	3.702502e+00
R	8.496283e+01	2.668621e+00	2.976242e+00	121500000	-7.520287e+01	3.954199e+01	-1.697663e+00	3.701241e+00
L	-7.550617e+01	3.979510e+01	121550000	-7.528772e+01	3.972699e+01	-1.696907e+00	3.700003e+00
R	8.462711e+01	2.672453e+00	3.850163e+00	121600000	-7.537253e+01	3.991192e+01	-1.696171e+00	3.698788e+00
L	-7.540169e+01	4.022486e+01	121650000	-7.545731e+01	4.009680e+01	-1.695455e+00	3.697595e+00
R	8.609912e+01	2.683038e+00	3.917783e+00	121700000	-7.554205e+01	4.028162e+01	-1.694756e+00	3.696424e+00
L	-7.575743e+01	4.041520e+01	121750000	-7.562676e+01	4.046638e+01	-1.694076e+00	3.695275e+00
R	8.607946e+01	2.600399e+00	3.237536e+00	121800000	-7.571143e+01	4.065109e+01	-1.693414e+00	3.694146e+00
L	-7.578606e+01	4.103043e+01	121850000	-7.579607e+01	4.083574e+01	-1.692768e+00	3.693039e+00
R	8.657877e+01	2.668991e+00	3.453293e+00	121900000	-7.588068e+01	4.102034e+01	-1.692139e+00	3.691952e+00
L	-7.595605e+01	4.124871e+01	121950000	-7.596526e+01	4.120488e+01	-1.691526e+00	3.690885e+00
R	8.681106e+01	2.673534e+00	3.033354e+00	122000000	-7.604981e+01	4.138937e+01	-1.690928e+00	3.689839e+00
L	-7.606689e+01	4.156251e+01	122050000	-7.613433e+01	4.157381e+01	-1.690345e+00	3.688811e+00
R	8.698798e+01	2.675016e+00	3.178685e+00	122100000	-7.621882e+01	4.175820e+01	-1.689776e+00	3.687803e+00
L	-7.644158e+01	4.180589e+01	122150000	-7.630328e+01	4.194254e+01	-1.689222e+00	3.686814e+00
R	8.706195e+01	2.655894e+00	3.208963e+00	122200000	-7.638772e+01	4.212683e+01	-1.688681e+00	3.685844e+00
L	-7.656183e+01	4.242699e+01	122250000	-7.647213e+01	4.231107e+01	-1.688153e+00	3.684892e+00
R	8.760795e+01	2.655872e+00	3.921387e+00	122300000	-7.655651e+01	4.249527e+01	-1.687639e+00	3.683958e+00
L	-7.635868e+01	4.273115e+01	122350000	-7.664087e+01	4.267942e+01	-1.687136e+00	3.683041e+00
R	8.798818e+01	2.665533e+00	3.651651e+00	122400000	-7.672520e+01	4.286353e+01	-1.686646e+00	3.682142e+00
L	-7.686324e+01	4.286384e+01	122450000	-7.680951e+01	4.304759e+01	-1.686168e+00	3.681260e+00
R	8.847242e+01	2.636165e+00	3.456129e+00	122500000	-7.689380e+01	4.323161e+01	-1.685701e+00	3.680395e+00
L	-7.689663e+01	4.331082e+01	122550000	-7.697806e+01	4.341559e+01	-1.685245e+00	3.679546e+00
R	8.838803e+01	2.658862e+00	3.229389e+00	122600000	-7.706230e+01	4.359952e+01	-1.684800e+00	3.678713e+00
L	-7.726376e+01	4.374211e+01	122650000	-7.714652e+01	4.378342e+01	-1.684366e+00	3.677897e+00
R	8.898833e+01	2.608748e+00	3.803844e+00	122700000	-7.723072e+01	4.396727e+01	-1.683942e+00	3.677096e+00
L	-7.719305e+01	4.392755e+01	122750000	-7.731490e+01	4.415109e+01	-1.683527e+00	3.676310e+00
R	8.926636e+01	2.668474e+00	4.276271e+00	122800000	-7.739906e+01	4.433486e+01	-1.683123e+00	3.675540e+00
L	-7.755381e+01	4.452231e+01	122850000	-7.748319e+01	4.451860e+01	-1.682727e+00	3.674784e+00
R	8.911954e+01	2.635467e+00	3.435783e+00	122900000	-7.756731e+01	4.470230e+01	-1.682341e+00	3.674043e+00
L	-7.760893e+01	4.472333e+01	122950000	-7.765141e+01	4.488597e+01	-1.681964e+00	3.673316e+00
R	9.009024e+01	2.671017e+00	3.704475e+00	123000000	-7.773549e+01	4.506960e+01	-1.681595e+00	3.672603e+00
L	-7.776522e+01	4.524558e+01	123050000	-7.781956e+01	4.525319e+01	-1.681235e+00	3.671904e+00
R	9.045525e+01	2.609353e+00	2.542855e+00	123100000	-7.790360e+01	4.543675e+01	-1.680883e+00	3.671218e+00
L	-7.824530e+01	4.582551e+01	123150000	-7.798763e+01	4.562028e+01	-1.680539e+00	3.670546e+00
R	9.091519e+01	2.607256e+00	3.066803e+00	123200000	-7.807164e+01	4.580377e+01	-1.680203e+00	3.669887e+00
L	-7.820067e+01	4.579432e+01	123250000	-7.815563e+01	4.598724e+01	-1.679875e+00	3.669240e+00
R	9.077076e+01	2.660880e+00	3.123270e+00	123300000	-7.823961e+01	4.617067e+01	-1.679553e+00	3.668606e+00
L	-7.844273e+01	4.615247e+01	123350000	-7.832357e+01	4.635406e+01	-1.679239e+00	3.667985e+00
R	9.123996e+01	2.577445e+00	3.510732e+00	123400000	-7.840752e+01	4.653743e+01	-1.678932e+00	3.667375e+00
L	-7.853774e+01	4.697297e+01	123450000	-7.849145e+01	4.672077e+01	-1.678632e+00	3.666777e+00
R	9.168740e+01	2.617743e+00	2.898197e+00	123500000	-7.857537e+01	4.690408e+01	-1.678339e+00	3.666191e+00
L	-7.865566e+01	4.713293e+01	123550000	-7.865927e+01	4.708736e+01	-1.678052e+00	3.665617e+00
R	9.194510e+01	2.611605e+00	3.361626e+00	123600000	-7.874316e+01	4.727061e+01	-1.677771e+00	3.665053e+00
L	-7.900220e+01	4.709282e+01	123650000	-7.882704e+01	4.745384e+01	-1.677497e+00	3.664501e+00
R	9.184008e+01	2.628889e+00	3.569550e+00	123700000	-7.891090e+01	4.763704e+01	-1.677228e+00	3.663960e+00
L	-7.882339e+01	4.786943e+01	123750000	-7.899475e+01	4.782021e+01	-1.676966e+00	3.663429e+00
R	9.257619e+01	2.596536e+00	2.821549e+00	123800000	-7.907859e+01	4.800335e+01	-1.676709e+00	3.662908e+00
L	-7.913568e+01	4.808933e+01	123850000	-7.916241e+01	4.818647e+01	-1.676458e+00	3.662398e+00
R	9.265896e+01	2.563934e+00	3.318405e+00	123900000	-7.924622e+01	4.836957e+01	-1.676212e+00	3.661897e+00
L	-7.919275e+01	4.867260e+01	123950000	-7.933002e+01	4.855264e+01	-1.675972e+00	3.661407e+00
R	9.288451e+01	2.598433e+00	3.320767e+00	124000000	-7.941381e+01	4.873568e+01	-1.675737e+00	3.660926e+00
L	-7.979926e+01	4.905973e+01	124050000	-7.949758e+01	4.891871e+01	-1.675506e+00	3.660454e+00
R	9.331617e+01	2.606177e+00	3.110240e+00	124100000	-7.958135e+01	4.910170e+01	-1.675281e+00	3.659992e+00
L	-7.954841e+01	4.947194e+01	124150000	-7.966510e+01	4.928468e+01	-1.675061e+00	3.659539e+00
R	9.392366e+01	2.602679e+00	3.155996e+00	124200000	-7.974884e+01	4.946764e+01	-1.674845e+00	3.659095e+00
L	-7.988013e+01	4.948273e+01	124250000	-7.983258e+01	4.965057e+01	-1.674634e+00	3.658660e+00
R	9.449644e+01	2.619612e+00	3.212541e+00	124300000	-7.991630e+01	4.983348e+01	-1.674428e+00	3.658233e+00
L	-7.999433e+01	4.991636e+01	124350000	-8.000001e+01	5.001637e+01	-1.674226e+00	3.657814e+00
R	9.412377e+01	2.566233e+00	3.001749e+00	124400000	-8.008371e+01	5.019924e+01	-1.674028e+00	3.657404e+00
L	-8.045848e+01	5.042649e+01	124450000	-8.016740e+01	5.038209e+01	-1.673835e+00	3.657002e+00
R	9.455407e+01	2.578090e+00	2.567944e+00	124500000	-8.025109e+01	5.056492e+01	-1.673645e+00	3.656608e+00
L	-8.032146e+01	5.064391e+01	124550000	-8.033476e+01	5.074773e+01	-1.673460e+00	3.656221e+00
R	9.500190e+01	2.603149e+00	3.332967e+00	124600000	-8.041842e+01	5.093052e+01	-1.673278e+00	3.655842e+00
L	-8.045721e+01	5.112132e+01	124650000	-8.050208e+01	5.111330e+01	-1.673101e+00	3.655471e+00
R	9.567103e+01	2.550991e+00	3.370501e+00	124700000	-8.058573e+01	5.129605e+01	-1.672927e+00	3.655107e+00
L	-8.070435e+01	5.158513e+01	124750000	-8.066936e+01	5.147879e+01	-1.672757e+00	3.654750e+00
R	9.569133e+01	2.595058e+00	3.536817e+00	124800000	-8.075299e+01	5.166151e+01	-1.672590e+00	3.654401e+00
L	-8.092378e+01	5.195319e+01	124850000	-8.083662e+01	5.184421e+01	-1.672427e+00	3.654058e+00
R	9.608253e+01	2.550995e+00	3.142392e+00	124900000	-8.092023e+01	5.202690e+01	-1.672267e+00	3.653722e+00
L	-8.116501e+01	5.225626e+01	124950000	-8.100384e+01	5.220957e+01	-1.672110e+00	3.653393e+00
R	9.648181e+01	2.558741e+00	3.643067e+00	125000000	-8.108743e+01	5.239222e+01	-1.671957e+00	3.653070e+00
L	-8.103891e+01	5.259126e+01	125050000	-8.117116e+01	5.257480e+01	-1.677285e+00	3.650241e+00
R	9.629943e+01	2.580280e+00	2.812894e+00	125100000	-8.125528e+01	5.275717e+01	-1.687806e+00	3.645010e+00
L	-8.147394e+01	5.291510e+01	125150000	-8.134006e+01	5.293922e+01	-1.703240e+00	3.637453e+00
R	9.768166e+01	2.489091e+00	2.966026e+00	125200000	-8.142572e+01	5.312084e+01	-1.723311e+00	3.627622e+00
L	-8.161980e+01	5.340560e+01	125250000	-8.151249e+01	5.330192e+01	-1.747746e+00	3.615554e+00
R	9.707581e+01	2.537418e+00	3.823573e+00	125300000	-8.160059e+01	5.348233e+01	-1.776281e+00	3.601268e+00
L	-8.155794e+01	5.357079e+01	125350000	-8.169021e+01	5.366198e+01	-1.808656e+00	3.584770e+00
R	9.821761e+01	2.561926e+00	3.229555e+00	125400000	-8.178154e+01	5.384074e+01	-1.844617e+00	3.566057e+00
L	-8.198177e+01	5.392437e+01	125450000	-8.187475e+01	5.401852e+01	-1.883917e+00	3.545115e+00
R	9.794235e+01	2.571178e+00	3.852250e+00	125500000	-8.197000e+01	5.419519e+01	-1.926313e+00	3.521925e+00
L	-8.228348e+01	5.447060e+01	125550000	-8.206745e+01	5.437064e+01	-1.971567e+00	3.496465e+00
R	9.831010e+01	2.553382e+00	3.691948e+00	125600000	-8.216722e+01	5.454477e+01	-2.019448e+00	3.468706e+00
L	-8.211738e+01	5.471384e+01	125650000	-8.226945e+01	5.471745e+01	-2.069729e+00	3.438620e+00
R	9.906085e+01	2.602701e+00	4.139366e+00	125700000	-8.237425e+01	5.488857e+01	-2.122189e+00	3.406176e+00
L	-8.232374e+01	5.517058e+01	125750000	-8.248171e+01	5.505800e+01	-2.176610e+00	3.371346e+00
R	9.950688e+01	2.601391e+00	3.930511e+00	125800000	-8.259195e+01	5.522564e+01	-2.232781e+00	3.334100e+00
L	-8.280671e+01	5.540728e+01	125850000	-8.270503e+01	5.539135e+01	-2.290493e+00	3.294410e+00
R	9.985129e+01	2.508963e+00	3.589573e+00	125900000	-8.282103e+01	5.555502e+01	-2.349543e+00	3.252254e+00
L	-8.268340e+01	5.554596e+01	125950000	-8.294001e+01	5.571651e+01	-2.409732e+00	3.207607e+00
R	1.002599e+02	2.558817e+00	4.103715e+00	126000000	-8.306203e+01	5.587571e+01	-2.470865e+00	3.160453e+00
L	-8.330369e+01	5.591597e+01	126050000	-8.318712e+01	5.603249e+01	-2.532752e+00	3.110776e+00
R	1.005067e+02	2.529397e+00	4.326251e+00	126100000	-8.331532e+01	5.618673e+01	-2.595207e+00	3.058566e+00
L	-8.341938e+01	5.646625e+01	126150000	-8.344665e+01	5.633829e+01	-2.658047e+00	3.003816e+00
R	1.005803e+02	2.564976e+00	4.651285e+00	126200000	-8.358113e+01	5.648705e+01	-2.721095e+00	2.946524e+00
L	-8.372700e+01	5.646474e+01	126250000	-8.371876e+01	5.663288e+01	-2.784175e+00	2.886693e+00
R	1.016130e+02	2.532214e+00	3.554470e+00	126300000	-8.385955e+01	5.677566e+01	-2.847119e+00	2.824331e+00
L	-8.417262e+01	5.673798e+01	126350000	-8.400347e+01	5.691526e+01	-2.909761e+00	2.759450e+00
R	1.018239e+02	2.520307e+00	3.709899e+00	126400000	-8.415052e+01	5.705155e+01	-2.971939e+00	2.692067e+00
L	-8.435646e+01	5.724828e+01	126450000	-8.430066e+01	5.718441e+01	-3.033496e+00	2.622204e+00
R	1.023323e+02	2.582333e+00	3.892573e+00	126500000	-8.445385e+01	5.731371e+01	-3.094279e+00	2.549888e+00
L	-8.445762e+01	5.732123e+01	126550000	-8.461007e+01	5.743934e+01	-3.154138e+00	2.475150e+00
R	1.029784e+02	2.563682e+00	4.084891e+00	126600000	-8.476925e+01	5.756117e+01	-3.212930e+00	2.398028e+00
L	-8.516957e+01	5.782521e+01	126650000	-8.493134e+01	5.767909e+01	-3.270513e+00	2.318562e+00
R	1.027256e+02	2.526658e+00	3.762499e+00	126700000	-8.509628e+01	5.779298e+01	-3.326752e+00	2.236798e+00
L	-8.535491e+01	5.797676e+01	126750000	-8.526399e+01	5.790272e+01	-3.381515e+00	2.152786e+00
R	1.033948e+02	2.546673e+00	4.564397e+00	126800000	-8.543440e+01	5.800821e+01	-3.434675e+00	2.066580e+00
L	-8.579473e+01	5.815224e+01	126850000	-8.560742e+01	5.810933e+01	-3.486110e+00	1.978239e+00
R	1.032676e+02	2.562333e+00	4.157746e+00	126900000	-8.578298e+01	5.820599e+01	-3.535700e+00	1.887826e+00
L	-8.594059e+01	5.837399e+01	126950000	-8.596096e+01	5.829807e+01	-3.583333e+00	1.795406e+00
R	1.042387e+02	2.560450e+00	3.543093e+00	127000000	-8.614127e+01	5.838549e+01	-3.628899e+00	1.701052e+00
L	-8.619219e+01	5.873045e+01	127050000	-8.632381e+01	5.846814e+01	-3.672293e+00	1.604835e+00
R	1.047945e+02	2.538825e+00	4.509687e+00	127100000	-8.650846e+01	5.854593e+01	-3.713416e+00	1.506834e+00
L	-8.665802e+01	5.879464e+01	127150000	-8.669510e+01	5.861878e+01	-3.752172e+00	1.407129e+00
R	1.050518e+02	2.590809e+00	3.392644e+00	127200000	-8.688363e+01	5.868661e+01	-3.788470e+00	1.305804e+00
L	-8.719282e+01	5.882797e+01	127250000	-8.707390e+01	5.874933e+01	-3.822224e+00	1.202944e+00
R	1.051593e+02	2.537705e+00	4.260616e+00	127300000	-8.726580e+01	5.880687e+01	-3.853353e+00	1.098641e+00
L	-8.754336e+01	5.890555e+01	127350000	-8.745919e+01	5.885917e+01	-3.881780e+00	9.929843e-01
R	1.057214e+02	2.543096e+00	3.043265e+00	127400000	-8.765393e+01	5.890614e+01	-3.907433e+00	8.860694e-01
L	-8.812910e+01	5.890898e+01	127450000	-8.784988e+01	5.894775e+01	-3.930244e+00	7.779924e-01
R	1.066384e+02	2.529740e+00	3.646974e+00	127500000	-8.804690e+01	5.898392e+01	-3.950150e+00	6.688517e-01
L	-8.793316e+01	5.902035e+01	127550000	-8.824484e+01	5.901461e+01	-3.967093e+00	5.587478e-01
R	1.064917e+02	2.562334e+00	3.308378e+00	127600000	-8.844355e+01	5.903978e+01	-3.981019e+00	4.477826e-01
L	-8.877157e+01	5.898400e+01	127650000	-8.864288e+01	5.905937e+01	-3.991880e+00	3.360599e-01
R	1.066874e+02	2.532792e+00	3.306243e+00	127700000	-8.884268e+01	5.907337e+01	-3.999630e+00	2.236844e-01
L	-8.900378e+01	5.926166e+01	127750000	-8.904279e+01	5.908173e+01	-4.004231e+00	1.107624e-01
R	1.077374e+02	2.535444e+00	3.423854e+00	127800000	-8.924305e+01	5.908443e+01	-4.005647e+00	-2.598802e-03
L	-8.959065e+01	5.898862e+01	127850000	-8.944329e+01	5.908146e+01	-4.003846e+00	-1.162912e-01
R	1.068409e+02	2.610733e+00	3.084536e+00	127900000	-8.964337e+01	5.907280e+01	-3.998803e+00	-2.302060e-01
L	-8.969916e+01	5.890025e+01	127950000	-8.984311e+01	5.905844e+01	-3.990496e+00	-3.442336e-01
R	1.069680e+02	2.612487e+00	2.591472e+00	128000000	-9.004236e+01	5.903837e+01	-3.978906e+00	-4.582643e-01
L	-9.039601e+01	5.919302e+01	128050000	-9.024094e+01	5.901261e+01	-3.964022e+00	-5.721879e-01
R	1.079988e+02	2.558116e+00	3.330882e+00	128100000	-9.043870e+01	5.898116e+01	-3.945833e+00	-6.858942e-01
L	-9.067785e+01	5.906416e+01	128150000	-9.063547e+01	5.894402e+01	-3.924336e+00	-7.992729e-01
R	1.078863e+02	2.609114e+00	2.608597e+00	128200000	-9.083108e+01	5.890123e+01	-3.899529e+00	-9.122138e-01
L	-9.099855e+01	5.874505e+01	128250000	-9.102536e+01	5.885281e+01	-3.871417e+00	-1.024607e+00
R	1.082827e+02	2.560632e+00	2.887126e+00	128300000	-9.121816e+01	5.879878e+01	-3.840008e+00	-1.136344e+00
L	-9.144603e+01	5.876837e+01	128350000	-9.140930e+01	5.873919e+01	-3.805313e+00	-1.247314e+00
R	1.086379e+02	2.611601e+00	2.000658e+00	128400000	-9.159863e+01	5.867407e+01	-3.767348e+00	-1.357410e+00
L	-9.203746e+01	5.881561e+01	128450000	-9.178598e+01	5.860346e+01	-3.726133e+00	-1.466525e+00
R	1.083661e+02	2.626489e+00	2.256219e+00	128500000	-9.197118e+01	5.852743e+01	-3.681692e+00	-1.574552e+00
L	-9.208889e+01	5.849451e+01	128550000	-9.215409e+01	5.844603e+01	-3.634051e+00	-1.681386e+00
R	1.090340e+02	2.593480e+00	2.685467e+00	128600000	-9.233453e+01	5.835932e+01	-3.583243e+00	-1.786921e+00
L	-9.232935e+01	5.816051e+01	128650000	-9.251236e+01	5.826736e+01	-3.529302e+00	-1.891056e+00
R	1.098011e+02	2.545964e+00	1.815732e+00	128700000	-9.268741e+01	5.817024e+01	-3.472266e+00	-1.993688e+00
L	-9.283766e+01	5.825458e+01	128750000	-9.285953e+01	5.806802e+01	-3.412177e+00	-2.094718e+00
R	1.091918e+02	2.615923e+00	1.558625e+00	128800000	-9.302857e+01	5.796079e+01	-3.349080e+00	-2.194046e+00
L	-9.344016e+01	5.799828e+01	128850000	-9.319438e+01	5.784865e+01	-3.283025e+00	-2.291576e+00
R	1.096405e+02	2.527651e+00	1.717054e+00	128900000	-9.335682e+01	5.773167e+01	-3.214062e+00	-2.387213e+00
L	-9.376871e+01	5.755327e+01	128950000	-9.351574e+01	5.760996e+01	-3.142248e+00	-2.480863e+00
R	1.095648e+02	2.566855e+00	1.595777e+00	129000000	-9.367100e+01	5.748362e+01	-3.067640e+00	-2.572434e+00
L	-9.372721e+01	5.712656e+01	129050000	-9.382245e+01	5.735275e+01	-2.990300e+00	-2.661839e+00
R	1.099514e+02	2.596706e+00	1.463029e+00	129100000	-9.396998e+01	5.721747e+01	-2.910291e+00	-2.748989e+00
L	-9.404435e+01	5.689639e+01	129150000	-9.411344e+01	5.707790e+01	-2.827681e+00	-2.833799e+00
R	1.097266e+02	2.618112e+00	1.068761e+00	129200000	-9.425270e+01	5.693414e+01	-2.742540e+00	-2.916187e+00
L	-9.447776e+01	5.669240e+01	129250000	-9.438765e+01	5.678632e+01	-2.654939e+00	-2.996073e+00
R	1.103398e+02	2.610453e+00	-1.684786e-01	129300000	-9.451815e+01	5.663457e+01	-2.564955e+00	-3.073379e+00
L	-9.468481e+01	5.660255e+01	129350000	-9.464410e+01	5.647903e+01	-2.472665e+00	-3.148029e+00
R	1.097927e+02	2.631489e+00	2.496189e-02	129400000	-9.476538e+01	5.631982e+01	-2.378148e+00	-3.219952e+00
L	-9.484704e+01	5.603019e+01	129450000	-9.488188e+01	5.615708e+01	-2.281488e+00	-3.289076e+00
R	1.097822e+02	2.615617e+00	1.459858e-01	129500000	-9.499349e+01	5.599096e+01	-2.182768e+00	-3.355334e+00
L	-9.487186e+01	5.594634e+01	129550000	-9.510012e+01	5.582160e+01	-2.082075e+00	-3.418662e+00
R	1.097967e+02	2.622458e+00	2.476774e-01	129600000	-9.520167e+01	5.564915e+01	-1.979497e+00	-3.478998e+00
L	-9.517075e+01	5.575281e+01	129650000	-9.529804e+01	5.547375e+01	-1.875126e+00	-3.536284e+00
R	1.108433e+02	2.595048e+00	-1.536875e-01	129700000	-9.538915e+01	5.529557e+01	-1.769054e+00	-3.590463e+00
L	-9.511471e+01	5.530648e+01	129750000	-9.547491e+01	5.511476e+01	-1.661374e+00	-3.641482e+00
R	1.100181e+02	2.574116e+00	-9.598934e-01	129800000	-9.555526e+01	5.493148e+01	-1.552183e+00	-3.689291e+00
L	-9.553170e+01	5.472975e+01	129850000	-9.563011e+01	5.474589e+01	-1.441578e+00	-3.733844e+00
R	1.101038e+02	2.606058e+00	-9.726664e-01	129900000	-9.569939e+01	5.455815e+01	-1.329658e+00	-3.775097e+00
L	-9.567057e+01	5.436431e+01	129950000	-9.576305e+01	5.436844e+01	-1.216522e+00	-3.813008e+00
R	1.102057e+02	2.577887e+00	-3.971960e-01	130000000	-9.582103e+01	5.417691e+01	-1.102272e+00	-3.847542e+00
L	-9.569711e+01	5.414244e+01	130050000	-9.587393e+01	5.398185e+01	-1.002749e+00	-3.915927e+00
R	1.093522e+02	2.657287e+00	-1.586423e+00	130100000	-9.592189e+01	5.378350e+01	-9.056914e-01	-3.979672e+00
L	-9.590065e+01	5.375650e+01	130150000	-9.596503e+01	5.358208e+01	-8.112059e-01	-4.039147e+00
R	1.101662e+02	2.655943e+00	-8.052232e-01	130200000	-9.600348e+01	5.337781e+01	-7.193700e-01	-4.094695e+00
L	-9.601260e+01	5.304974e+01	130250000	-9.603738e+01	5.317086e+01	-6.302352e-01	-4.146637e+00
R	1.095401e+02	2.638334e+00	-1.297556e+00	130300000	-9.606687e+01	5.296141e+01	-5.438304e-01	-4.195271e+00
L	-9.625150e+01	5.287191e+01	130350000	-9.609208e+01	5.274962e+01	-4.601657e-01	-4.240872e+00
R	1.095268e+02	2.627568e+00	-2.001999e+00	130400000	-9.611316e+01	5.253564e+01	-3.792351e-01	-4.283695e+00
L	-9.620096e+01	5.236540e+01	130450000	-9.613024e+01	5.231959e+01	-3.010191e-01	-4.323975e+00
R	1.092949e+02	2.667611e+00	-2.363474e+00	130500000	-9.614346e+01	5.210161e+01	-2.254871e-01	-4.361927e+00
L	-9.637342e+01	5.172625e+01	130550000	-9.615296e+01	5.188179e+01	-1.525990e-01	-4.397750e+00
R	1.094900e+02	2.644427e+00	-2.013596e+00	130600000	-9.615886e+01	5.166026e+01	-8.230739e-02	-4.431624e+00
L	-9.607252e+01	5.153552e+01	130650000	-9.616129e+01	5.143708e+01	-1.455856e-02	-4.463717e+00
R	1.087872e+02	2.609410e+00	-2.264863e+00	130700000	-9.616039e+01	5.121237e+01	5.070596e-02	-4.494180e+00
L	-9.638557e+01	5.097611e+01	130750000	-9.615628e+01	5.098618e+01	1.135484e-01	-4.523152e+00
R	1.084948e+02	2.664487e+00	-2.219612e+00	130800000	-9.614907e+01	5.075859e+01	1.740338e-01	-4.550758e+00
L	-9.619348e+01	5.062487e+01	130850000	-9.613889e+01	5.052966e+01	2.322291e-01	-4.577116e+00
R	1.093417e+02	2.604156e+00	-1.661117e+00	130900000	-9.612584e+01	5.029947e+01	2.882027e-01	-4.602328e+00
L	-9.625596e+01	4.986488e+01	130950000	-9.611004e+01	5.006805e+01	3.420236e-01	-4.626491e+00
R	1.079575e+02	2.685173e+00	-2.425494e+00	131000000	-9.609159e+01	4.983547e+01	3.937612e-01	-4.649691e+00
L	-9.616361e+01	4.951480e+01	131050000	-9.607061e+01	4.960176e+01	4.434846e-01	-4.672006e+00
R	1.077636e+02	2.684565e+00	-2.206034e+00	131100000	-9.604718e+01	4.936697e+01	4.912624e-01	-4.693507e+00
L	-9.605969e+01	4.902924e+01	131150000	-9.602140e+01	4.913114e+01	5.371626e-01	-4.714260e+00
R	1.076154e+02	2.601265e+00	-2.682988e+00	131200000	-9.599337e+01	4.889430e+01	5.812518e-01	-4.734321e+00
L	-9.590573e+01	4.860110e+01	131250000	-9.596317e+01	4.865648e+01	6.235957e-01	-4.753744e+00
R	1.073056e+02	2.707817e+00	-2.649404e+00	131300000	-9.593090e+01	4.841773e+01	6.642585e-01	-4.772577e+00
L	-9.583848e+01	4.825352e+01	131350000	-9.589662e+01	4.817805e+01	7.033029e-01	-4.790863e+00
R	1.072215e+02	2.717292e+00	-3.224185e+00	131400000	-9.586044e+01	4.793749e+01	7.407900e-01	-4.808640e+00
L	-9.582710e+01	4.735359e+01	131450000	-9.582241e+01	4.769607e+01	7.767795e-01	-4.825944e+00
R	1.067671e+02	2.741706e+00	-3.262281e+00	131500000	-9.578262e+01	4.745380e+01	8.113289e-01	-4.842806e+00
L	-9.590662e+01	4.719949e+01	131550000	-9.574114e+01	4.721071e+01	8.444944e-01	-4.859255e+00
R	1.068610e+02	2.705752e+00	-3.097779e+00	131600000	-9.569802e+01	4.696682e+01	8.763303e-01	-4.875317e+00
L	-9.539872e+01	4.671344e+01	131650000	-9.565335e+01	4.672214e+01	9.068892e-01	-4.891014e+00
R	1.066468e+02	2.736912e+00	-3.281986e+00	131700000	-9.560718e+01	4.647670e+01	9.362217e-01	-4.906368e+00
L	-9.578381e+01	4.631089e+01	131750000	-9.555957e+01	4.623051e+01	9.643770e-01	-4.921398e+00
R	1.060594e+02	2.693918e+00	-2.954089e+00	131800000	-9.551058e+01	4.598359e+01	9.914023e-01	-4.936120e+00
L	-9.547533e+01	4.597016e+01	131850000	-9.546027e+01	4.573595e+01	1.017343e+00	-4.950550e+00
R	1.047942e+02	2.734829e+00	-2.999702e+00	131900000	-9.540868e+01	4.548761e+01	1.042244e+00	-4.964702e+00
L	-9.537499e+01	4.509234e+01	131950000	-9.535588e+01	4.523857e+01	1.066147e+00	-4.978587e+00
R	1.057568e+02	2.665726e+00	-3.083535e+00	132000000	-9.530190e+01	4.498886e+01	1.089093e+00	-4.992218e+00
L	-9.507617e+01	4.449023e+01	132050000	-9.524680e+01	4.473848e+01	1.111121e+00	-5.005603e+00
R	1.051681e+02	2.713727e+00	-3.022640e+00	132100000	-9.519062e+01	4.448744e+01	1.132268e+00	-5.018754e+00
L	-9.520317e+01	4.432360e+01	132150000	-9.513341e+01	4.423576e+01	1.152572e+00	-5.031676e+00
R	1.050677e+02	2.699283e+00	-2.556686e+00	132200000	-9.507520e+01	4.398345e+01	1.172067e+00	-5.044379e+00
L	-9.518649e+01	4.362873e+01	132250000	-9.501603e+01	4.373052e+01	1.190785e+00	-5.056869e+00
R	1.047968e+02	2.705717e+00	-3.490402e+00	132300000	-9.495595e+01	4.347698e+01	1.208761e+00	-5.069151e+00
L	-9.496197e+01	4.345003e+01	132350000	-9.489499e+01	4.322284e+01	1.226024e+00	-5.081232e+00
R	1.043515e+02	2.688380e+00	-3.795778e+00	132400000	-9.483318e+01	4.296810e+01	1.242603e+00	-5.093117e+00
L	-9.454673e+01	4.274963e+01	132450000	-9.477057e+01	4.271279e+01	1.258528e+00	-5.104810e+00
R	1.036616e+02	2.692929e+00	-3.877028e+00	132500000	-9.470717e+01	4.245690e+01	1.273826e+00	-5.116316e+00
L	-9.484123e+01	4.224549e+01	132550000	-9.464302e+01	4.220044e+01	1.288522e+00	-5.127638e+00
R	1.033134e+02	2.773539e+00	-2.998370e+00	132600000	-9.457816e+01	4.194344e+01	1.302642e+00	-5.138780e+00
L	-9.460143e+01	4.154680e+01	132650000	-9.451260e+01	4.168589e+01	1.316210e+00	-5.149746e+00
R	1.035199e+02	2.717035e+00	-2.497170e+00	132700000	-9.444638e+01	4.142780e+01	1.329248e+00	-5.160538e+00
L	-9.436505e+01	4.096443e+01	132750000	-9.437952e+01	4.116918e+01	1.341780e+00	-5.171160e+00
R	1.021905e+02	2.710249e+00	-2.870399e+00	132800000	-9.431204e+01	4.091004e+01	1.353825e+00	-5.181614e+00
L	-9.428105e+01	4.027537e+01	132850000	-9.424398e+01	4.065039e+01	1.365405e+00	-5.191903e+00
R	1.022838e+02	2.727734e+00	-2.904577e+00	132900000	-9.417535e+01	4.039024e+01	1.376539e+00	-5.202030e+00
L	-9.404129e+01	4.010709e+01	132950000	-9.410618e+01	4.012959e+01	1.387244e+00	-5.211995e+00
R	1.022298e+02	2.807325e+00	-3.007218e+00	133000000	-9.403648e+01	3.986845e+01	1.397540e+00	-5.221803e+00
L	-9.407750e+01	3.970946e+01	133050000	-9.396628e+01	3.960683e+01	1.407443e+00	-5.231455e+00
R	1.021452e+02	2.814676e+00	-3.246270e+00	133100000	-9.389559e+01	3.934474e+01	1.416969e+00	-5.240952e+00
L	-9.387294e+01	3.913583e+01	133150000	-9.382444e+01	3.908218e+01	1.426135e+00	-5.250298e+00
R	1.013286e+02	2.753553e+00	-3.579370e+00	133200000	-9.375284e+01	3.881917e+01	1.434954e+00	-5.259493e+00
L	-9.367730e+01	3.833717e+01	133250000	-9.368081e+01	3.855570e+01	1.443443e+00	-5.268540e+00
R	1.013907e+02	2.777254e+00	-3.836894e+00	133300000	-9.360836e+01	3.829180e+01	1.451613e+00	-5.277441e+00
L	-9.342344e+01	3.794339e+01	133350000	-9.353552e+01	3.802745e+01	1.459478e+00	-5.286197e+00
R	1.012267e+02	2.787738e+00	-3.017651e+00	133400000	-9.346228e+01	3.776268e+01	1.467052e+00	-5.294811e+00
L	-9.330001e+01	3.734101e+01	133450000	-9.338868e+01	3.749748e+01	1.474345e+00	-5.303283e+00
R	9.984501e+01	2.766024e+00	-3.726117e+00	133500000	-9.331472e+01	3.723187e+01	1.481370e+00	-5.311616e+00
L	-9.321195e+01	3.674261e+01	133550000	-9.324042e+01	3.696585e+01	1.488137e+00	-5.319811e+00
R	1.003678e+02	2.781818e+00	-3.727187e+00	133600000	-9.316578e+01	3.669943e+01	1.494657e+00	-5.327870e+00
L	-9.323553e+01	3.649620e+01	133650000	-9.309083e+01	3.643261e+01	1.500941e+00	-5.335795e+00
R	1.000645e+02	2.777666e+00	-3.549179e+00	133700000	-9.301557e+01	3.616541e+01	1.506997e+00	-5.343587e+00
L	-9.291573e+01	3.586386e+01	133750000	-9.294001e+01	3.589782e+01	1.512835e+00	-5.351249e+00
R	9.930441e+01	2.732976e+00	-3.324873e+00	133800000	-9.286417e+01	3.562986e+01	1.518465e+00	-5.358781e+00
L	-9.291089e+01	3.534233e+01	133850000	-9.278806e+01	3.536153e+01	1.523894e+00	-5.366185e+00
R	9.852689e+01	2.804832e+00	-3.500831e+00	133900000	-9.271167e+01	3.509283e+01	1.529130e+00	-5.373463e+00
L	-9.262310e+01	3.504880e+01	133950000	-9.263503e+01	3.482378e+01	1.534182e+00	-5.380617e+00
R	9.926394e+01	2.804149e+00	-3.632512e+00	134000000	-9.255815e+01	3.455438e+01	1.539056e+00	-5.387648e+00
L	-9.249425e+01	3.432965e+01	134050000	-9.248102e+01	3.428464e+01	1.543760e+00	-5.394557e+00
R	9.854616e+01	2.793093e+00	-3.072750e+00	134100000	-9.240367e+01	3.401455e+01	1.548301e+00	-5.401348e+00
L	-9.222733e+01	3.392698e+01	134150000	-9.232609e+01	3.374413e+01	1.552686e+00	-5.408020e+00
R	9.838046e+01	2.772662e+00	-3.406116e+00	134200000	-9.224830e+01	3.347339e+01	1.556919e+00	-5.414576e+00
L	-9.217219e+01	3.326425e+01	134250000	-9.217030e+01	3.320232e+01	1.561008e+00	-5.421016e+00
R	9.765535e+01	2.797855e+00	-3.400553e+00	134300000	-9.209210e+01	3.293094e+01	1.564959e+00	-5.427344e+00
L	-9.209388e+01	3.272118e+01	134350000	-9.201371e+01	3.265925e+01	1.568775e+00	-5.433560e+00
R	9.774605e+01	2.856056e+00	-2.983760e+00	134400000	-9.193513e+01	3.238726e+01	1.572464e+00	-5.439667e+00
L	-9.191522e+01	3.230563e+01	134450000	-9.185637e+01	3.211496e+01	1.576030e+00	-5.445664e+00
R	9.671527e+01	2.820104e+00	-3.446877e+00	134500000	-9.177744e+01	3.184237e+01	1.579477e+00	-5.451555e+00
L	-9.178095e+01	3.186665e+01	134550000	-9.169833e+01	3.156949e+01	1.582811e+00	-5.457341e+00
R	9.669079e+01	2.819808e+00	-3.089634e+00	134600000	-9.161907e+01	3.129633e+01	1.586035e+00	-5.463022e+00
L	-9.154346e+01	3.081874e+01	134650000	-9.153965e+01	3.102289e+01	1.589154e+00	-5.468602e+00
R	9.658913e+01	2.806991e+00	-3.285350e+00	134700000	-9.146007e+01	3.074918e+01	1.592172e+00	-5.474081e+00
L	-9.138383e+01	3.054362e+01	134750000	-9.138035e+01	3.047519e+01	1.595093e+00	-5.479460e+00
R	9.628911e+01	2.776582e+00	-3.173619e+00	134800000	-9.130048e+01	3.020095e+01	1.597921e+00	-5.484742e+00
L	-9.095586e+01	2.964029e+01	134850000	-9.122048e+01	2.992644e+01	1.600658e+00	-5.489928e+00
R	9.556462e+01	2.806356e+00	-3.820496e+00	134900000	-9.114034e+01	2.965169e+01	1.603309e+00	-5.495019e+00
L	-9.133458e+01	2.923277e+01	134950000	-9.106007e+01	2.937668e+01	1.605876e+00	-5.500017e+00
R	9.586533e+01	2.820990e+00	-3.488879e+00	135000000	-9.097967e+01	2.910142e+01	1.608364e+00	-5.504923e+00
L	-9.092435e+01	2.889927e+01	135050000	-9.089916e+01	2.882593e+01	1.610774e+00	-5.509739e+00
R	9.534602e+01	2.838282e+00	-2.400142e+00	135100000	-9.081853e+01	2.855020e+01	1.613110e+00	-5.514466e+00
L	-9.069810e+01	2.833926e+01	135150000	-9.073778e+01	2.827424e+01	1.615374e+00	-5.519106e+00
R	9.472267e+01	2.816205e+00	-3.524817e+00	135200000	-9.065692e+01	2.799805e+01	1.617569e+00	-5.523660e+00
L	-9.076945e+01	2.780424e+01	135250000	-9.057595e+01	2.772164e+01	1.619698e+00	-5.528129e+00
R	9.461365e+01	2.828218e+00	-3.262905e+00	135300000	-9.049488e+01	2.744501e+01	1.621763e+00	-5.532514e+00
L	-9.025483e+01	2.713708e+01	135350000	-9.041371e+01	2.716816e+01	1.623766e+00	-5.536818e+00
R	9.426035e+01	2.860935e+00	-2.989973e+00	135400000	-9.033244e+01	2.689110e+01	1.625709e+00	-5.541042e+00
L	-9.036451e+01	2.624430e+01	135450000	-9.025108e+01	2.661384e+01	1.627596e+00	-5.545187e+00
R	9.335187e+01	2.868017e+00	-3.292882e+00	135500000	-9.016962e+01	2.633637e+01	1.629426e+00	-5.549253e+00
L	-9.013940e+01	2.580113e+01	135550000	-9.008807e+01	2.605871e+01	1.631204e+00	-5.553243e+00
R	9.338575e+01	2.866209e+00	-3.088158e+00	135600000	-9.000644e+01	2.578085e+01	1.632930e+00	-5.557158e+00
L	-9.008654e+01	2.532958e+01	135650000	-8.992472e+01	2.550279e+01	1.634606e+00	-5.561000e+00
R	9.389493e+01	2.860384e+00	-3.112289e+00	135700000	-8.984292e+01	2.522455e+01	1.636234e+00	-5.564768e+00
L	-8.996229e+01	2.482895e+01	135750000	-8.976104e+01	2.494612e+01	1.637816e+00	-5.568465e+00
R	9.292660e+01	2.838657e+00	-3.031278e+00	135800000	-8.967909e+01	2.466752e+01	1.639354e+00	-5.572092e+00
L	-8.977049e+01	2.427707e+01	135850000	-8.959706e+01	2.438873e+01	1.640848e+00	-5.575650e+00
R	9.246548e+01	2.828695e+00	-3.510252e+00	135900000	-8.951495e+01	2.410977e+01	1.642300e+00	-5.579141e+00
L	-8.941474e+01	2.367606e+01	135950000	-8.943277e+01	2.383064e+01	1.643712e+00	-5.582564e+00
R	9.234671e+01	2.879501e+00	-2.914975e+00	136000000	-8.935053e+01	2.355134e+01	1.645085e+00	-5.585923e+00
L	-8.914635e+01	2.317472e+01	136050000	-8.926822e+01	2.327188e+01	1.646421e+00	-5.589217e+00
R	9.175622e+01	2.895130e+00	-2.734904e+00	136100000	-8.918584e+01	2.299225e+01	1.647720e+00	-5.592449e+00
L	-8.915519e+01	2.270251e+01	136150000	-8.910340e+01	2.271247e+01	1.648983e+00	-5.595618e+00
R	9.174560e+01	2.890103e+00	-2.777809e+00	136200000	-8.902089e+01	2.243253e+01	1.650213e+00	-5.598726e+00
L	-8.899895e+01	2.224305e+01	136250000	-8.893833e+01	2.215244e+01	1.651410e+00	-5.601775e+00
R	9.163239e+01	2.964745e+00	-3.160722e+00	136300000	-8.885571e+01	2.187220e+01	1.652575e+00	-5.604765e+00
L	-8.860051e+01	2.171224e+01	136350000	-8.877303e+01	2.159181e+01	1.653709e+00	-5.607698e+00
R	9.084796e+01	2.922757e+00	-2.736361e+00	136400000	-8.869029e+01	2.131128e+01	1.654813e+00	-5.610574e+00
L	-8.869887e+01	2.066145e+01	136450000	-8.860750e+01	2.103061e+01	1.655889e+00	-5.613394e+00
R	9.114768e+01	2.872466e+00	-2.946606e+00	136500000	-8.852466e+01	2.074980e+01	1.656936e+00	-5.616160e+00
L	-8.870796e+01	2.055787e+01	136550000	-8.844177e+01	2.046886e+01	1.657956e+00	-5.618873e+00
R	9.008493e+01	2.899350e+00	-3.038765e+00	136600000	-8.835883e+01	2.018778e+01	1.658950e+00	-5.621533e+00
L	-8.827688e+01	1.968411e+01	136650000	-8.827584e+01	1.990657e+01	1.659918e+00	-5.624141e+00
R	9.048780e+01	2.937144e+00	-2.952334e+00	136700000	-8.819280e+01	1.962523e+01	1.660862e+00	-5.626699e+00
L	-8.815237e+01	1.893082e+01	136750000	-8.810971e+01	1.934377e+01	1.661782e+00	-5.629207e+00
R	9.054847e+01	2.921532e+00	-2.622830e+00	136800000	-8.802658e+01	1.906219e+01	1.662679e+00	-5.631667e+00
L	-8.791596e+01	1.878884e+01	136850000	-8.794341e+01	1.878048e+01	1.663553e+00	-5.634078e+00
R	8.999313e+01	2.914893e+00	-2.484230e+00	136900000	-8.786019e+01	1.849866e+01	1.664405e+00	-5.636443e+00
L	-8.754065e+01	1.824685e+01	136950000	-8.777693e+01	1.821672e+01	1.665236e+00	-5.638761e+00
R	8.946172e+01	2.969186e+00	-2.638544e+00	137000000	-8.769363e+01	1.793467e+01	1.666046e+00	-5.641035e+00
L	-8.766654e+01	1.760128e+01	137050000	-8.761030e+01	1.765250e+01	1.666837e+00	-5.643264e+00
R	8.927143e+01	2.968543e+00	-2.885735e+00	137100000	-8.752692e+01	1.737023e+01	1.667608e+00	-5.645449e+00
L	-8.732500e+01	1.738223e+01	137150000	-8.744350e+01	1.708785e+01	1.668361e+00	-5.647592e+00
R	8.913958e+01	2.949661e+00	-2.535572e+00	137200000	-8.736005e+01	1.680536e+01	1.669095e+00	-5.649693e+00
L	-8.734288e+01	1.635485e+01	137250000	-8.727656e+01	1.652278e+01	1.669811e+00	-5.651752e+00
R	8.846494e+01	2.916363e+00	-2.389135e+00	137300000	-8.719304e+01	1.624009e+01	1.670510e+00	-5.653772e+00
L	-8.718109e+01	1.567973e+01	137350000	-8.710948e+01	1.595730e+01	1.671193e+00	-5.655751e+00
R	8.857944e+01	2.974275e+00	-2.557151e+00	137400000	-8.702589e+01	1.567441e+01	1.671859e+00	-5.657692e+00
L	-8.714344e+01	1.522378e+01	137450000	-8.694227e+01	1.539143e+01	1.672509e+00	-5.659595e+00
R	8.869140e+01	2.951233e+00	-2.481887e+00	137500000	-8.685861e+01	1.510836e+01	1.673144e+00	-5.661461e+00
L	-8.675647e+01	1.461733e+01	137550000	-8.677493e+01	1.482519e+01	1.673764e+00	-5.663290e+00
R	8.746012e+01	2.990259e+00	-2.681529e+00	137600000	-8.669121e+01	1.454194e+01	1.674369e+00	-5.665083e+00
L	-8.664982e+01	1.441487e+01	137650000	-8.660746e+01	1.425860e+01	1.674961e+00	-5.666840e+00
R	8.715815e+01	2.979652e+00	-2.206544e+00	137700000	-8.652369e+01	1.397517e+01	1.675538e+00	-5.668563e+00
L	-8.631341e+01	1.365025e+01	137750000	-8.643988e+01	1.369166e+01	1.676102e+00	-5.670253e+00
R	8.753156e+01	3.006289e+00	-2.789689e+00	137800000	-8.635605e+01	1.340806e+01	1.676653e+00	-5.671908e+00
L	-8.649385e+01	1.325406e+01	137850000	-8.627219e+01	1.312438e+01	1.677192e+00	-5.673532e+00
R	8.715565e+01	3.048274e+00	-2.688797e+00	137900000	-8.618831e+01	1.284063e+01	1.677718e+00	-5.675123e+00
L	-8.595500e+01	1.268132e+01	137950000	-8.610440e+01	1.255679e+01	1.678232e+00	-5.676683e+00
R	8.703934e+01	3.000739e+00	-2.747532e+00	138000000	-8.602046e+01	1.227288e+01	1.678734e+00	-5.678212e+00
L	-8.598029e+01	1.191486e+01	138050000	-8.593650e+01	1.198890e+01	1.679225e+00	-5.679711e+00
R	8.665366e+01	2.974701e+00	-2.358004e+00	138100000	-8.585252e+01	1.170484e+01	1.679705e+00	-5.681180e+00
L	-8.550118e+01	1.128901e+01	138150000	-8.576851e+01	1.142070e+01	1.680174e+00	-5.682621e+00
R	8.656450e+01	2.955623e+00	-2.248824e+00	138200000	-8.568448e+01	1.113650e+01	1.680632e+00	-5.684033e+00
L	-8.556111e+01	1.071562e+01	138250000	-8.560043e+01	1.085223e+01	1.681080e+00	-5.685417e+00
R	8.633221e+01	3.021767e+00	-1.823820e+00	138300000	-8.551635e+01	1.056789e+01	1.681518e+00	-5.686773e+00
L	-8.541528e+01	1.034271e+01	138350000	-8.543226e+01	1.028349e+01	1.681947e+00	-5.688103e+00
R	8.588808e+01	2.991305e+00	-1.552408e+00	138400000	-8.534814e+01	9.999017e+00	1.682366e+00	-5.689406e+00
L	-8.523661e+01	9.760356e+00	138450000	-8.526400e+01	9.714482e+00	1.682775e+00	-5.690684e+00
R	8.572567e+01	2.987332e+00	-2.707274e+00	138500000	-8.517984e+01	9.429885e+00	1.683176e+00	-5.691936e+00
L	-8.534695e+01	9.343379e+00	138550000	-8.509567e+01	9.145226e+00	1.683567e+00	-5.693164e+00
R	8.562261e+01	3.027683e+00	-2.694444e+00	138600000	-8.501147e+01	8.860508e+00	1.683950e+00	-5.694367e+00
L	-8.505189e+01	8.560161e+00	138650000	-8.492726e+01	8.575730e+00	1.684325e+00	-5.695547e+00
R	8.487701e+01	3.070369e+00	-2.471958e+00	138700000	-8.484302e+01	8.290894e+00	1.684691e+00	-5.696703e+00
L	-8.480100e+01	7.990931e+00	138750000	-8.475877e+01	8.006002e+00	1.685050e+00	-5.697836e+00
R	8.436930e+01	3.074935e+00	-2.183886e+00	138800000	-8.467450e+01	7.721055e+00	1.685400e+00	-5.698946e+00
L	-8.492259e+01	7.377416e+00	138850000	-8.459022e+01	7.436053e+00	1.685743e+00	-5.700035e+00
R	8.470773e+01	3.026136e+00	-2.056142e+00	138900000	-8.450591e+01	7.150997e+00	1.686079e+00	-5.701102e+00
L	-8.424092e+01	6.917890e+00	138950000	-8.442159e+01	6.865890e+00	1.686407e+00	-5.702148e+00
R	8.417029e+01	3.043391e+00	-2.718752e+00	139000000	-8.433726e+01	6.580731e+00	1.686728e+00	-5.703173e+00
L	-8.422282e+01	6.145786e+00	139050000	-8.425291e+01	6.295522e+00	1.687043e+00	-5.704177e+00
R	8.446549e+01	3.094341e+00	-1.825959e+00	139100000	-8.416854e+01	6.010263e+00	1.687350e+00	-5.705162e+00
L	-8.405299e+01	5.686589e+00	139150000	-8.408416e+01	5.724957e+00	1.687651e+00	-5.706127e+00
R	8.368927e+01	3.142364e+00	-1.390516e+00	139200000	-8.399976e+01	5.439603e+00	1.687946e+00	-5.707073e+00
L	-8.392936e+01	5.218913e+00	139250000	-8.391535e+01	5.154203e+00	1.688234e+00	-5.708000e+00
R	8.362713e+01	3.071938e+00	-2.008840e+00	139300000	-8.383092e+01	4.868757e+00	1.688516e+00	-5.708909e+00
L	-8.383498e+01	4.846872e+00	139350000	-8.374649e+01	4.583267e+00	1.688792e+00	-5.709800e+00
R	8.386570e+01	3.071632e+00	-2.102231e+00	139400000	-8.366203e+01	4.297733e+00	1.689062e+00	-5.710673e+00
L	-8.354104e+01	3.773393e+00	139450000	-8.357757e+01	4.012157e+00	1.689327e+00	-5.711528e+00
R	8.372086e+01	3.095801e+00	-1.673069e+00	139500000	-8.349309e+01	3.726538e+00	1.689586e+00	-5.712367e+00
L	-8.335529e+01	3.342890e+00	139550000	-8.340860e+01	3.440879e+00	1.689839e+00	-5.713189e+00
R	8.318287e+01	3.145329e+00	-1.776493e+00	139600000	-8.332409e+01	3.155179e+00	1.690087e+00	-5.713994e+00
L	-8.315022e+01	2.958516e+00	139650000	-8.323958e+01	2.869439e+00	1.690330e+00	-5.714784e+00
R	8.316799e+01	3.077683e+00	-1.327579e+00	139700000	-8.315505e+01	2.583661e+00	1.690568e+00	-5.715558e+00
L	-8.309953e+01	2.491084e+00	139750000	-8.307051e+01	2.297846e+00	1.690801e+00	-5.716316e+00
R	8.298359e+01	3.150569e+00	-2.088975e+00	139800000	-8.298596e+01	2.011992e+00	1.691028e+00	-5.717059e+00
L	-8.309883e+01	1.684196e+00	139850000	-8.290140e+01	1.726103e+00	1.691251e+00	-5.717788e+00
R	8.268462e+01	3.144035e+00	-1.687587e+00	139900000	-8.281682e+01	1.440178e+00	1.691470e+00	-5.718502e+00
L	-8.296421e+01	1.043018e+00	139950000	-8.273224e+01	1.154218e+00	1.691684e+00	-5.719202e+00
R	8.223259e+01	3.108630e+00	-1.779778e+00	140000000	-8.264764e+01	8.682231e-01	1.691893e+00	-5.719887e+00
L	-8.265635e+01	7.571217e-01	140050000	-8.256322e+01	5.821423e-01	1.684946e+00	-5.722670e+00
R	8.260536e+01	3.112523e+00	-1.305481e+00	140100000	-8.247931e+01	2.958734e-01	1.671190e+00	-5.727420e+00
L	-8.225964e+01	3.866904e-02	140150000	-8.239625e+01	9.321686e-03	1.650950e+00	-5.733989e+00
R	8.220554e+01	-3.080117e+00	-1.365792e+00	140200000	-8.231436e+01	-2.775999e-01	1.624527e+00	-5.742219e+00
L	-8.239519e+01	-5.407301e-01	140250000	-8.223394e+01	-5.649702e-01	1.592203e+00	-5.751938e+00
R	8.190986e+01	-3.104369e+00	-1.802904e+00	140300000	-8.215527e+01	-8.528592e-01	1.554245e+00	-5.762968e+00
L	-8.217417e+01	-1.233967e+00	140350000	-8.207864e+01	-1.141328e+00	1.510901e+00	-5.775127e+00
R	8.216090e+01	-3.155633e+00	-1.358914e+00	140400000	-8.200430e+01	-1.430428e+00	1.462407e+00	-5.788226e+00
L	-8.225511e+01	-1.592663e+00	140450000	-8.193251e+01	-1.720202e+00	1.408985e+00	-5.802077e+00
R	8.108250e+01	-3.111734e+00	-1.132690e+00	140500000	-8.186351e+01	-2.010683e+00	1.350848e+00	-5.816489e+00
L	-8.187244e+01	-2.136982e+00	140550000	-8.179753e+01	-2.301894e+00	1.288196e+00	-5.831272e+00
R	8.211469e+01	-3.077669e+00	-6.949242e-01	140600000	-8.173479e+01	-2.593849e+00	1.221224e+00	-5.846240e+00
L	-8.162640e+01	-2.943488e+00	140650000	-8.167551e+01	-2.886552e+00	1.150116e+00	-5.861205e+00
R	8.176081e+01	-3.069609e+00	-8.613360e-01	140700000	-8.161987e+01	-3.179999e+00	1.075053e+00	-5.875986e+00
L	-8.192823e+01	-3.725936e+00	140750000	-8.156809e+01	-3.474176e+00	9.962076e-01	-5.890403e+00
R	8.214814e+01	-3.120085e+00	-8.233151e-01	140800000	-8.152034e+01	-3.769061e+00	9.137478e-01	-5.904282e+00
L	-8.133512e+01	-3.930119e+00	140850000	-8.147679e+01	-4.064622e+00	8.278377e-01	-5.917452e+00
R	8.172186e+01	-3.083762e+00	-1.057161e+00	140900000	-8.143763e+01	-4.360820e+00	7.386372e-01	-5.929749e+00
L	-8.107022e+01	-4.714439e+00	140950000	-8.140300e+01	-4.657607e+00	6.463032e-01	-5.941014e+00
R	8.185067e+01	-3.076523e+00	-3.488559e-01	141000000	-8.137307e+01	-4.954928e+00	5.509894e-01	-5.951091e+00
L	-8.138803e+01	-5.278010e+00	141050000	-8.134797e+01	-5.252720e+00	4.528472e-01	-5.959833e+00
R	8.201234e+01	-3.112236e+00	1.741661e-01	141100000	-8.132785e+01	-5.550911e+00	3.520257e-01	-5.967098e+00
L	-8.104190e+01	-5.925863e+00	141150000	-8.131283e+01	-5.849426e+00	2.486720e-01	-5.972749e+00
R	8.154596e+01	-3.101347e+00	8.018165e-01	141200000	-8.130304e+01	-6.148180e+00	1.429317e-01	-5.976656e+00
L	-8.146863e+01	-6.350200e+00	141250000	-8.129859e+01	-6.447083e+00	3.494864e-02	-5.978695e+00
R	8.098903e+01	-3.084672e+00	6.359515e-01	141300000	-8.129960e+01	-6.746038e+00	-7.513447e-02	-5.978749e+00
L	-8.147320e+01	-7.083248e+00	141350000	-8.130616e+01	-7.044944e+00	-1.871763e-01	-5.976707e+00
R	8.124723e+01	-3.048861e+00	4.823394e-01	141400000	-8.131836e+01	-7.343692e+00	-3.010366e-01	-5.972462e+00
L	-8.149539e+01	-7.602320e+00	141450000	-8.133630e+01	-7.642171e+00	-4.165761e-01	-5.965917e+00
R	8.117528e+01	-3.025375e+00	8.648162e-01	141500000	-8.136006e+01	-7.940263e+00	-5.336569e-01	-5.956978e+00
L	-8.115016e+01	-8.316650e+00	141550000	-8.138971e+01	-8.237845e+00	-6.521416e-01	-5.945559e+00
R	8.160677e+01	-3.033915e+00	1.685236e+00	141600000	-8.142531e+01	-8.534793e+00	-7.718942e-01	-5.931580e+00
L	-8.183227e+01	-8.927218e+00	141650000	-8.146693e+01	-8.830976e+00	-8.927794e-01	-5.914965e+00
R	8.240120e+01	-3.061294e+00	1.298452e+00	141700000	-8.151462e+01	-9.126261e+00	-1.014663e+00	-5.895646e+00
L	-8.180709e+01	-9.472421e+00	141750000	-8.156842e+01	-9.420510e+00	-1.137412e+00	-5.873560e+00
R	8.182751e+01	-3.009702e+00	1.492472e+00	141800000	-8.162839e+01	-9.713585e+00	-1.260893e+00	-5.848650e+00
L	-8.176605e+01	-1.003420e+01	141850000	-8.169454e+01	-1.000534e+01	-1.384977e+00	-5.820864e+00
R	8.222988e+01	-3.023483e+00	1.932058e+00	141900000	-8.176690e+01	-1.029564e+01	-1.509532e+00	-5.790157e+00
L	-8.197901e+01	-1.040003e+01	141950000	-8.184551e+01	-1.058432e+01	-1.634430e+00	-5.756487e+00
R	8.277562e+01	-2.997002e+00	2.813179e+00	142000000	-8.193036e+01	-1.087125e+01	-1.759543e+00	-5.719820e+00
L	-8.196093e+01	-1.120210e+01	142050000	-8.202148e+01	-1.115627e+01	-1.884745e+00	-5.680125e+00
R	8.308564e+01	-3.010554e+00	3.292133e+00	142100000	-8.211885e+01	-1.143922e+01	-2.009910e+00	-5.637376e+00
L	-8.219111e+01	-1.171302e+01	142150000	-8.222248e+01	-1.171996e+01	-2.134915e+00	-5.591555e+00
R	8.367098e+01	-2.972134e+00	2.824373e+00	142200000	-8.233235e+01	-1.199834e+01	-2.259637e+00	-5.542646e+00
L	-8.237669e+01	-1.246618e+01	142250000	-8.244845e+01	-1.227419e+01	-2.383955e+00	-5.490637e+00
R	8.344441e+01	-2.985521e+00	3.338000e+00	142300000	-8.257075e+01	-1.254736e+01	-2.507750e+00	-5.435523e+00
L	-8.272404e+01	-1.296101e+01	142350000	-8.269922e+01	-1.281770e+01	-2.630905e+00	-5.377303e+00
R	8.398071e+01	-2.968254e+00	3.346679e+00	142400000	-8.283383e+01	-1.308505e+01	-2.753302e+00	-5.315979e+00
L	-8.297788e+01	-1.327531e+01	142450000	-8.297455e+01	-1.334926e+01	-2.874827e+00	-5.251558e+00
R	8.437592e+01	-2.968656e+00	3.936044e+00	142500000	-8.312131e+01	-1.361016e+01	-2.995368e+00	-5.184052e+00
L	-8.318345e+01	-1.375904e+01	142550000	-8.327408e+01	-1.386762e+01	-3.114814e+00	-5.113474e+00
R	8.475652e+01	-2.989179e+00	4.129275e+00	142600000	-8.343278e+01	-1.412147e+01	-3.233055e+00	-5.039846e+00
L	-8.369747e+01	-1.445923e+01	142650000	-8.359737e+01	-1.437156e+01	-3.349984e+00	-4.963189e+00
R	8.513628e+01	-2.967059e+00	4.050448e+00	142700000	-8.376777e+01	-1.461774e+01	-3.465496e+00	-4.883529e+00
L	-8.385989e+01	-1.497324e+01	142750000	-8.394390e+01	-1.485987e+01	-3.579488e+00	-4.800897e+00
R	8.560805e+01	-3.003930e+00	4.863310e+00	142800000	-8.412570e+01	-1.509779e+01	-3.691858e+00	-4.715326e+00
L	-8.423992e+01	-1.526183e+01	142850000	-8.431307e+01	-1.533136e+01	-3.802507e+00	-4.626853e+00
R	8.593193e+01	-2.999338e+00	4.167234e+00	142900000	-8.450593e+01	-1.556044e+01	-3.911338e+00	-4.535518e+00
L	-8.469313e+01	-1.584053e+01	142950000	-8.470418e+01	-1.578487e+01	-4.018256e+00	-4.441364e+00
R	8.650101e+01	-2.924145e+00	4.981269e+00	143000000	-8.490773e+01	-1.600453e+01	-4.123169e+00	-4.344437e+00
L	-8.526048e+01	-1.612413e+01	143050000	-8.511647e+01	-1.621928e+01	-4.225986e+00	-4.244785e+00
R	8.671452e+01	-2.939367e+00	5.211111e+00	143100000	-8.533030e+01	-1.642897e+01	-4.326618e+00	-4.142462e+00
L	-8.562701e+01	-1.641446e+01	143150000	-8.554911e+01	-1.663348e+01	-4.424981e+00	-4.037520e+00
R	8.730652e+01	-2.946925e+00	5.574692e+00	143200000	-8.577277e+01	-1.683269e+01	-4.520989e+00	-3.930017e+00
L	-8.597311e+01	-1.715119e+01	143250000	-8.600117e+01	-1.702645e+01	-4.614563e+00	-3.820013e+00
R	8.783101e+01	-2.937611e+00	5.207330e+00	143300000	-8.623419e+01	-1.721465e+01	-4.705622e+00	-3.707570e+00
L	-8.654793e+01	-1.725510e+01	143350000	-8.647170e+01	-1.739717e+01	-4.794091e+00	-3.592751e+00
R	8.841838e+01	-2.889493e+00	5.424752e+00	143400000	-8.671357e+01	-1.757389e+01	-4.879896e+00	-3.475624e+00
L	-8.711279e+01	-1.778150e+01	143450000	-8.695965e+01	-1.774470e+01	-4.962965e+00	-3.356256e+00
R	8.930914e+01	-2.956410e+00	5.926200e+00	143500000	-8.720983e+01	-1.790948e+01	-5.043229e+00	-3.234719e+00
L	-8.746288e+01	-1.800885e+01	143550000	-8.746394e+01	-1.806814e+01	-5.120622e+00	-3.111084e+00
R	8.937643e+01	-2.935823e+00	5.691929e+00	143600000	-8.772185e+01	-1.822056e+01	-5.195079e+00	-2.985427e+00
L	-8.782611e+01	-1.843648e+01	143650000	-8.798340e+01	-1.836665e+01	-5.266539e+00	-2.857823e+00
R	8.969931e+01	-2.967985e+00	5.577654e+00	143700000	-8.824846e+01	-1.850632e+01	-5.334943e+00	-2.728351e+00
L	-8.842140e+01	-1.877365e+01	143750000	-8.851685e+01	-1.863946e+01	-5.400234e+00	-2.597089e+00
R	9.045607e+01	-2.942436e+00	5.847909e+00	143800000	-8.878844e+01	-1.876600e+01	-5.462360e+00	-2.464118e+00
L	-8.907615e+01	-1.907843e+01	143850000	-8.906304e+01	-1.888585e+01	-5.521268e+00	-2.329522e+00
R	9.124418e+01	-2.903476e+00	6.028986e+00	143900000	-8.934052e+01	-1.899893e+01	-5.576909e+00	-2.193382e+00
L	-8.956326e+01	-1.921904e+01	143950000	-8.962069e+01	-1.910516e+01	-5.629239e+00	-2.055785e+00
R	9.184727e+01	-2.968630e+00	6.124144e+00	144000000	-8.990339e+01	-1.920448e+01	-5.678213e+00	-1.916817e+00
L	-9.006182e+01	-1.933154e+01	144050000	-9.018846e+01	-1.929682e+01	-5.723791e+00	-1.776564e+00
R	9.241478e+01	-2.955574e+00	5.944761e+00	144100000	-9.047572e+01	-1.938212e+01	-5.765935e+00	-1.635115e+00
L	-9.051490e+01	-1.956808e+01	144150000	-9.076500e+01	-1.946032e+01	-5.804609e+00	-1.492559e+00
R	9.319328e+01	-2.903023e+00	5.963616e+00	144200000	-9.105613e+01	-1.953136e+01	-5.839780e+00	-1.348986e+00
L	-9.154541e+01	-1.954449e+01	144250000	-9.134893e+01	-1.959520e+01	-5.871418e+00	-1.204487e+00
R	9.418461e+01	-2.925770e+00	5.978800e+00	144300000	-9.164322e+01	-1.965180e+01	-5.899495e+00	-1.059153e+00
L	-9.194646e+01	-2.002051e+01	144350000	-9.193882e+01	-1.970111e+01	-5.923987e+00	-9.130774e-01
R	9.441981e+01	-2.945182e+00	5.699664e+00	144400000	-9.223556e+01	-1.974309e+01	-5.944870e+00	-7.663518e-01
L	-9.234825e+01	-1.992074e+01	144450000	-9.253325e+01	-1.977773e+01	-5.962127e+00	-6.190698e-01
R	9.495002e+01	-2.968575e+00	6.043397e+00	144500000	-9.283172e+01	-1.980499e+01	-5.975739e+00	-4.713252e-01
L	-9.334192e+01	-1.979162e+01	144550000	-9.313077e+01	-1.982486e+01	-5.985691e+00	-3.232119e-01
R	9.554818e+01	-2.910297e+00	5.508152e+00	144600000	-9.343023e+01	-1.983731e+01	-5.991973e+00	-1.748244e-01
L	-9.379561e+01	-1.996594e+01	144650000	-9.372991e+01	-1.984234e+01	-5.994575e+00	-2.625707e-02
R	9.631606e+01	-2.985567e+00	5.721529e+00	144700000	-9.402963e+01	-1.983993e+01	-5.993490e+00	1.223953e-01
L	-9.425627e+01	-1.980399e+01	144750000	-9.432921e+01	-1.983010e+01	-5.988715e+00	2.710378e-01
R	9.621969e+01	-2.901808e+00	5.785047e+00	144800000	-9.462845e+01	-1.981283e+01	-5.980248e+00	4.195759e-01
L	-9.477738e+01	-1.985157e+01	144850000	-9.492718e+01	-1.978814e+01	-5.968089e+00	5.679146e-01
R	9.726364e+01	-2.931127e+00	5.551177e+00	144900000	-9.522520e+01	-1.975604e+01	-5.952244e+00	7.159595e-01
L	-9.519049e+01	-1.975738e+01	144950000	-9.552234e+01	-1.971655e+01	-5.932717e+00	8.636160e-01
R	9.791799e+01	-2.958416e+00	5.418800e+00	145000000	-9.581842e+01	-1.966969e+01	-5.909519e+00	1.010790e+00
L	-9.613234e+01	-1.972357e+01	145050000	-9.611032e+01	-1.961621e+01	-5.825215e+00	1.138524e+00
R	9.807710e+01	-2.940328e+00	5.251593e+00	145100000	-9.639805e+01	-1.955661e+01	-5.740865e+00	1.256329e+00
L	-9.636254e+01	-1.951883e+01	145150000	-9.668160e+01	-1.949139e+01	-5.656865e+00	1.364864e+00
R	9.868883e+01	-2.925416e+00	5.702289e+00	145200000	-9.696099e+01	-1.942098e+01	-5.573548e+00	1.464752e+00
L	-9.747693e+01	-1.916175e+01	145250000	-9.723629e+01	-1.934579e+01	-5.491191e+00	1.556584e+00
R	9.907499e+01	-2.961249e+00	4.571883e+00	145300000	-9.750752e+01	-1.926622e+01	-5.410020e+00	1.640917e+00
L	-9.784518e+01	-1.939072e+01	145350000	-9.777476e+01	-1.918262e+01	-5.330220e+00	1.718274e+00
R	9.969812e+01	-2.959346e+00	4.769116e+00	145400000	-9.803809e+01	-1.909534e+01	-5.251939e+00	1.789147e+00
L	-9.825947e+01	-1.896498e+01	145450000	-9.829757e+01	-1.900467e+01	-5.175292e+00	1.853997e+00
R	1.003277e+02	-2.913112e+00	4.698821e+00	145500000	-9.855329e+01	-1.891090e+01	-5.100368e+00	1.913253e+00
L	-9.862455e+01	-1.879461e+01	145550000	-9.880534e+01	-1.881432e+01	-5.027231e+00	1.967320e+00
R	1.006145e+02	-2.995591e+00	3.657491e+00	145600000	-9.905380e+01	-1.871516e+01	-4.955928e+00	2.016572e+00
L	-9.936367e+01	-1.878699e+01	145650000	-9.929878e+01	-1.861365e+01	-4.886485e+00	2.061360e+00
R	1.012397e+02	-2.919296e+00	3.675594e+00	145700000	-9.954035e+01	-1.851001e+01	-4.818917e+00	2.102010e+00
L	-9.967768e+01	-1.863167e+01	145750000	-9.977863e+01	-1.840444e+01	-4.753224e+00	2.138827e+00
R	1.011174e+02	-2.893475e+00	4.448931e+00	145800000	-1.000137e+02	-1.829712e+01	-4.689398e+00	2.172093e+00
L	-1.006916e+02	-1.798701e+01	145850000	-1.002456e+02	-1.818822e+01	-4.627421e+00	2.202071e+00
R	1.020198e+02	-2.918789e+00	3.822454e+00	145900000	-1.004745e+02	-1.807790e+01	-4.567270e+00	2.229005e+00
L	-1.006709e+02	-1.794867e+01	145950000	-1.007005e+02	-1.796630e+01	-4.508915e+00	2.253124e+00
R	1.018692e+02	-2.962647e+00	4.227029e+00	146000000	-1.009236e+02	-1.785356e+01	-4.452320e+00	2.274637e+00
L	-1.012875e+02	-1.766098e+01	146050000	-1.011440e+02	-1.773981e+01	-4.397449e+00	2.293742e+00
R	1.030799e+02	-2.968790e+00	4.224445e+00	146100000	-1.013617e+02	-1.762515e+01	-4.344260e+00	2.310619e+00
L	-1.014807e+02	-1.726750e+01	146150000	-1.015767e+02	-1.750970e+01	-4.292711e+00	2.325439e+00
R	1.033426e+02	-2.941145e+00	3.745053e+00	146200000	-1.017893e+02	-1.739355e+01	-4.242757e+00	2.338359e+00
L	-1.018979e+02	-1.722551e+01	146250000	-1.019994e+02	-1.727680e+01	-4.194352e+00	2.349523e+00
R	1.037701e+02	-2.953017e+00	3.604525e+00	146300000	-1.022072e+02	-1.715953e+01	-4.147451e+00	2.359067e+00
L	-1.024608e+02	-1.731219e+01	146350000	-1.024126e+02	-1.704181e+01	-4.102008e+00	2.367117e+00
R	1.040705e+02	-3.013317e+00	3.386453e+00	146400000	-1.026159e+02	-1.692372e+01	-4.057977e+00	2.373789e+00
L	-1.028745e+02	-1.670705e+01	146450000	-1.028170e+02	-1.680533e+01	-4.015311e+00	2.379192e+00
R	1.045312e+02	-2.967127e+00	3.487524e+00	146500000	-1.030160e+02	-1.668669e+01	-3.973967e+00	2.383426e+00
L	-1.031708e+02	-1.670157e+01	146550000	-1.032130e+02	-1.656786e+01	-3.933899e+00	2.386584e+00
R	1.051696e+02	-2.935201e+00	3.291281e+00	146600000	-1.034080e+02	-1.644889e+01	-3.895065e+00	2.388752e+00
L	-1.037875e+02	-1.650384e+01	146650000	-1.036012e+02	-1.632983e+01	-3.857421e+00	2.390011e+00
R	1.047724e+02	-3.014623e+00	3.497475e+00	146700000	-1.037925e+02	-1.621072e+01	-3.820926e+00	2.390435e+00
L	-1.039548e+02	-1.596440e+01	146750000	-1.039820e+02	-1.609161e+01	-3.785541e+00	2.390094e+00
R	1.054413e+02	-2.983109e+00	3.255874e+00	146800000	-1.041698e+02	-1.597252e+01	-3.751225e+00	2.389052e+00
L	-1.041219e+02	-1.561187e+01	146850000	-1.043559e+02	-1.585350e+01	-3.717941e+00	2.387368e+00
R	1.054805e+02	-2.983133e+00	3.211938e+00	146900000	-1.045404e+02	-1.573457e+01	-3.685653e+00	2.385097e+00
L	-1.047628e+02	-1.570017e+01	146950000	-1.047233e+02	-1.561577e+01	-3.654324e+00	2.382292e+00
R	1.056983e+02	-3.003117e+00	3.519772e+00	147000000	-1.049047e+02	-1.549711e+01	-3.623921e+00	2.378999e+00
L	-1.048782e+02	-1.523675e+01	147050000	-1.050846e+02	-1.537861e+01	-3.594410e+00	2.375263e+00
R	1.064065e+02	-2.957262e+00	3.165137e+00	147100000	-1.052631e+02	-1.526032e+01	-3.565760e+00	2.371124e+00
L	-1.054586e+02	-1.534139e+01	147150000	-1.054401e+02	-1.514223e+01	-3.537939e+00	2.366622e+00
R	1.070351e+02	-2.969907e+00	2.857796e+00	147200000	-1.056158e+02	-1.502437e+01	-3.510920e+00	2.361791e+00
L	-1.059788e+02	-1.460798e+01	147250000	-1.057902e+02	-1.490675e+01	-3.484672e+00	2.356663e+00
R	1.070582e+02	-3.035221e+00	3.008395e+00	147300000	-1.059633e+02	-1.478939e+01	-3.459169e+00	2.351270e+00
L	-1.060487e+02	-1.451112e+01	147350000	-1.061352e+02	-1.467230e+01	-3.434385e+00	2.345639e+00
R	1.075403e+02	-2.957261e+00	3.279413e+00	147400000	-1.063058e+02	-1.455549e+01	-3.410294e+00	2.339797e+00
L	-1.064074e+02	-1.425538e+01	147450000	-1.064753e+02	-1.443897e+01	-3.386872e+00	2.333768e+00
R	1.074510e+02	-3.025629e+00	2.600673e+00	147500000	-1.066436e+02	-1.432275e+01	-3.364096e+00	2.327574e+00
L	-1.066961e+02	-1.431210e+01	147550000	-1.068108e+02	-1.420684e+01	-3.341944e+00	2.321236e+00
R	1.079773e+02	-3.007538e+00	2.888275e+00	147600000	-1.069769e+02	-1.409125e+01	-3.320395e+00	2.314773e+00
L	-1.072026e+02	-1.382737e+01	147650000	-1.071420e+02	-1.397597e+01	-3.299427e+00	2.308204e+00
R	1.086842e+02	-3.025712e+00	2.723036e+00	147700000	-1.073060e+02	-1.386102e+01	-3.279021e+00	2.301543e+00
L	-1.071797e+02	-1.373289e+01	147750000	-1.074690e+02	-1.374640e+01	-3.259159e+00	2.294808e+00
R	1.083237e+02	-3.025515e+00	3.183107e+00	147800000	-1.076311e+02	-1.363212e+01	-3.239822e+00	2.288011e+00
L	-1.078052e+02	-1.350414e+01	147850000	-1.077922e+02	-1.351817e+01	-3.220992e+00	2.281166e+00
R	1.083947e+02	-3.041405e+00	3.231958e+00	147900000	-1.079524e+02	-1.340455e+01	-3.202654e+00	2.274284e+00
L	-1.080489e+02	-1.313994e+01	147950000	-1.081118e+02	-1.329128e+01	-3.184791e+00	2.267378e+00
R	1.085587e+02	-3.037929e+00	2.964112e+00	148000000	-1.082702e+02	-1.317835e+01	-3.167387e+00	2.260457e+00
L	-1.083271e+02	-1.275353e+01	148050000	-1.084278e+02	-1.306576e+01	-3.150428e+00	2.253530e+00
R	1.094147e+02	-3.049615e+00	2.617634e+00	148100000	-1.085845e+02	-1.295351e+01	-3.133900e+00	2.246606e+00
L	-1.089415e+02	-1.263991e+01	148150000	-1.087405e+02	-1.284160e+01	-3.117790e+00	2.239693e+00
R	1.095912e+02	-3.044463e+00	3.165999e+00	148200000	-1.088956e+02	-1.273003e+01	-3.102083e+00	2.232799e+00
L	-1.088480e+02	-1.266654e+01	148250000	-1.090500e+02	-1.261880e+01	-3.086768e+00	2.225929e+00
R	1.097619e+02	-3.018823e+00	2.291669e+00	148300000	-1.092037e+02	-1.250791e+01	-3.071832e+00	2.219091e+00
L	-1.092816e+02	-1.229547e+01	148350000	-1.093566e+02	-1.239736e+01	-3.057264e+00	2.212289e+00
R	1.102512e+02	-3.008551e+00	2.783105e+00	148400000	-1.095088e+02	-1.228714e+01	-3.043053e+00	2.205530e+00
L	-1.096343e+02	-1.196908e+01	148450000	-1.096603e+02	-1.217726e+01	-3.029188e+00	2.198816e+00
R	1.105059e+02	-2.983390e+00	3.015534e+00	148500000	-1.098111e+02	-1.206770e+01	-3.015659e+00	2.192154e+00
L	-1.100007e+02	-1.196481e+01	148550000	-1.099612e+02	-1.195847e+01	-3.002455e+00	2.185546e+00
R	1.105435e+02	-2.997884e+00	3.572011e+00	148600000	-1.101107e+02	-1.184957e+01	-2.989568e+00	2.178996e+00
L	-1.102978e+02	-1.169642e+01	148650000	-1.102596e+02	-1.174099e+01	-2.976987e+00	2.172507e+00
R	1.111648e+02	-3.033836e+00	2.671673e+00	148700000	-1.104079e+02	-1.163272e+01	-2.964705e+00	2.166081e+00
L	-1.104601e+02	-1.174412e+01	148750000	-1.105556e+02	-1.152478e+01	-2.952713e+00	2.159723e+00
R	1.110278e+02	-3.031736e+00	2.724626e+00	148800000	-1.107026e+02	-1.141714e+01	-2.941002e+00	2.153433e+00
L	-1.108193e+02	-1.122197e+01	148850000	-1.108491e+02	-1.130982e+01	-2.929564e+00	2.147213e+00
R	1.119182e+02	-3.072521e+00	2.484586e+00	148900000	-1.109951e+02	-1.120280e+01	-2.918393e+00	2.141066e+00
L	-1.109793e+02	-1.108251e+01	148950000	-1.111405e+02	-1.109608e+01	-2.907480e+00	2.134993e+00
R	1.118830e+02	-3.006828e+00	2.123357e+00	149000000	-1.112853e+02	-1.098966e+01	-2.896819e+00	2.128994e+00
L	-1.112060e+02	-1.085385e+01	149050000	-1.114297e+02	-1.088353e+01	-2.886402e+00	2.123073e+00
R	1.117105e+02	-3.008895e+00	3.198754e+00	149100000	-1.115735e+02	-1.077770e+01	-2.876223e+00	2.117228e+00
L	-1.114909e+02	-1.070986e+01	149150000	-1.117168e+02	-1.067215e+01	-2.866276e+00	2.111461e+00
R	1.125668e+02	-3.031297e+00	2.235103e+00	149200000	-1.118597e+02	-1.056689e+01	-2.856554e+00	2.105773e+00
L	-1.116177e+02	-1.061086e+01	149250000	-1.120021e+02	-1.046190e+01	-2.847052e+00	2.100164e+00
R	1.132410e+02	-3.050395e+00	2.712755e+00	149300000	-1.121440e+02	-1.035719e+01	-2.837764e+00	2.094635e+00
L	-1.123236e+02	-1.004299e+01	149350000	-1.122854e+02	-1.025275e+01	-2.828683e+00	2.089185e+00
R	1.134204e+02	-3.046120e+00	2.433068e+00	149400000	-1.124264e+02	-1.014858e+01	-2.819806e+00	2.083816e+00
L	-1.126717e+02	-9.944049e+00	149450000	-1.125670e+02	-1.004467e+01	-2.811126e+00	2.078526e+00
R	1.124767e+02	-3.101859e+00	2.612795e+00	149500000	-1.127071e+02	-9.941022e+00	-2.802638e+00	2.073316e+00
L	-1.128008e+02	-9.910065e+00	149550000	-1.128469e+02	-9.837630e+00	-2.794339e+00	2.068185e+00
R	1.132754e+02	-3.107307e+00	2.481774e+00	149600000	-1.129862e+02	-9.734488e+00	-2.786222e+00	2.063134e+00
L	-1.131484e+02	-9.587763e+00	149650000	-1.131251e+02	-9.631595e+00	-2.778283e+00	2.058162e+00
R	1.138360e+02	-3.116103e+00	3.058104e+00	149700000	-1.132636e+02	-9.528945e+00	-2.770519e+00	2.053269e+00
L	-1.137186e+02	-9.349083e+00	149750000	-1.134018e+02	-9.426536e+00	-2.762924e+00	2.048455e+00
R	1.137867e+02	-3.030145e+00	2.744608e+00	149800000	-1.135396e+02	-9.324362e+00	-2.755494e+00	2.043718e+00
L	-1.137054e+02	-9.269444e+00	149850000	-1.136770e+02	-9.222421e+00	-2.748226e+00	2.039058e+00
R	1.136792e+02	-3.064334e+00	2.350606e+00	149900000	-1.138141e+02	-9.120708e+00	-2.741115e+00	2.034475e+00
L	-1.140922e+02	-9.186801e+00	149950000	-1.139508e+02	-9.019221e+00	-2.734158e+00	2.029969e+00
R	1.144381e+02	-3.076244e+00	2.822450e+00	150000000	-1.140872e+02	-8.917954e+00	-2.727351e+00	2.025537e+00
L	-1.143045e+02	-9.040477e+00	150050000	-1.142232e+02	-8.816904e+00	-2.720690e+00	2.021181e+00
R	1.144536e+02	-3.064747e+00	2.003593e+00	150100000	-1.143589e+02	-8.716068e+00	-2.714172e+00	2.016898e+00
L	-1.142972e+02	-8.650835e+00	150150000	-1.144943e+02	-8.615442e+00	-2.707794e+00	2.012689e+00
R	1.149040e+02	-3.063600e+00	2.743739e+00	150200000	-1.146294e+02	-8.515023e+00	-2.701552e+00	2.008552e+00
L	-1.146659e+02	-8.528913e+00	150250000	-1.147642e+02	-8.414806e+00	-2.695443e+00	2.004486e+00
R	1.149825e+02	-3.010338e+00	1.905089e+00	150300000	-1.148987e+02	-8.314789e+00	-2.689464e+00	2.000492e+00
L	-1.151851e+02	-8.348355e+00	150350000	-1.150328e+02	-8.214968e+00	-2.683612e+00	1.996567e+00
R	1.157221e+02	-3.062891e+00	2.625122e+00	150400000	-1.151667e+02	-8.115339e+00	-2.677884e+00	1.992712e+00
L	-1.154316e+02	-7.968195e+00	150450000	-1.153004e+02	-8.015898e+00	-2.672277e+00	1.988924e+00
R	1.154148e+02	-3.090016e+00	2.295778e+00	150500000	-1.154337e+02	-7.916644e+00	-2.666788e+00	1.985204e+00
L	-1.156758e+02	-7.968216e+00	150550000	-1.155668e+02	-7.817572e+00	-2.661415e+00	1.981551e+00
R	1.160191e+02	-3.066181e+00	2.271836e+00	150600000	-1.156996e+02	-7.718679e+00	-2.656155e+00	1.977963e+00
L	-1.159019e+02	-7.556391e+00	150650000	-1.158321e+02	-7.619962e+00	-2.651006e+00	1.974439e+00
R	1.162520e+02	-3.033851e+00	2.434081e+00	150700000	-1.159644e+02	-7.521418e+00	-2.645965e+00	1.970980e+00
L	-1.160483e+02	-7.324186e+00	150750000	-1.160965e+02	-7.423043e+00	-2.641029e+00	1.967583e+00
R	1.161583e+02	-3.111287e+00	2.094001e+00	150800000	-1.162283e+02	-7.324835e+00	-2.636196e+00	1.964248e+00
L	-1.162987e+02	-7.257172e+00	150850000	-1.163599e+02	-7.226791e+00	-2.631464e+00	1.960974e+00
R	1.167847e+02	-3.076839e+00	2.563325e+00	150900000	-1.164912e+02	-7.128906e+00	-2.626831e+00	1.957760e+00
L	-1.165279e+02	-7.092012e+00	150950000	-1.166223e+02	-7.031180e+00	-2.622294e+00	1.954606e+00
R	1.171828e+02	-3.064054e+00	2.080548e+00	151000000	-1.167532e+02	-6.933608e+00	-2.617852e+00	1.951509e+00
L	-1.169198e+02	-6.604362e+00	151050000	-1.168839e+02	-6.836188e+00	-2.613502e+00	1.948470e+00
R	1.182849e+02	-3.085422e+00	2.500441e+00	151100000	-1.170144e+02	-6.738916e+00	-2.609242e+00	1.945488e+00
L	-1.173908e+02	-6.625054e+00	151150000	-1.171446e+02	-6.641791e+00	-2.605070e+00	1.942560e+00
R	1.174366e+02	-3.102900e+00	3.019798e+00	151200000	-1.172747e+02	-6.544810e+00	-2.600985e+00	1.939688e+00
L	-1.173730e+02	-6.597234e+00	151250000	-1.174045e+02	-6.447969e+00	-2.596984e+00	1.936869e+00
R	1.173778e+02	-3.065554e+00	2.294892e+00	151300000	-1.175342e+02	-6.351266e+00	-2.593066e+00	1.934104e+00
L	-1.178041e+02	-6.507745e+00	151350000	-1.176637e+02	-6.254699e+00	-2.589229e+00	1.931390e+00
R	1.179135e+02	-3.071499e+00	2.724763e+00	151400000	-1.177929e+02	-6.158265e+00	-2.585470e+00	1.928727e+00
L	-1.178860e+02	-5.815123e+00	151450000	-1.179220e+02	-6.061961e+00	-2.581789e+00	1.926115e+00
R	1.178449e+02	-3.085322e+00	2.591010e+00	151500000	-1.180509e+02	-5.965786e+00	-2.578184e+00	1.923552e+00
L	-1.184258e+02	-5.898415e+00	151550000	-1.181797e+02	-5.869736e+00	-2.574653e+00	1.921038e+00
R	1.181203e+02	-3.086060e+00	2.223590e+00	151600000	-1.183082e+02	-5.773809e+00	-2.571194e+00	1.918571e+00
L	-1.183387e+02	-5.440151e+00	151650000	-1.184366e+02	-5.678003e+00	-2.567807e+00	1.916151e+00
R	1.186301e+02	-3.114030e+00	2.106849e+00	151700000	-1.185648e+02	-5.582316e+00	-2.564488e+00	1.913778e+00
L	-1.186336e+02	-5.625715e+00	151750000	-1.186929e+02	-5.486745e+00	-2.561238e+00	1.911450e+00
R	1.192221e+02	-3.046499e+00	2.987776e+00	151800000	-1.188208e+02	-5.391288e+00	-2.558054e+00	1.909166e+00
L	-1.186755e+02	-5.279314e+00	151850000	-1.189486e+02	-5.295943e+00	-2.554936e+00	1.906926e+00
R	1.193278e+02	-3.121538e+00	2.067511e+00	151900000	-1.190762e+02	-5.200708e+00	-2.551881e+00	1.904729e+00
L	-1.190926e+02	-5.319521e+00	151950000	-1.192036e+02	-5.105581e+00	-2.548888e+00	1.902575e+00
R	1.197333e+02	-3.125541e+00	2.401599e+00	152000000	-1.193309e+02	-5.010559e+00	-2.545957e+00	1.900462e+00
L	-1.191977e+02	-4.877353e+00	152050000	-1.194581e+02	-4.915641e+00	-2.543085e+00	1.898389e+00
R	1.198352e+02	-3.109446e+00	2.718632e+00	152100000	-1.195851e+02	-4.820824e+00	-2.540272e+00	1.896357e+00
L	-1.197513e+02	-4.865831e+00	152150000	-1.197119e+02	-4.726107e+00	-2.537516e+00	1.894363e+00
R	1.196312e+02	-3.149909e+00	2.082111e+00	152200000	-1.198387e+02	-4.631487e+00	-2.534816e+00	1.892409e+00
L	-1.198647e+02	-4.549562e+00	152250000	-1.199653e+02	-4.536964e+00	-2.532171e+00	1.890492e+00
R	1.198871e+02	-3.081083e+00	2.512392e+00	152300000	-1.200918e+02	-4.442534e+00	-2.529580e+00	1.888612e+00
L	-1.201515e+02	-4.497165e+00	152350000	-1.202181e+02	-4.348196e+00	-2.527042e+00	1.886769e+00
R	1.202804e+02	-3.095784e+00	2.374869e+00	152400000	-1.203444e+02	-4.253949e+00	-2.524555e+00	1.884961e+00
L	-1.203196e+02	-4.043787e+00	152450000	-1.204705e+02	-4.159790e+00	-2.522118e+00	1.883189e+00
R	1.211142e+02	-3.098718e+00	2.262537e+00	152500000	-1.205965e+02	-4.065718e+00	-2.519731e+00	1.881451e+00
L	-1.207155e+02	-3.622829e+00	152550000	-1.207224e+02	-3.971858e+00	-2.521147e+00	1.874709e+00
R	1.212365e+02	-3.114119e+00	2.678693e+00	152600000	-1.208485e+02	-3.878452e+00	-2.526139e+00	1.863205e+00
L	-1.210057e+02	-3.833894e+00	152650000	-1.209750e+02	-3.785734e+00	-2.534464e+00	1.847151e+00
R	1.214976e+02	-3.098288e+00	2.769437e+00	152700000	-1.211020e+02	-3.693927e+00	-2.545870e+00	1.826731e+00
L	-1.209674e+02	-3.677526e+00	152750000	-1.212296e+02	-3.603244e+00	-2.560097e+00	1.802106e+00
R	1.215019e+02	-3.084093e+00	2.762939e+00	152800000	-1.213579e+02	-3.513893e+00	-2.576879e+00	1.773417e+00
L	-1.215433e+02	-3.418360e+00	152850000	-1.214872e+02	-3.426073e+00	-2.595948e+00	1.740787e+00
R	1.222407e+02	-3.130873e+00	2.708684e+00	152900000	-1.216175e+02	-3.339979e+00	-2.617031e+00	1.704330e+00
L	-1.216747e+02	-3.470625e+00	152950000	-1.217488e+02	-3.255799e+00	-2.639857e+00	1.664145e+00
R	1.221177e+02	-3.155866e+00	2.685483e+00	153000000	-1.218814e+02	-3.173717e+00	-2.664154e+00	1.620326e+00
L	-1.218300e+02	-3.168384e+00	153050000	-1.220152e+02	-3.093914e+00	-2.689653e+00	1.572960e+00
R	1.217317e+02	-3.117611e+00	2.671843e+00	153100000	-1.221503e+02	-3.016564e+00	-2.716086e+00	1.522130e+00
L	-1.222686e+02	-2.907787e+00	153150000	-1.222867e+02	-2.941838e+00	-2.743189e+00	1.467918e+00
R	1.225434e+02	-3.162064e+00	3.059132e+00	153200000	-1.224245e+02	-2.869904e+00	-2.770703e+00	1.410403e+00
L	-1.228888e+02	-2.854205e+00	153250000	-1.225637e+02	-2.800924e+00	-2.798370e+00	1.349668e+00
R	1.229765e+02	-3.142227e+00	2.361127e+00	153300000	-1.227043e+02	-2.735058e+00	-2.825940e+00	1.285794e+00
L	-1.229591e+02	-2.745488e+00	153350000	-1.228462e+02	-2.672460e+00	-2.853167e+00	1.218869e+00
R	1.236188e+02	-3.165177e+00	2.981013e+00	153400000	-1.229895e+02	-2.613281e+00	-2.879813e+00	1.148980e+00
L	-1.231642e+02	-2.680068e+00	153450000	-1.231341e+02	-2.557667e+00	-2.905642e+00	1.076220e+00
R	1.228909e+02	-3.156915e+00	3.012431e+00	153500000	-1.232800e+02	-2.505759e+00	-2.930430e+00	1.000689e+00
L	-1.233258e+02	-2.260443e+00	153550000	-1.234270e+02	-2.457692e+00	-2.953956e+00	9.224876e-01
R	1.233121e+02	-3.185724e+00	3.131748e+00	153600000	-1.235752e+02	-2.413598e+00	-2.976008e+00	8.417254e-01
L	-1.236455e+02	-2.195854e+00	153650000	-1.237245e+02	-2.373602e+00	-2.996383e+00	7.585156e-01
R	1.233287e+02	-3.077822e+00	3.040897e+00	153700000	-1.238748e+02	-2.337824e+00	-3.014883e+00	6.729778e-01
L	-1.237232e+02	-2.337776e+00	153750000	-1.240259e+02	-2.306376e+00	-3.031322e+00	5.852372e-01
R	1.246159e+02	-3.140624e+00	3.681099e+00	153800000	-1.241778e+02	-2.279366e+00	-3.045520e+00	4.954246e-01
L	-1.244073e+02	-2.484361e+00	153850000	-1.243303e+02	-2.256893e+00	-3.057307e+00	4.036766e-01
R	1.245750e+02	-3.089355e+00	3.440624e+00	153900000	-1.244834e+02	-2.239052e+00	-3.066522e+00	3.101351e-01
L	-1.246459e+02	-2.166096e+00	153950000	-1.246368e+02	-2.225928e+00	-3.073014e+00	2.149474e-01
R	1.248067e+02	-3.083435e+00	3.388257e+00	154000000	-1.247906e+02	-2.217600e+00	-3.076639e+00	1.182658e-01
L	-1.250199e+02	-2.068265e+00	154050000	-1.249444e+02	-2.214138e+00	-3.077267e+00	2.024749e-02
R	1.251116e+02	-3.088257e+00	2.962007e+00	154100000	-1.250982e+02	-2.215606e+00	-3.074773e+00	-7.894598e-02
L	-1.252380e+02	-2.307390e+00	154150000	-1.252517e+02	-2.222058e+00	-3.069047e+00	-1.791488e-01
R	1.249555e+02	-3.160233e+00	3.401821e+00	154200000	-1.254049e+02	-2.233540e+00	-3.059984e+00	-2.801914e-01
L	-1.254646e+02	-2.368790e+00	154250000	-1.255576e+02	-2.250091e+00	-3.047494e+00	-3.819007e-01
R	1.258778e+02	-3.122525e+00	3.271404e+00	154300000	-1.257095e+02	-2.271739e+00	-3.031493e+00	-4.841007e-01
L	-1.259270e+02	-2.299940e+00	154350000	-1.258606e+02	-2.298503e+00	-3.011911e+00	-5.866127e-01
R	1.256867e+02	-3.088696e+00	3.158187e+00	154400000	-1.260106e+02	-2.330397e+00	-2.988686e+00	-6.892557e-01
L	-1.261416e+02	-2.000666e+00	154450000	-1.261594e+02	-2.367420e+00	-2.961766e+00	-7.918470e-01
R	1.266833e+02	-3.079624e+00	3.047467e+00	154500000	-1.263067e+02	-2.409567e+00	-2.931112e+00	-8.942026e-01
L	-1.265293e+02	-2.388222e+00	154550000	-1.264523e+02	-2.456821e+00	-2.896692e+00	-9.961373e-01
R	1.266367e+02	-3.131936e+00	3.236563e+00	154600000	-1.265962e+02	-2.509157e+00	-2.858486e+00	-1.097466e+00
L	-1.267847e+02	-2.528360e+00	154650000	-1.267381e+02	-2.566538e+00	-2.816484e+00	-1.198002e+00
R	1.269434e+02	-3.165837e+00	2.957948e+00	154700000	-1.268777e+02	-2.628922e+00	-2.770685e+00	-1.297561e+00
L	-1.268989e+02	-2.687999e+00	154750000	-1.270150e+02	-2.696255e+00	-2.721100e+00	-1.395958e+00
R	1.272576e+02	-3.129323e+00	2.513029e+00	154800000	-1.271497e+02	-2.768474e+00	-2.667747e+00	-1.493011e+00
L	-1.273754e+02	-3.115142e+00	154850000	-1.272817e+02	-2.845507e+00	-2.610656e+00	-1.588537e+00
R	1.276062e+02	-3.158396e+00	2.453835e+00	154900000	-1.274107e+02	-2.927274e+00	-2.549865e+00	-1.682356e+00
L	-1.278493e+02	-3.113243e+00	154950000	-1.275365e+02	-3.013685e+00	-2.485421e+00	-1.774292e+00
R	1.278603e+02	-3.114532e+00	2.471373e+00	155000000	-1.276591e+02	-3.104641e+00	-2.417382e+00	-1.864171e+00
L	-1.277422e+02	-3.453576e+00	155050000	-1.277782e+02	-3.200036e+00	-2.345812e+00	-1.951820e+00
R	1.281982e+02	-3.128369e+00	2.332019e+00	155100000	-1.278936e+02	-3.299753e+00	-2.270785e+00	-2.037073e+00
L	-1.279397e+02	-3.801888e+00	155150000	-1.280052e+02	-3.403669e+00	-2.192385e+00	-2.119766e+00
R	1.285878e+02	-3.124389e+00	2.337530e+00	155200000	-1.281127e+02	-3.511652e+00	-2.110701e+00	-2.199740e+00
L	-1.282678e+02	-3.716019e+00	155250000	-1.282161e+02	-3.623562e+00	-2.025832e+00	-2.276838e+00
R	1.287654e+02	-3.148565e+00	2.093613e+00	155300000	-1.283152e+02	-3.739252e+00	-1.937884e+00	-2.350913e+00
L	-1.284894e+02	-3.781141e+00	155350000	-1.284099e+02	-3.858567e+00	-1.846969e+00	-2.421819e+00
R	1.288312e+02	-3.089797e+00	1.996676e+00	155400000	-1.284999e+02	-3.981344e+00	-1.753207e+00	-2.489416e+00
L	-1.286750e+02	-4.144379e+00	155450000	-1.285851e+02	-4.107416e+00	-1.656726e+00	-2.553571e+00
R	1.288349e+02	-3.072554e+00	1.784005e+00	155500000	-1.286655e+02	-4.236606e+00	-1.557659e+00	-2.614158e+00
L	-1.287693e+02	-4.336952e+00	155550000	-1.287408e+02	-4.368734e+00	-1.456143e+00	-2.671054e+00
R	1.291642e+02	-3.092595e+00	1.716601e+00	155600000	-1.288110e+02	-4.503612e+00	-1.352325e+00	-2.724146e+00
L	-1.289362e+02	-4.504821e+00	155650000	-1.288760e+02	-4.641047e+00	-1.246353e+00	-2.773324e+00
R	1.289170e+02	-3.101690e+00	1.414879e+00	155700000	-1.289356e+02	-4.780841e+00	-1.138383e+00	-2.818489e+00
L	-1.291892e+02	-4.960868e+00	155750000	-1.289898e+02	-4.922791e+00	-1.028575e+00	-2.859546e+00
R	1.292200e+02	-3.097360e+00	1.279242e+00	155800000	-1.290384e+02	-5.066690e+00	-9.170926e-01	-2.896408e+00
L	-1.294299e+02	-5.461731e+00	155850000	-1.290814e+02	-5.212325e+00	-8.041037e-01	-2.928997e+00
R	1.295283e+02	-3.077909e+00	1.395638e+00	155900000	-1.291188e+02	-5.359481e+00	-6.897799e-01	-2.957240e+00
L	-1.291678e+02	-5.328323e+00	155950000	-1.291504e+02	-5.507940e+00	-5.742960e-01	-2.981074e+00
R	1.299679e+02	-3.166388e+00	9.140243e-02	156000000	-1.291762e+02	-5.657479e+00	-4.578297e-01	-3.000442e+00
L	-1.292709e+02	-6.020939e+00	156050000	-1.291961e+02	-5.807874e+00	-3.405612e-01	-3.015296e+00
R	1.298021e+02	-3.103480e+00	1.517468e-01	156100000	-1.292102e+02	-5.958898e+00	-2.226730e-01	-3.025595e+00
L	-1.290330e+02	-6.012454e+00	156150000	-1.292184e+02	-6.110323e+00	-1.043491e-01	-3.031307e+00
R	1.291975e+02	-3.072671e+00	-1.438746e-01	156200000	-1.292207e+02	-6.261919e+00	1.422464e-02	-3.032407e+00
L	-1.293217e+02	-6.236697e+00	156250000	-1.292170e+02	-6.413454e+00	1.328616e-01	-3.028879e+00
R	1.291206e+02	-3.105827e+00	-2.362364e-01	156300000	-1.292074e+02	-6.564698e+00	2.513744e-01	-3.020715e+00
L	-1.292762e+02	-7.097233e+00	156350000	-1.291918e+02	-6.715417e+00	3.695750e-01	-3.007913e+00
R	1.288850e+02	-3.083963e+00	8.491657e-02	156400000	-1.291704e+02	-6.865381e+00	4.872757e-01	-2.990483e+00
L	-1.290404e+02	-7.092237e+00	156450000	-1.291431e+02	-7.014359e+00	6.042890e-01	-2.968440e+00
R	1.292702e+02	-3.136511e+00	-6.333681e-01	156500000	-1.291100e+02	-7.162120e+00	7.204279e-01	-2.941808e+00
L	-1.291072e+02	-7.397144e+00	156550000	-1.290711e+02	-7.308435e+00	8.355066e-01	-2.910618e+00
R	1.294201e+02	-3.072142e+00	-6.166051e-01	156600000	-1.290265e+02	-7.453079e+00	9.493407e-01	-2.874910e+00
L	-1.286458e+02	-7.515603e+00	156650000	-1.289762e+02	-7.595825e+00	1.061747e+00	-2.834732e+00
R	1.285610e+02	-3.123531e+00	-1.021373e+00	156700000	-1.289204e+02	-7.736452e+00	1.172546e+00	-2.790139e+00
L	-1.289926e+02	-7.912622e+00	156750000	-1.288590e+02	-7.874741e+00	1.281557e+00	-2.741194e+00
R	1.294653e+02	-3.077078e+00	-1.582203e+00	156800000	-1.287922e+02	-8.010476e+00	1.388607e+00	-2.687966e+00
L	-1.285056e+02	-8.173898e+00	156850000	-1.287202e+02	-8.143445e+00	1.493520e+00	-2.630533e+00
R	1.288930e+02	-3.070989e+00	-1.273995e+00	156900000	-1.286429e+02	-8.273439e+00	1.596130e+00	-2.568980e+00
L	-1.286710e+02	-8.391163e+00	156950000	-1.285606e+02	-8.400254e+00	1.696268e+00	-2.503399e+00
R	1.291289e+02	-3.038394e+00	-1.874325e+00	157000000	-1.284734e+02	-8.523693e+00	1.793773e+00	-2.433888e+00
L	-1.283789e+02	-8.414837e+00	157050000	-1.283813e+02	-8.643560e+00	1.888487e+00	-2.360553e+00
R	1.285051e+02	-3.113725e+00	-2.014439e+00	157100000	-1.282846e+02	-8.759668e+00	1.980256e+00	-2.283505e+00
L	-1.280938e+02	-8.887277e+00	157150000	-1.281833e+02	-8.871833e+00	2.068932e+00	-2.202863e+00
R	1.284039e+02	-3.063778e+00	-2.084279e+00	157200000	-1.280778e+02	-8.979880e+00	2.154370e+00	-2.118750e+00
L	-1.278927e+02	-8.884609e+00	157250000	-1.279680e+02	-9.083637e+00	2.236432e+00	-2.031297e+00
R	1.283113e+02	-3.054144e+00	-1.832948e+00	157300000	-1.278542e+02	-9.182941e+00	2.314984e+00	-1.940640e+00
L	-1.276270e+02	-9.107831e+00	157350000	-1.277366e+02	-9.277636e+00	2.389897e+00	-1.846919e+00
R	1.273520e+02	-3.067279e+00	-2.205724e+00	157400000	-1.276153e+02	-9.367571e+00	2.461051e+00	-1.750281e+00
L	-1.275108e+02	-9.580598e+00	157450000	-1.274905e+02	-9.452606e+00	2.528329e+00	-1.650877e+00
R	1.276790e+02	-3.089018e+00	-2.367555e+00	157500000	-1.273625e+02	-9.532605e+00	2.591621e+00	-1.548864e+00
L	-1.271282e+02	-9.644606e+00	157550000	-1.272298e+02	-9.608566e+00	2.683016e+00	-1.468908e+00
R	1.277799e+02	-3.081306e+00	-2.835047e+00	157600000	-1.270926e+02	-9.680490e+00	2.768692e+00	-1.389110e+00
L	-1.269394e+02	-9.808478e+00	157650000	-1.269513e+02	-9.748397e+00	2.849001e+00	-1.309825e+00
R	1.274831e+02	-3.069554e+00	-2.660639e+00	157700000	-1.268061e+02	-9.812321e+00	2.924285e+00	-1.231352e+00
L	-1.265166e+02	-1.011661e+01	157750000	-1.266573e+02	-9.872313e+00	2.994878e+00	-1.153947e+00
R	1.268778e+02	-3.059671e+00	-3.521437e+00	157800000	-1.265051e+02	-9.928433e+00	3.061101e+00	-1.077821e+00
L	-1.263415e+02	-1.000964e+01	157850000	-1.263496e+02	-9.980752e+00	3.123259e+00	-1.003147e+00
R	1.261565e+02	-3.022377e+00	-3.060302e+00	157900000	-1.261912e+02	-1.002935e+01	3.181642e+00	-9.300671e-01
L	-1.263678e+02	-1.014569e+01	157950000	-1.260299e+02	-1.007431e+01	3.236526e+00	-8.586924e-01
R	1.261745e+02	-3.064779e+00	-3.443288e+00	158000000	-1.258660e+02	-1.011571e+01	3.288168e+00	-7.891102e-01
L	-1.258602e+02	-1.011633e+01	158050000	-1.256996e+02	-1.015367e+01	3.336812e+00	-7.213852e-01
R	1.256537e+02	-3.031682e+00	-3.172264e+00	158100000	-1.255308e+02	-1.018826e+01	3.382683e+00	-6.555636e-01
L	-1.253243e+02	-1.030494e+01	158150000	-1.253598e+02	-1.021959e+01	3.425993e+00	-5.916748e-01
R	1.256388e+02	-3.058129e+00	-3.367369e+00	158200000	-1.251867e+02	-1.024776e+01	3.466938e+00	-5.297343e-01
L	-1.252528e+02	-1.027392e+01	158250000	-1.250117e+02	-1.027286e+01	3.505700e+00	-4.697457e-01
R	1.245755e+02	-3.055638e+00	-2.755680e+00	158300000	-1.248347e+02	-1.029499e+01	3.542447e+00	-4.117021e-01
L	-1.248019e+02	-1.043582e+01	158350000	-1.246560e+02	-1.031426e+01	3.577336e+00	-3.555882e-01
R	1.251524e+02	-3.084062e+00	-3.882844e+00	158400000	-1.244756e+02	-1.033075e+01	3.610509e+00	-3.013816e-01
L	-1.243291e+02	-1.032168e+01	158450000	-1.242936e+02	-1.034457e+01	3.642099e+00	-2.490537e-01
R	1.248019e+02	-3.072330e+00	-3.823642e+00	158500000	-1.241101e+02	-1.035580e+01	3.672227e+00	-1.985710e-01
L	-1.239646e+02	-1.047061e+01	158550000	-1.239251e+02	-1.036455e+01	3.701006e+00	-1.498961e-01
R	1.242623e+02	-3.016940e+00	-3.956298e+00	158600000	-1.237387e+02	-1.037090e+01	3.728537e+00	-1.029883e-01
L	-1.237244e+02	-1.038542e+01	158650000	-1.235510e+02	-1.037494e+01	3.754915e+00	-5.780455e-02
R	1.236230e+02	-3.100582e+00	-4.165495e+00	158700000	-1.233620e+02	-1.037675e+01	3.780226e+00	-1.429975e-02
L	-1.234502e+02	-1.038647e+01	158750000	-1.231717e+02	-1.037642e+01	3.804548e+00	2.757247e-02
R	1.231945e+02	-3.003776e+00	-3.701907e+00	158800000	-1.229803e+02	-1.037403e+01	3.827954e+00	6.785947e-02
L	-1.229410e+02	-1.053484e+01	158850000	-1.227878e+02	-1.036966e+01	3.850508e+00	1.066091e-01
R	1.228914e+02	-3.098123e+00	-3.894158e+00	158900000	-1.225941e+02	-1.036338e+01	3.872273e+00	1.438695e-01
L	-1.222345e+02	-1.040350e+01	158950000	-1.223994e+02	-1.035527e+01	3.893301e+00	1.796888e-01
R	1.224322e+02	-3.116311e+00	-4.360013e+00	159000000	-1.222037e+02	-1.034540e+01	3.913644e+00	2.141146e-01
L	-1.219941e+02	-1.035367e+01	159050000	-1.220070e+02	-1.033384e+01	3.933347e+00	2.471944e-01
R	1.223024e+02	-3.099833e+00	-3.700082e+00	159100000	-1.218093e+02	-1.032065e+01	3.952451e+00	2.789747e-01
L	-1.216860e+02	-1.058237e+01	159150000	-1.216107e+02	-1.030590e+01	3.970996e+00	3.095015e-01
R	1.215140e+02	-3.076321e+00	-4.025932e+00	159200000	-1.214112e+02	-1.028965e+01	3.989015e+00	3.388198e-01
L	-1.214606e+02	-1.014059e+01	159250000	-1.212108e+02	-1.027197e+01	4.006539e+00	3.669738e-01
R	1.214386e+02	-3.031620e+00	-3.611776e+00	159300000	-1.210096e+02	-1.025290e+01	4.023599e+00	3.940063e-01
L	-1.208518e+02	-1.032786e+01	159350000	-1.208075e+02	-1.023250e+01	4.040220e+00	4.199594e-01
R	1.212090e+02	-3.109256e+00	-3.756043e+00	159400000	-1.206046e+02	-1.021083e+01	4.056426e+00	4.448738e-01
L	-1.204100e+02	-1.025202e+01	159450000	-1.204009e+02	-1.018794e+01	4.072238e+00	4.687893e-01
R	1.202848e+02	-3.096453e+00	-4.207628e+00	159500000	-1.201965e+02	-1.016388e+01	4.087678e+00	4.917444e-01
L	-1.199223e+02	-1.014145e+01	159550000	-1.199913e+02	-1.013869e+01	4.102763e+00	5.137763e-01
R	1.195196e+02	-3.078007e+00	-3.993925e+00	159600000	-1.197854e+02	-1.011241e+01	4.117509e+00	5.349213e-01
L	-1.193034e+02	-1.010760e+01	159650000	-1.195787e+02	-1.008511e+01	4.131933e+00	5.552141e-01
R	1.199084e+02	-3.057430e+00	-4.300795e+00	159700000	-1.193713e+02	-1.005680e+01	4.146048e+00	5.746888e-01
L	-1.193360e+02	-1.016518e+01	159750000	-1.191633e+02	-1.002755e+01	4.159866e+00	5.933778e-01
R	1.189715e+02	-3.043844e+00	-3.954646e+00	159800000	-1.189546e+02	-9.997372e+00	4.173400e+00	6.113127e-01
L	-1.187736e+02	-1.006185e+01	159850000	-1.187452e+02	-9.966319e+00	4.186660e+00	6.285238e-01
R	1.192535e+02	-2.991484e+00	-4.763174e+00	159900000	-1.185351e+02	-9.934423e+00	4.199656e+00	6.450404e-01
L	-1.182405e+02	-9.881138e+00	159950000	-1.183245e+02	-9.901718e+00	4.212397e+00	6.608908e-01
R	1.186209e+02	-3.037472e+00	-3.804847e+00	160000000	-1.181132e+02	-9.868236e+00	4.224892e+00	6.761021e-01
L	-1.179203e+02	-9.511069e+00	160050000	-1.179013e+02	-9.834009e+00	4.237148e+00	6.907004e-01
R	1.177421e+02	-3.035682e+00	-4.721735e+00	160100000	-1.176888e+02	-9.799067e+00	4.249172e+00	7.047109e-01
L	-1.176885e+02	-9.700600e+00	160150000	-1.174757e+02	-9.763438e+00	4.260972e+00	7.181577e-01
R	1.178807e+02	-3.076197e+00	-4.150550e+00	160200000	-1.172620e+02	-9.727151e+00	4.272553e+00	7.310641e-01
L	-1.171567e+02	-9.523572e+00	160250000	-1.170477e+02	-9.690232e+00	4.283922e+00	7.434524e-01
R	1.167869e+02	-3.052952e+00	-4.256860e+00	160300000	-1.168330e+02	-9.652707e+00	4.295083e+00	7.553440e-01
L	-1.165861e+02	-9.614395e+00	160350000	-1.166176e+02	-9.614599e+00	4.306041e+00	7.667597e-01
R	1.167588e+02	-3.136756e+00	-4.806276e+00	160400000	-1.164017e+02	-9.575932e+00	4.316802e+00	7.777191e-01
L	-1.160357e+02	-9.432500e+00	160450000	-1.161853e+02	-9.536728e+00	4.327370e+00	7.882413e-01
R	1.167640e+02	-3.058022e+00	-3.882311e+00	160500000	-1.159684e+02	-9.497010e+00	4.337748e+00	7.983444e-01
L	-1.157718e+02	-9.302170e+00	160550000	-1.157510e+02	-9.456797e+00	4.347942e+00	8.080460e-01
R	1.157756e+02	-3.076797e+00	-4.138474e+00	160600000	-1.155330e+02	-9.416109e+00	4.357954e+00	8.173627e-01
L	-1.155316e+02	-9.146217e+00	160650000	-1.153146e+02	-9.374965e+00	4.367789e+00	8.263108e-01
R	1.160263e+02	-3.060870e+00	-4.017033e+00	160700000	-1.150957e+02	-9.333383e+00	4.377449e+00	8.349056e-01
L	-1.149567e+02	-9.328576e+00	160750000	-1.148763e+02	-9.291380e+00	4.386939e+00	8.431618e-01
R	1.151002e+02	-3.077701e+00	-4.239280e+00	160800000	-1.146565e+02	-9.248974e+00	4.396261e+00	8.510937e-01
L	-1.143022e+02	-9.108605e+00	160850000	-1.144362e+02	-9.206179e+00	4.405418e+00	8.587149e-01
R	1.144285e+02	-3.107238e+00	-4.344477e+00	160900000	-1.142154e+02	-9.163011e+00	4.414413e+00	8.660382e-01
L	-1.140473e+02	-9.362010e+00	160950000	-1.139943e+02	-9.119485e+00	4.423249e+00	8.730763e-01
R	1.137727e+02	-3.070553e+00	-4.030753e+00	161000000	-1.137726e+02	-9.075614e+00	4.431929e+00	8.798410e-01
L	-1.134934e+02	-9.163371e+00	161050000	-1.135506e+02	-9.031413e+00	4.440455e+00	8.863438e-01
R	1.133601e+02	-3.092244e+00	-4.811442e+00	161100000	-1.133281e+02	-8.986893e+00	4.448830e+00	8.925957e-01
L	-1.130812e+02	-8.775197e+00	161150000	-1.131053e+02	-8.942068e+00	4.457056e+00	8.986071e-01
R	1.140440e+02	-3.009978e+00	-4.667109e+00	161200000	-1.128820e+02	-8.896948e+00	4.465136e+00	9.043881e-01
L	-1.125173e+02	-8.836759e+00	161250000	-1.126583e+02	-8.851545e+00	4.473073e+00	9.099482e-01
R	1.133008e+02	-3.047989e+00	-4.687249e+00	161300000	-1.124342e+02	-8.805871e+00	4.480868e+00	9.152968e-01
L	-1.120652e+02	-8.878729e+00	161350000	-1.122098e+02	-8.759935e+00	4.488524e+00	9.204426e-01
R	1.121349e+02	-3.073331e+00	-4.634608e+00	161400000	-1.119850e+02	-8.713747e+00	4.496042e+00	9.253941e-01
L	-1.120721e+02	-8.515334e+00	161450000	-1.117598e+02	-8.667317e+00	4.503426e+00	9.301593e-01
R	1.126680e+02	-3.101632e+00	-4.163408e+00	161500000	-1.115342e+02	-8.620653e+00	4.510678e+00	9.347460e-01
L	-1.115630e+02	-8.586107e+00	161550000	-1.113083e+02	-8.573766e+00	4.517799e+00	9.391616e-01
R	1.111598e+02	-3.059341e+00	-4.426789e+00	161600000	-1.110821e+02	-8.526662e+00	4.524792e+00	9.434132e-01
L	-1.110493e+02	-8.503906e+00	161650000	-1.108555e+02	-8.479351e+00	4.531658e+00	9.475075e-01
R	1.111705e+02	-3.093371e+00	-4.225730e+00	161700000	-1.106286e+02	-8.431839e+00	4.538400e+00	9.514511e-01
L	-1.102086e+02	-8.455250e+00	161750000	-1.104013e+02	-8.384134e+00	4.545019e+00	9.552502e-01
R	1.109141e+02	-3.124381e+00	-4.795286e+00	161800000	-1.101737e+02	-8.336243e+00	4.551518e+00	9.589106e-01
L	-1.098655e+02	-8.146225e+00	161850000	-1.099458e+02	-8.288174e+00	4.557899e+00	9.624381e-01
R	1.103571e+02	-3.037244e+00	-4.611857e+00	161900000	-1.097176e+02	-8.239931e+00	4.564163e+00	9.658382e-01
L	-1.093858e+02	-8.187022e+00	161950000	-1.094891e+02	-8.191523e+00	4.570313e+00	9.691159e-01
R	1.091228e+02	-3.040079e+00	-4.465178e+00	162000000	-1.092602e+02	-8.142954e+00	4.576349e+00	9.722765e-01
L	-1.090500e+02	-8.180836e+00	162050000	-1.090311e+02	-8.094231e+00	4.582275e+00	9.753245e-01
R	1.096828e+02	-3.095732e+00	-4.626087e+00	162100000	-1.088017e+02	-8.045358e+00	4.588092e+00	9.782645e-01
L	-1.086773e+02	-8.004516e+00	162150000	-1.085720e+02	-7.996342e+00	4.593801e+00	9.811010e-01
R	1.089739e+02	-3.056074e+00	-4.751372e+00	162200000	-1.083420e+02	-7.947187e+00	4.599405e+00	9.838380e-01
L	-1.079897e+02	-7.758165e+00	162250000	-1.081118e+02	-7.897898e+00	4.604905e+00	9.864797e-01
R	1.081463e+02	-3.081877e+00	-4.887464e+00	162300000	-1.078812e+02	-7.848480e+00	4.610302e+00	9.890298e-01
L	-1.079345e+02	-7.566295e+00	162350000	-1.076505e+02	-7.798937e+00	4.615600e+00	9.914920e-01
R	1.074859e+02	-3.104350e+00	-4.935251e+00	162400000	-1.074194e+02	-7.749273e+00	4.620798e+00	9.938697e-01
L	-1.073589e+02	-7.533004e+00	162450000	-1.071881e+02	-7.699494e+00	4.625900e+00	9.961664e-01
R	1.072039e+02	-3.099495e+00	-4.932068e+00	162500000	-1.069566e+02	-7.649602e+00	4.630906e+00	9.983853e-01
L	-1.068749e+02	-7.430919e+00	162550000	-1.067248e+02	-7.599601e+00	4.635818e+00	1.000529e+00
R	1.063314e+02	-3.068358e+00	-4.553205e+00	162600000	-1.064927e+02	-7.549496e+00	4.640638e+00	1.002602e+00
L	-1.062052e+02	-7.465359e+00	162650000	-1.062604e+02	-7.499289e+00	4.645367e+00	1.004605e+00
R	1.062475e+02	-3.141915e+00	-4.714154e+00	162700000	-1.060279e+02	-7.448984e+00	4.650008e+00	1.006542e+00
L	-1.058697e+02	-7.596711e+00	162750000	-1.057952e+02	-7.398585e+00	4.654560e+00	1.008415e+00
R	1.062519e+02	-3.034374e+00	-4.829921e+00	162800000	-1.055623e+02	-7.348093e+00	4.659027e+00	1.010227e+00
L	-1.052755e+02	-7.296948e+00	162850000	-1.053291e+02	-7.297514e+00	4.663409e+00	1.011980e+00
R	1.047783e+02	-3.085645e+00	-4.465194e+00	162900000	-1.050957e+02	-7.246848e+00	4.667708e+00	1.013676e+00
L	-1.048787e+02	-7.345728e+00	162950000	-1.048621e+02	-7.196099e+00	4.671926e+00	1.015318e+00
R	1.052113e+02	-3.062927e+00	-5.082388e+00	163000000	-1.046283e+02	-7.145271e+00	4.676063e+00	1.016907e+00
L	-1.044797e+02	-7.157730e+00	163050000	-1.043943e+02	-7.094364e+00	4.680121e+00	1.018446e+00
R	1.041028e+02	-3.051273e+00	-4.904863e+00	163100000	-1.041601e+02	-7.043382e+00	4.684102e+00	1.019936e+00
L	-1.039051e+02	-6.724717e+00	163150000	-1.039257e+02	-6.992327e+00	4.688007e+00	1.021380e+00
R	1.037224e+02	-3.107844e+00	-4.749326e+00	163200000	-1.036911e+02	-6.941202e+00	4.691838e+00	1.022779e+00
L	-1.035240e+02	-6.940144e+00	163250000	-1.034563e+02	-6.890008e+00	4.695595e+00	1.024134e+00
R	1.031741e+02	-3.121918e+00	-4.874886e+00	163300000	-1.032213e+02	-6.838748e+00	4.699280e+00	1.025448e+00
L	-1.031801e+02	-6.952660e+00	163350000	-1.029862e+02	-6.787423e+00	4.702894e+00	1.026722e+00
R	1.038234e+02	-3.003438e+00	-4.050591e+00	163400000	-1.027508e+02	-6.736036e+00	4.706439e+00	1.027957e+00
L	-1.025615e+02	-6.849353e+00	163450000	-1.025154e+02	-6.684589e+00	4.709915e+00	1.029155e+00
R	1.026609e+02	-3.107701e+00	-4.853018e+00	163500000	-1.022797e+02	-6.633083e+00	4.713325e+00	1.030316e+00
L	-1.021837e+02	-6.447437e+00	163550000	-1.020438e+02	-6.581520e+00	4.716669e+00	1.031444e+00
R	1.019851e+02	-3.067842e+00	-4.958469e+00	163600000	-1.018078e+02	-6.529903e+00	4.719949e+00	1.032537e+00
L	-1.016014e+02	-6.750163e+00	163650000	-1.015717e+02	-6.478231e+00	4.723165e+00	1.033599e+00
R	1.015087e+02	-3.087643e+00	-4.657331e+00	163700000	-1.013354e+02	-6.426508e+00	4.726318e+00	1.034630e+00
L	-1.011694e+02	-6.523862e+00	163750000	-1.010989e+02	-6.374734e+00	4.729411e+00	1.035630e+00
R	1.010837e+02	-3.035176e+00	-4.831137e+00	163800000	-1.008623e+02	-6.322911e+00	4.732444e+00	1.036602e+00
L	-1.003582e+02	-6.646301e+00	163850000	-1.006255e+02	-6.271041e+00	4.735418e+00	1.037546e+00
R	1.003211e+02	-3.087797e+00	-5.193353e+00	163900000	-1.003886e+02	-6.219124e+00	4.738334e+00	1.038463e+00
L	-1.005622e+02	-6.159924e+00	163950000	-1.001515e+02	-6.167163e+00	4.741194e+00	1.039354e+00
R	9.980282e+01	-3.104564e+00	-4.841282e+00	164000000	-9.991432e+01	-6.115158e+00	4.743998e+00	1.040220e+00
L	-9.970965e+01	-6.156378e+00	164050000	-9.967698e+01	-6.063111e+00	4.746747e+00	1.041062e+00
R	9.980685e+01	-3.104788e+00	-4.462653e+00	164100000	-9.943951e+01	-6.011022e+00	4.749443e+00	1.041880e+00
L	-9.901827e+01	-6.196282e+00	164150000	-9.920190e+01	-5.958893e+00	4.752087e+00	1.042676e+00
R	9.887778e+01	-3.054294e+00	-5.190397e+00	164200000	-9.896417e+01	-5.906726e+00	4.754678e+00	1.043449e+00
L	-9.881282e+01	-5.830871e+00	164250000	-9.872631e+01	-5.854520e+00	4.757220e+00	1.044202e+00
R	9.895960e+01	-3.047534e+00	-4.855763e+00	164300000	-9.848832e+01	-5.802278e+00	4.759711e+00	1.044934e+00
L	-9.816909e+01	-5.700445e+00	164350000	-9.825021e+01	-5.750000e+00	4.762154e+00	1.045647e+00
R	9.866587e+01	-3.083900e+00	-4.857707e+00	164400000	-9.801198e+01	-5.697687e+00	4.764549e+00	1.046340e+00
L	-9.780319e+01	-5.839514e+00	164450000	-9.777364e+01	-5.645340e+00	4.766897e+00	1.047015e+00
R	9.730518e+01	-3.165013e+00	-4.380254e+00	164500000	-9.753518e+01	-5.592960e+00	4.769199e+00	1.047672e+00
L	-9.700245e+01	-5.798856e+00	164550000	-9.729660e+01	-5.540548e+00	4.771456e+00	1.048311e+00
R	9.746761e+01	-3.073058e+00	-4.885734e+00	164600000	-9.705792e+01	-5.488104e+00	4.773669e+00	1.048934e+00
L	-9.672597e+01	-5.450889e+00	164650000	-9.681913e+01	-5.435630e+00	4.775838e+00	1.049541e+00
R	9.752549e+01	-3.058697e+00	-5.065368e+00	164700000	-9.658023e+01	-5.383127e+00	4.777965e+00	1.050131e+00
L	-9.650410e+01	-5.123741e+00	164750000	-9.634122e+01	-5.330594e+00	4.780050e+00	1.050707e+00
R	9.616729e+01	-3.093224e+00	-4.787788e+00	164800000	-9.610212e+01	-5.278033e+00	4.782094e+00	1.051268e+00
L	-9.585294e+01	-5.052010e+00	164850000	-9.586291e+01	-5.225445e+00	4.784098e+00	1.051814e+00
R	9.548006e+01	-3.156552e+00	-5.002827e+00	164900000	-9.562361e+01	-5.172830e+00	4.786062e+00	1.052347e+00
L	-9.550342e+01	-5.215737e+00	164950000	-9.538421e+01	-5.120189e+00	4.787988e+00	1.052866e+00
R	9.478055e+01	-3.116668e+00	-5.275798e+00	165000000	-9.514472e+01	-5.067523e+00	4.789875e+00	1.053372e+00
L	-9.476144e+01	-5.178033e+00	165050000	-9.490513e+01	-5.014832e+00	4.791726e+00	1.053865e+00
R	9.472653e+01	-3.046110e+00	-4.944123e+00	165100000	-9.466545e+01	-4.962116e+00	4.793540e+00	1.054346e+00
L	-9.436953e+01	-4.758421e+00	165150000	-9.442568e+01	-4.909377e+00	4.795318e+00	1.054816e+00
R	9.448351e+01	-3.107568e+00	-5.157617e+00	165200000	-9.418583e+01	-4.856616e+00	4.797061e+00	1.055273e+00
L	-9.375225e+01	-4.775618e+00	165250000	-9.394589e+01	-4.803831e+00	4.798770e+00	1.055720e+00
R	9.361085e+01	-3.101508e+00	-4.863322e+00	165300000	-9.370587e+01	-4.751025e+00	4.800445e+00	1.056155e+00
L	-9.373243e+01	-4.625786e+00	165350000	-9.346577e+01	-4.698198e+00	4.802087e+00	1.056580e+00
R	9.365460e+01	-3.111476e+00	-5.102625e+00	165400000	-9.322558e+01	-4.645349e+00	4.803696e+00	1.056995e+00
L	-9.304717e+01	-4.622266e+00	165450000	-9.298532e+01	-4.592481e+00	4.805274e+00	1.057399e+00
R	9.346110e+01	-3.067175e+00	-4.799008e+00	165500000	-9.274497e+01	-4.539592e+00	4.806821e+00	1.057794e+00
L	-9.259663e+01	-4.475156e+00	165550000	-9.250456e+01	-4.486685e+00	4.808336e+00	1.058180e+00
R	9.231524e+01	-3.128490e+00	-4.983425e+00	165600000	-9.226407e+01	-4.433758e+00	4.809822e+00	1.058556e+00
L	-9.195733e+01	-4.541423e+00	165650000	-9.202350e+01	-4.380813e+00	4.811279e+00	1.058924e+00
R	9.148992e+01	-3.099187e+00	-4.976951e+00	165700000	-9.178287e+01	-4.327850e+00	4.812706e+00	1.059283e+00
L	-9.180035e+01	-4.096481e+00	165750000	-9.154216e+01	-4.274869e+00	4.814106e+00	1.059633e+00
R	9.175166e+01	-3.032821e+00	-4.996337e+00	165800000	-9.130139e+01	-4.221871e+00	4.815477e+00	1.059975e+00
L	-9.097496e+01	-3.984989e+00	165850000	-9.106055e+01	-4.168857e+00	4.816822e+00	1.060309e+00
R	9.107547e+01	-3.061782e+00	-4.813240e+00	165900000	-9.081964e+01	-4.115826e+00	4.818140e+00	1.060636e+00
L	-9.065169e+01	-3.992440e+00	165950000	-9.057867e+01	-4.062779e+00	4.819431e+00	1.060955e+00
R	9.057417e+01	-3.076815e+00	-4.535756e+00	166000000	-9.033763e+01	-4.009716e+00	4.820697e+00	1.061266e+00
L	-9.007270e+01	-3.988819e+00	166050000	-9.009653e+01	-3.956639e+00	4.821938e+00	1.061570e+00
R	9.029366e+01	-3.102660e+00	-5.110909e+00	166100000	-8.985538e+01	-3.903546e+00	4.823155e+00	1.061868e+00
L	-8.947195e+01	-4.170534e+00	166150000	-8.961416e+01	-3.850439e+00	4.824347e+00	1.062159e+00
R	8.978965e+01	-3.073761e+00	-4.866130e+00	166200000	-8.937288e+01	-3.797317e+00	4.825515e+00	1.062443e+00
L	-8.896023e+01	-3.804389e+00	166250000	-8.913155e+01	-3.744182e+00	4.826660e+00	1.062720e+00
R	8.905684e+01	-3.143177e+00	-5.237966e+00	166300000	-8.889016e+01	-3.691033e+00	4.827783e+00	1.062991e+00
L	-8.858196e+01	-3.699557e+00	166350000	-8.864872e+01	-3.637872e+00	4.828883e+00	1.063257e+00
R	8.813650e+01	-3.073224e+00	-4.893605e+00	166400000	-8.840722e+01	-3.584697e+00	4.829962e+00	1.063516e+00
L	-8.826566e+01	-3.555988e+00	166450000	-8.816567e+01	-3.531509e+00	4.831019e+00	1.063769e+00
R	8.844416e+01	-3.069690e+00	-4.854659e+00	166500000	-8.792406e+01	-3.478309e+00	4.832054e+00	1.064017e+00
L	-8.758590e+01	-3.512247e+00	166550000	-8.768241e+01	-3.425097e+00	4.833070e+00	1.064259e+00
R	8.804549e+01	-3.063768e+00	-4.979161e+00	166600000	-8.744071e+01	-3.371873e+00	4.834065e+00	1.064496e+00
L	-8.716899e+01	-3.180364e+00	166650000	-8.719895e+01	-3.318638e+00	4.835040e+00	1.064728e+00
R	8.730790e+01	-3.073814e+00	-4.667050e+00	166700000	-8.695715e+01	-3.265391e+00	4.835996e+00	1.064955e+00
L	-8.666347e+01	-3.451149e+00	166750000	-8.671531e+01	-3.212133e+00	4.836933e+00	1.065176e+00
R	8.697002e+01	-3.115201e+00	-4.800034e+00	166800000	-8.647342e+01	-3.158864e+00	4.837851e+00	1.065393e+00
L	-8.623562e+01	-2.947749e+00	166850000	-8.623148e+01	-3.105584e+00	4.838751e+00	1.065605e+00
R	8.591667e+01	-3.141048e+00	-4.434194e+00	166900000	-8.598950e+01	-3.052294e+00	4.839634e+00	1.065812e+00
L	-8.564295e+01	-2.767356e+00	166950000	-8.574747e+01	-2.998994e+00	4.840498e+00	1.066015e+00
R	8.554262e+01	-3.096946e+00	-4.604341e+00	167000000	-8.550540e+01	-2.945684e+00	4.841345e+00	1.066213e+00
L	-8.541620e+01	-3.124558e+00	167050000	-8.526329e+01	-2.892364e+00	4.842176e+00	1.066408e+00
R	8.482117e+01	-3.127387e+00	-4.341431e+00	167100000	-8.502114e+01	-2.839035e+00	4.842990e+00	1.066598e+00
L	-8.439365e+01	-2.817121e+00	167150000	-8.477896e+01	-2.785696e+00	4.843787e+00	1.066783e+00
R	8.460872e+01	-3.118870e+00	-4.949540e+00	167200000	-8.453673e+01	-2.732348e+00	4.844569e+00	1.066965e+00
L	-8.424313e+01	-2.627910e+00	167250000	-8.429446e+01	-2.678992e+00	4.845335e+00	1.067143e+00
R	8.398741e+01	-3.113681e+00	-5.058359e+00	167300000	-8.405216e+01	-2.625626e+00	4.846086e+00	1.067317e+00
L	-8.391965e+01	-2.632295e+00	167350000	-8.380981e+01	-2.572252e+00	4.846822e+00	1.067488e+00
R	8.381283e+01	-3.096882e+00	-5.035008e+00	167400000	-8.356744e+01	-2.518870e+00	4.847544e+00	1.067654e+00
L	-8.317934e+01	-2.456439e+00	167450000	-8.332502e+01	-2.465479e+00	4.848251e+00	1.067817e+00
R	8.340463e+01	-3.118274e+00	-4.337479e+00	167500000	-8.308258e+01	-2.412081e+00	4.848944e+00	1.067977e+00
L	-8.263045e+01	-2.249940e+00	167550000	-8.284005e+01	-2.358886e+00	4.851484e+00	1.059645e+00
R	8.306208e+01	-3.133047e+00	-4.360956e+00	167600000	-8.259735e+01	-2.306311e+00	4.855739e+00	1.043233e+00
L	-8.253807e+01	-2.242751e+00	167650000	-8.235440e+01	-2.254748e+00	4.861539e+00	1.019124e+00
R	8.195669e+01	-3.171944e+00	-5.282396e+00	167700000	-8.211113e+01	-2.204575e+00	4.868695e+00	9.876757e-01
L	-8.193275e+01	-2.083069e+00	167750000	-8.186747e+01	-2.156149e+00	4.876992e+00	9.492245e-01
R	8.153956e+01	-3.087611e+00	-5.006233e+00	167800000	-8.162337e+01	-2.109813e+00	4.886202e+00	9.040856e-01
L	-8.151767e+01	-1.862033e+00	167850000	-8.137880e+01	-2.065893e+00	4.896082e+00	8.525573e-01
R	8.152106e+01	-3.124022e+00	-5.408477e+00	167900000	-8.113372e+01	-2.024703e+00	4.906382e+00	7.949235e-01
L	-8.105166e+01	-2.064081e+00	167950000	-8.088812e+01	-1.986541e+00	4.916844e+00	7.314555e-01
R	8.068832e+01	-3.081443e+00	-4.920311e+00	168000000	-8.064200e+01	-1.951692e+00	4.927206e+00	6.624139e-01
L	-8.035175e+01	-1.855805e+00	168050000	-8.039537e+01	-1.920427e+00	4.937207e+00	5.880512e-01
R	7.981652e+01	-3.084221e+00	-4.501237e+00	168100000	-8.014826e+01	-1.893009e+00	4.946582e+00	5.086125e-01
L	-7.982206e+01	-1.637497e+00	168150000	-7.990070e+01	-1.869683e+00	4.955072e+00	4.243377e-01
R	7.959919e+01	-3.118133e+00	-4.557914e+00	168200000	-7.965274e+01	-1.850686e+00	4.962418e+00	3.354625e-01
L	-7.943004e+01	-1.928147e+00	168250000	-7.940445e+01	-1.836243e+00	4.968369e+00	2.422195e-01
R	7.971193e+01	-3.123156e+00	-5.215687e+00	168300000	-7.915590e+01	-1.826565e+00	4.972675e+00	1.448393e-01
L	-7.890888e+01	-2.143253e+00	168350000	-7.890719e+01	-1.821855e+00	4.975098e+00	4.355111e-02
R	7.899309e+01	-3.077991e+00	-5.345812e+00	168400000	-7.865840e+01	-1.822302e+00	4.975404e+00	-6.141626e-02
L	-7.851037e+01	-1.549390e+00	168450000	-7.840966e+01	-1.828083e+00	4.973368e+00	-1.698341e-01
R	7.847263e+01	-3.127999e+00	-5.010859e+00	168500000	-7.816109e+01	-1.839367e+00	4.968775e+00	-2.814733e-01
L	-7.785261e+01	-1.643227e+00	168550000	-7.791281e+01	-1.856308e+00	4.961420e+00	-3.961038e-01
R	7.792016e+01	-3.100451e+00	-4.998430e+00	168600000	-7.766497e+01	-1.879050e+00	4.951106e+00	-5.134948e-01
L	-7.718624e+01	-1.820400e+00	168650000	-7.741773e+01	-1.907725e+00	4.937647e+00	-6.334141e-01
R	7.686615e+01	-3.128095e+00	-4.359637e+00	168700000	-7.717124e+01	-1.942454e+00	4.920870e+00	-7.556284e-01
L	-7.719822e+01	-2.142163e+00	168750000	-7.692568e+01	-1.983346e+00	4.900610e+00	-8.799029e-01
R	7.687251e+01	-3.119246e+00	-5.188795e+00	168800000	-7.668123e+01	-2.030498e+00	4.876715e+00	-1.006002e+00
L	-7.696358e+01	-2.133710e+00	168850000	-7.643806e+01	-2.083996e+00	4.849046e+00	-1.133688e+00
R	7.658058e+01	-3.143480e+00	-5.124170e+00	168900000	-7.619637e+01	-2.143912e+00	4.817473e+00	-1.262724e+00
L	-7.584018e+01	-1.999922e+00	168950000	-7.595636e+01	-2.210308e+00	4.781880e+00	-1.392870e+00
R	7.548890e+01	-3.121880e+00	-5.149481e+00	169000000	-7.571824e+01	-2.283235e+00	4.742161e+00	-1.523887e+00
L	-7.548244e+01	-2.474980e+00	169050000	-7.548220e+01	-2.362728e+00	4.698224e+00	-1.655535e+00
R	7.523737e+01	-3.182532e+00	-4.314417e+00	169100000	-7.524847e+01	-2.448815e+00	4.649989e+00	-1.787575e+00
L	-7.529410e+01	-2.743928e+00	169150000	-7.501727e+01	-2.541508e+00	4.597385e+00	-1.919767e+00
R	7.476315e+01	-3.166869e+00	-4.949609e+00	169200000	-7.478880e+01	-2.640809e+00	4.540357e+00	-2.051872e+00
L	-7.470489e+01	-3.022556e+00	169250000	-7.456329e+01	-2.746708e+00	4.478859e+00	-2.183652e+00
R	7.418404e+01	-3.106305e+00	-3.809610e+00	169300000	-7.434098e+01	-2.859183e+00	4.412859e+00	-2.314869e+00
L	-7.399164e+01	-3.347103e+00	169350000	-7.412207e+01	-2.978200e+00	4.342333e+00	-2.445289e+00
R	7.390836e+01	-3.125526e+00	-4.018797e+00	169400000	-7.390681e+01	-3.103713e+00	4.267273e+00	-2.574678e+00
L	-7.374685e+01	-3.183107e+00	169450000	-7.369541e+01	-3.235664e+00	4.187679e+00	-2.702804e+00
R	7.376059e+01	-3.107407e+00	-4.465722e+00	169500000	-7.348811e+01	-3.373985e+00	4.103565e+00	-2.829439e+00
L	-7.334737e+01	-3.425242e+00	169550000	-7.328512e+01	-3.518596e+00	4.014952e+00	-2.954357e+00
R	7.334941e+01	-3.097040e+00	-3.562682e+00	169600000	-7.308668e+01	-3.669404e+00	3.921875e+00	-3.077335e+00
L	-7.290763e+01	-4.020329e+00	169650000	-7.289300e+01	-3.826309e+00	3.824379e+00	-3.198155e+00
R	7.286560e+01	-3.061729e+00	-3.142122e+00	169700000	-7.270431e+01	-3.989196e+00	3.722518e+00	-3.316602e+00
L	-7.260866e+01	-4.139486e+00	169750000	-7.252082e+01	-4.157941e+00	3.616356e+00	-3.432464e+00
R	7.240072e+01	-3.122266e+00	-3.192036e+00	169800000	-7.234274e+01	-4.332411e+00	3.505969e+00	-3.545535e+00
L	-7.231056e+01	-4.502099e+00	169850000	-7.217029e+01	-4.512460e+00	3.391439e+00	-3.655615e+00
R	7.195650e+01	-3.094214e+00	-3.039475e+00	169900000	-7.200366e+01	-4.697933e+00	3.272861e+00	-3.762506e+00
L	-7.183095e+01	-4.814409e+00	169950000	-7.184306e+01	-4.888668e+00	3.150334e+00	-3.866019e+00
R	7.174621e+01	-3.079254e+00	-2.625984e+00	170000000	-7.168869e+01	-5.084490e+00	3.023970e+00	-3.965967e+00
L	-7.160377e+01	-5.282062e+00	170050000	-7.154072e+01	-5.285216e+00	2.893887e+00	-4.062172e+00
R	7.143754e+01	-3.066400e+00	-2.186523e+00	170100000	-7.139935e+01	-5.490655e+00	2.760211e+00	-4.154460e+00
L	-7.114303e+01	-5.578048e+00	170150000	-7.126476e+01	-5.700607e+00	2.623075e+00	-4.242665e+00
R	7.174635e+01	-3.054133e+00	-1.818027e+00	170200000	-7.113710e+01	-5.914863e+00	2.482621e+00	-4.326628e+00
L	-7.106489e+01	-5.982120e+00	170250000	-7.101655e+01	-6.133209e+00	2.338996e+00	-4.406194e+00
R	7.141406e+01	-3.002289e+00	-1.533479e+00	170300000	-7.090325e+01	-6.355419e+00	2.192355e+00	-4.481218e+00
L	-7.069564e+01	-6.533810e+00	170350000	-7.079736e+01	-6.581264e+00	2.042857e+00	-4.551562e+00
R	7.087539e+01	-3.064973e+00	-1.184795e+00	170400000	-7.069901e+01	-6.810507e+00	1.890669e+00	-4.617093e+00
L	-7.080054e+01	-6.808285e+00	170450000	-7.060833e+01	-7.042903e+00	1.735963e+00	-4.677688e+00
R	7.096190e+01	-3.020317e+00	-7.937169e-01	170500000	-7.052545e+01	-7.278203e+00	1.578915e+00	-4.733230e+00
L	-7.041287e+01	-7.528464e+00	170550000	-7.045047e+01	-7.516151e+00	1.419708e+00	-4.783612e+00
R	7.016490e+01	-3.021157e+00	-5.530654e-01	170600000	-7.038351e+01	-7.756487e+00	1.258525e+00	-4.828732e+00
L	-7.054469e+01	-7.970157e+00	170650000	-7.032465e+01	-7.998945e+00	1.095559e+00	-4.868499e+00
R	7.072472e+01	-2.993612e+00	-8.650892e-01	170700000	-7.027398e+01	-8.243256e+00	9.310014e-01	-4.902827e+00
L	-7.031491e+01	-8.518705e+00	170750000	-7.023158e+01	-8.489146e+00	7.650503e-01	-4.931641e+00
R	7.047977e+01	-3.012177e+00	-5.987966e-01	170800000	-7.019750e+01	-8.736337e+00	5.979054e-01	-4.954873e+00
L	-7.051194e+01	-8.988521e+00	170850000	-7.017180e+01	-8.984549e+00	4.297693e-01	-4.972463e+00
R	7.092390e+01	-3.035554e+00	5.024007e-01	170900000	-7.015454e+01	-9.233498e+00	2.608469e-01	-4.984360e+00
L	-7.010014e+01	-9.396445e+00	170950000	-7.014573e+01	-9.482898e+00	9.134506e-02	-4.990521e+00
R	7.084048e+01	-3.054961e+00	7.636830e-01	171000000	-7.014541e+01	-9.732462e+00	-7.852783e-02	-4.990912e+00
L	-7.013445e+01	-9.756798e+00	171050000	-7.015359e+01	-9.981901e+00	-2.485620e-01	-4.985507e+00
R	7.046278e+01	-2.928058e+00	1.106575e+00	171100000	-7.017027e+01	-1.023092e+01	-4.185469e-01	-4.974288e+00
L	-7.035506e+01	-1.052171e+01	171150000	-7.019544e+01	-1.047924e+01	-5.882711e-01	-4.957245e+00
R	7.137903e+01	-2.988478e+00	1.268021e+00	171200000	-7.022909e+01	-1.072656e+01	-7.575233e-01	-4.934379e+00
L	-7.016798e+01	-1.082575e+01	171250000	-7.027118e+01	-1.097259e+01	-9.260918e-01	-4.905696e+00
R	7.121240e+01	-2.932229e+00	2.480948e+00	171300000	-7.032169e+01	-1.121704e+01	-1.093766e+00	-4.871212e+00
L	-7.074366e+01	-1.145500e+01	171350000	-7.038055e+01	-1.145962e+01	-1.260335e+00	-4.830950e+00
R	7.196872e+01	-2.962054e+00	2.635534e+00	171400000	-7.044770e+01	-1.170005e+01	-1.425589e+00	-4.784944e+00
L	-7.043733e+01	-1.215481e+01	171450000	-7.052308e+01	-1.193803e+01	-1.589321e+00	-4.733233e+00
R	7.145865e+01	-2.971139e+00	2.921131e+00	171500000	-7.060661e+01	-1.217328e+01	-1.751324e+00	-4.675864e+00
L	-7.070757e+01	-1.247740e+01	171550000	-7.069819e+01	-1.240553e+01	-1.911393e+00	-4.612895e+00
R	7.175427e+01	-2.959337e+00	2.897510e+00	171600000	-7.079772e+01	-1.263448e+01	-2.069327e+00	-4.544388e+00
L	-7.056062e+01	-1.288069e+01	171650000	-7.090508e+01	-1.285988e+01	-2.224925e+00	-4.470416e+00
R	7.184328e+01	-2.940889e+00	3.215685e+00	171700000	-7.102017e+01	-1.308144e+01	-2.377989e+00	-4.391056e+00
L	-7.111661e+01	-1.340607e+01	171750000	-7.114284e+01	-1.329890e+01	-2.528327e+00	-4.306396e+00
R	7.268364e+01	-2.968802e+00	3.252568e+00	171800000	-7.127296e+01	-1.351200e+01	-2.675748e+00	-4.216528e+00
L	-7.149868e+01	-1.357365e+01	171850000	-7.141037e+01	-1.372047e+01	-2.820063e+00	-4.121553e+00
R	7.246682e+01	-2.952072e+00	3.595241e+00	171900000	-7.155491e+01	-1.392408e+01	-2.961090e+00	-4.021580e+00
L	-7.159446e+01	-1.414917e+01	171950000	-7.170642e+01	-1.412256e+01	-3.098649e+00	-3.916721e+00
R	7.355056e+01	-2.967890e+00	4.043724e+00	172000000	-7.186472e+01	-1.431567e+01	-3.232566e+00	-3.807099e+00
L	-7.198820e+01	-1.449043e+01	172050000	-7.202962e+01	-1.450319e+01	-3.362670e+00	-3.692840e+00
R	7.414859e+01	-2.924990e+00	4.211382e+00	172100000	-7.220093e+01	-1.468489e+01	-3.488795e+00	-3.574078e+00
L	-7.221371e+01	-1.480252e+01	172150000	-7.237844e+01	-1.486053e+01	-3.610780e+00	-3.450953e+00
R	7.402698e+01	-2.908278e+00	4.995017e+00	172200000	-7.256194e+01	-1.502991e+01	-3.728470e+00	-3.323610e+00
L	-7.283487e+01	-1.509622e+01	172250000	-7.275121e+01	-1.519283e+01	-3.841714e+00	-3.192200e+00
R	7.458422e+01	-2.931356e+00	3.929420e+00	172300000	-7.294604e+01	-1.534907e+01	-3.950369e+00	-3.056880e+00
L	-7.324157e+01	-1.561893e+01	172350000	-7.314617e+01	-1.549846e+01	-4.054295e+00	-2.917812e+00
R	7.543089e+01	-2.965074e+00	5.039408e+00	172400000	-7.335139e+01	-1.564080e+01	-4.153359e+00	-2.775162e+00
L	-7.370365e+01	-1.580199e+01	172450000	-7.356143e+01	-1.577592e+01	-4.247435e+00	-2.629102e+00
R	7.534991e+01	-2.945960e+00	4.293964e+00	172500000	-7.377605e+01	-1.590365e+01	-4.336401e+00	-2.479807e+00
L	-7.378538e+01	-1.585494e+01	172550000	-7.399401e+01	-1.602356e+01	-4.398384e+00	-2.325841e+00
R	7.631006e+01	-2.898498e+00	5.086416e+00	172600000	-7.421485e+01	-1.613594e+01	-4.451712e+00	-2.178032e+00
L	-7.425197e+01	-1.635572e+01	172650000	-7.443816e+01	-1.624110e+01	-4.497277e+00	-2.036400e+00
R	7.660181e+01	-2.882539e+00	4.943037e+00	172700000	-7.466358e+01	-1.633934e+01	-4.535892e+00	-1.900909e+00
L	-7.491747e+01	-1.656260e+01	172750000	-7.489077e+01	-1.643098e+01	-4.568299e+00	-1.771481e+00
R	7.683440e+01	-2.939160e+00	3.945718e+00	172800000	-7.511945e+01	-1.651631e+01	-4.595168e+00	-1.648001e+00
L	-7.527818e+01	-1.636684e+01	172850000	-7.534936e+01	-1.659562e+01	-4.617110e+00	-1.530328e+00
R	7.758498e+01	-2.919198e+00	4.613907e+00	172900000	-7.558025e+01	-1.666920e+01	-4.634675e+00	-1.418300e+00
L	-7.584763e+01	-1.652678e+01	172950000	-7.581193e+01	-1.673733e+01	-4.648359e+00	-1.311737e+00
R	7.746766e+01	-2.856198e+00	4.359430e+00	173000000	-7.604421e+01	-1.680028e+01	-4.658609e+00	-1.210452e+00
L	-7.614769e+01	-1.695866e+01	173050000	-7.627694e+01	-1.685830e+01	-4.665829e+00	-1.114249e+00
R	7.822226e+01	-2.988632e+00	5.065852e+00	173100000	-7.650996e+01	-1.691163e+01	-4.670381e+00	-1.022926e+00
L	-7.667865e+01	-1.679921e+01	173150000	-7.674316e+01	-1.696053e+01	-4.672587e+00	-9.362820e-01
R	7.868386e+01	-2.883988e+00	4.802552e+00	173200000	-7.697643e+01	-1.700522e+01	-4.672741e+00	-8.541159e-01
L	-7.723556e+01	-1.712035e+01	173250000	-7.720966e+01	-1.704591e+01	-4.671100e+00	-7.762280e-01
R	7.967653e+01	-2.913562e+00	4.836696e+00	173300000	-7.744277e+01	-1.708282e+01	-4.667899e+00	-7.024222e-01
L	-7.789756e+01	-1.712494e+01	173350000	-7.767570e+01	-1.711614e+01	-4.663345e+00	-6.325071e-01
R	7.947135e+01	-2.949152e+00	4.114517e+00	173400000	-7.790838e+01	-1.714606e+01	-4.657623e+00	-5.662961e-01
L	-7.805196e+01	-1.718882e+01	173450000	-7.814075e+01	-1.717277e+01	-4.650899e+00	-5.036085e-01
R	8.023856e+01	-2.955136e+00	4.686361e+00	173500000	-7.837278e+01	-1.719643e+01	-4.643318e+00	-4.442698e-01
L	-7.875365e+01	-1.723009e+01	173550000	-7.860441e+01	-1.721721e+01	-4.635012e+00	-3.881119e-01
R	8.088724e+01	-2.915089e+00	4.768445e+00	173600000	-7.883561e+01	-1.723526e+01	-4.626097e+00	-3.349731e-01
L	-7.916768e+01	-1.754198e+01	173650000	-7.906637e+01	-1.725072e+01	-4.616674e+00	-2.846987e-01
R	8.123770e+01	-2.959230e+00	4.455799e+00	173700000	-7.929664e+01	-1.726375e+01	-4.606836e+00	-2.371405e-01
L	-7.970306e+01	-1.730932e+01	173750000	-7.952643e+01	-1.727447e+01	-4.596662e+00	-1.921569e-01
R	8.180668e+01	-2.938053e+00	4.146628e+00	173800000	-7.975570e+01	-1.728300e+01	-4.586223e+00	-1.496128e-01
L	-7.996265e+01	-1.724915e+01	173850000	-7.998445e+01	-1.728946e+01	-4.575583e+00	-1.093795e-01
R	8.206207e+01	-2.920793e+00	4.848875e+00	173900000	-8.021267e+01	-1.729398e+01	-4.564795e+00	-7.133450e-02
L	-8.019083e+01	-1.718975e+01	173950000	-8.044036e+01	-1.729664e+01	-4.553908e+00	-3.536136e-02
R	8.239608e+01	-2.919499e+00	4.025968e+00	174000000	-8.066751e+01	-1.729755e+01	-4.542964e+00	-1.349375e-03
L	-8.089237e+01	-1.701749e+01	174050000	-8.089411e+01	-1.729682e+01	-4.532000e+00	3.080656e-02
R	8.292774e+01	-2.931884e+00	4.173826e+00	174100000	-8.112017e+01	-1.729452e+01	-4.521048e+00	6.120616e-02
L	-8.117836e+01	-1.733330e+01	174150000	-8.134569e+01	-1.729074e+01	-4.510137e+00	8.994400e-02
R	8.347370e+01	-2.943234e+00	4.013266e+00	174200000	-8.157067e+01	-1.728557e+01	-4.499289e+00	1.171097e-01
L	-8.182194e+01	-1.743040e+01	174250000	-8.179512e+01	-1.727908e+01	-4.488526e+00	1.427883e-01
R	8.361457e+01	-2.951180e+00	4.863938e+00	174300000	-8.201903e+01	-1.727134e+01	-4.477865e+00	1.670602e-01
L	-8.214526e+01	-1.721514e+01	174350000	-8.224242e+01	-1.726243e+01	-4.467322e+00	1.900015e-01
R	8.406192e+01	-2.917094e+00	4.278563e+00	174400000	-8.246529e+01	-1.725239e+01	-4.456909e+00	2.116845e-01
L	-8.250436e+01	-1.727436e+01	174450000	-8.268765e+01	-1.724131e+01	-4.446638e+00	2.321774e-01
R	8.519678e+01	-2.943628e+00	4.319659e+00	174500000	-8.290950e+01	-1.722923e+01	-4.436516e+00	2.515447e-01
L	-8.320072e+01	-1.722012e+01	174550000	-8.313086e+01	-1.721620e+01	-4.426551e+00	2.698476e-01
R	8.481412e+01	-2.972501e+00	3.768842e+00	174600000	-8.335173e+01	-1.720229e+01	-4.416749e+00	2.871439e-01
L	-8.369824e+01	-1.732936e+01	174650000	-8.357211e+01	-1.718754e+01	-4.407114e+00	3.034882e-01
R	8.561988e+01	-2.958797e+00	4.197424e+00	174700000	-8.379202e+01	-1.717199e+01	-4.397651e+00	3.189324e-01
L	-8.381482e+01	-1.706670e+01	174750000	-8.401147e+01	-1.715570e+01	-4.388360e+00	3.335252e-01
R	8.548743e+01	-2.928688e+00	4.402716e+00	174800000	-8.423046e+01	-1.713869e+01	-4.379245e+00	3.473130e-01
L	-8.447036e+01	-1.726328e+01	174850000	-8.444900e+01	-1.712102e+01	-4.370306e+00	3.603395e-01
R	8.648592e+01	-2.949950e+00	4.281464e+00	174900000	-8.466711e+01	-1.710271e+01	-4.361543e+00	3.726460e-01
L	-8.479757e+01	-1.702084e+01	174950000	-8.488478e+01	-1.708380e+01	-4.352956e+00	3.842717e-01
R	8.664830e+01	-2.992126e+00	4.210929e+00	175000000	-8.510203e+01	-1.706433e+01	-4.344545e+00	3.952535e-01
L	-8.533744e+01	-1.706907e+01	175050000	-8.531887e+01	-1.704432e+01	-4.336307e+00	4.056263e-01
R	8.731060e+01	-2.929105e+00	3.840830e+00	175100000	-8.553531e+01	-1.702381e+01	-4.328242e+00	4.154233e-01
L	-8.562475e+01	-1.695026e+01	175150000	-8.575135e+01	-1.700283e+01	-4.320348e+00	4.246757e-01
R	8.767720e+01	-2.944610e+00	4.803625e+00	175200000	-8.596701e+01	-1.698139e+01	-4.312623e+00	4.334131e-01
L	-8.611453e+01	-1.697229e+01	175250000	-8.618228e+01	-1.695953e+01	-4.305063e+00	4.416634e-01
R	8.756529e+01	-2.956101e+00	4.276307e+00	175300000	-8.639719e+01	-1.693727e+01	-4.297668e+00	4.494530e-01
L	-8.680231e+01	-1.693672e+01	175350000	-8.661173e+01	-1.691463e+01	-4.290435e+00	4.568069e-01
R	8.849637e+01	-2.925876e+00	3.664388e+00	175400000	-8.682592e+01	-1.689163e+01	-4.283359e+00	4.637488e-01
L	-8.706737e+01	-1.690366e+01	175450000	-8.703976e+01	-1.686830e+01	-4.276440e+00	4.703011e-01
R	8.886566e+01	-2.938349e+00	4.365231e+00	175500000	-8.725326e+01	-1.684465e+01	-4.269673e+00	4.764848e-01
L	-8.730183e+01	-1.643140e+01	175550000	-8.746644e+01	-1.682069e+01	-4.263057e+00	4.823199e-01
R	8.933980e+01	-2.938594e+00	4.051351e+00	175600000	-8.767928e+01	-1.679646e+01	-4.256587e+00	4.878254e-01
L	-8.790368e+01	-1.690777e+01	175650000	-8.789181e+01	-1.677195e+01	-4.250262e+00	4.930192e-01
R	8.962832e+01	-2.973204e+00	3.693418e+00	175700000	-8.810403e+01	-1.674719e+01	-4.244077e+00	4.979182e-01
L	-8.829228e+01	-1.680630e+01	175750000	-8.831595e+01	-1.672220e+01	-4.238031e+00	5.025383e-01
R	9.014976e+01	-2.963716e+00	4.216230e+00	175800000	-8.852757e+01	-1.669698e+01	-4.232119e+00	5.068948e-01
L	-8.852273e+01	-1.659237e+01	175850000	-8.873890e+01	-1.667155e+01	-4.226340e+00	5.110019e-01
R	9.038708e+01	-2.967635e+00	4.117346e+00	175900000	-8.894995e+01	-1.664591e+01	-4.220689e+00	5.148731e-01
L	-8.922299e+01	-1.667207e+01	175950000	-8.916072e+01	-1.662009e+01	-4.215165e+00	5.185214e-01
R	9.124248e+01	-2.949428e+00	3.901706e+00	176000000	-8.937122e+01	-1.659410e+01	-4.209764e+00	5.219588e-01
L	-8.955330e+01	-1.658527e+01	176050000	-8.958146e+01	-1.656793e+01	-4.204484e+00	5.251969e-01
R	9.115043e+01	-2.951925e+00	3.913864e+00	176100000	-8.979144e+01	-1.654161e+01	-4.199322e+00	5.282464e-01
L	-9.009008e+01	-1.640801e+01	176150000	-9.000116e+01	-1.651514e+01	-4.194274e+00	5.311176e-01
R	9.150136e+01	-2.919127e+00	3.653974e+00	176200000	-9.021064e+01	-1.648853e+01	-4.189339e+00	5.338202e-01
L	-9.035031e+01	-1.640245e+01	176250000	-9.041987e+01	-1.646179e+01	-4.184513e+00	5.363635e-01
R	9.221400e+01	-2.953332e+00	4.287893e+00	176300000	-9.062887e+01	-1.643493e+01	-4.179795e+00	5.387562e-01
L	-9.087627e+01	-1.646420e+01	176350000	-9.083764e+01	-1.640795e+01	-4.175181e+00	5.410064e-01
R	9.240798e+01	-2.903847e+00	3.696251e+00	176400000	-9.104618e+01	-1.638086e+01	-4.170669e+00	5.431221e-01
L	-9.109261e+01	-1.647829e+01	176450000	-9.125450e+01	-1.635367e+01	-4.166257e+00	5.451104e-01
R	9.306945e+01	-2.931764e+00	3.634311e+00	176500000	-9.146261e+01	-1.632638e+01	-4.161942e+00	5.469785e-01
L	-9.180305e+01	-1.616845e+01	176550000	-9.167050e+01	-1.629900e+01	-4.157722e+00	5.487329e-01
R	9.366832e+01	-2.983928e+00	4.518575e+00	176600000	-9.187819e+01	-1.627153e+01	-4.153595e+00	5.503799e-01
L	-9.212640e+01	-1.618672e+01	176650000	-9.208567e+01	-1.624399e+01	-4.149558e+00	5.519254e-01
R	9.408871e+01	-2.989852e+00	4.486713e+00	176700000	-9.229296e+01	-1.621637e+01	-4.145610e+00	5.533750e-01
L	-9.261208e+01	-1.620307e+01	176750000	-9.250005e+01	-1.618868e+01	-4.141749e+00	5.547340e-01
R	9.398896e+01	-2.899239e+00	3.990562e+00	176800000	-9.270696e+01	-1.616092e+01	-4.137971e+00	5.560073e-01
L	-9.278339e+01	-1.595696e+01	176850000	-9.291368e+01	-1.613310e+01	-4.134276e+00	5.571998e-01
R	9.437510e+01	-2.943340e+00	3.880810e+00	176900000	-9.312022e+01	-1.610522e+01	-4.130661e+00	5.583160e-01
L	-9.358554e+01	-1.613278e+01	176950000	-9.332658e+01	-1.607729e+01	-4.127125e+00	5.593600e-01
R	9.491486e+01	-3.038743e+00	3.612448e+00	177000000	-9.353277e+01	-1.604931e+01	-4.123665e+00	5.603359e-01
L	-9.375041e+01	-1.595701e+01	177050000	-9.373878e+01	-1.602128e+01	-4.120280e+00	5.612476e-01
R	9.548625e+01	-2.973593e+00	3.766843e+00	177100000	-9.394464e+01	-1.599321e+01	-4.116968e+00	5.620985e-01
L	-9.406333e+01	-1.616984e+01	177150000	-9.415033e+01	-1.596510e+01	-4.113727e+00	5.628922e-01
R	9.590473e+01	-3.019954e+00	4.233565e+00	177200000	-9.435586e+01	-1.593694e+01	-4.110556e+00	5.636318e-01
L	-9.469644e+01	-1.567503e+01	177250000	-9.456124e+01	-1.590875e+01	-4.107453e+00	5.643204e-01
R	9.595993e+01	-2.994118e+00	3.647802e+00	177300000	-9.476646e+01	-1.588053e+01	-4.104417e+00	5.649609e-01
L	-9.488551e+01	-1.603310e+01	177350000	-9.497154e+01	-1.585228e+01	-4.101446e+00	5.655560e-01
R	9.640504e+01	-2.964017e+00	3.683823e+00	177400000	-9.517647e+01	-1.582400e+01	-4.098538e+00	5.661083e-01
L	-9.551839e+01	-1.587217e+01	177450000	-9.538125e+01	-1.579569e+01	-4.095692e+00	5.666203e-01
R	9.647040e+01	-2.999795e+00	3.940994e+00	177500000	-9.558590e+01	-1.576736e+01	-4.092907e+00	5.670942e-01
L	-9.602416e+01	-1.573794e+01	177550000	-9.579041e+01	-1.573900e+01	-4.090180e+00	5.675323e-01
R	9.729454e+01	-2.973793e+00	3.939980e+00	177600000	-9.599479e+01	-1.571062e+01	-4.087512e+00	5.679366e-01
L	-9.655111e+01	-1.581747e+01	177650000	-9.619904e+01	-1.568222e+01	-4.084900e+00	5.683091e-01
R	9.775824e+01	-2.985632e+00	3.597630e+00	177700000	-9.640316e+01	-1.565381e+01	-4.082344e+00	5.686517e-01
L	-9.637059e+01	-1.543966e+01	177750000	-9.660715e+01	-1.562538e+01	-4.079841e+00	5.689660e-01
R	9.764740e+01	-2.986497e+00	4.095766e+00	177800000	-9.681103e+01	-1.559693e+01	-4.077392e+00	5.692538e-01
L	-9.677252e+01	-1.588772e+01	177850000	-9.701478e+01	-1.556847e+01	-4.074993e+00	5.695166e-01
R	9.864355e+01	-2.994715e+00	3.979442e+00	177900000	-9.721841e+01	-1.553999e+01	-4.072646e+00	5.697559e-01
L	-9.746683e+01	-1.526287e+01	177950000	-9.742193e+01	-1.551151e+01	-4.070347e+00	5.699732e-01
R	9.942995e+01	-2.992638e+00	3.648624e+00	178000000	-9.762534e+01	-1.548301e+01	-4.068097e+00	5.701697e-01
L	-9.744568e+01	-1.539053e+01	178050000	-9.782863e+01	-1.545451e+01	-4.065894e+00	5.703467e-01
R	9.891522e+01	-2.951854e+00	3.864449e+00	178100000	-9.803182e+01	-1.542599e+01	-4.063737e+00	5.705053e-01
L	-9.828502e+01	-1.523911e+01	178150000	-9.823490e+01	-1.539747e+01	-4.061625e+00	5.706468e-01
R	9.911313e+01	-2.958625e+00	3.976843e+00	178200000	-9.843788e+01	-1.536894e+01	-4.059557e+00	5.707721e-01
L	-9.858794e+01	-1.531180e+01	178250000	-9.864076e+01	-1.534041e+01	-4.057532e+00	5.708823e-01
R	9.952366e+01	-3.011066e+00	4.032531e+00	178300000	-9.884354e+01	-1.531187e+01	-4.055550e+00	5.709783e-01
L	-9.896930e+01	-1.529340e+01	178350000	-9.904622e+01	-1.528332e+01	-4.053608e+00	5.710611e-01
R	9.991655e+01	-2.997123e+00	3.677888e+00	178400000	-9.924881e+01	-1.525478e+01	-4.051707e+00	5.711313e-01
L	-9.956689e+01	-1.515441e+01	178450000	-9.945130e+01	-1.522622e+01	-4.049845e+00	5.711900e-01
R	1.008965e+02	-3.035605e+00	3.875641e+00	178500000	-9.965370e+01	-1.519767e+01	-4.048022e+00	5.712377e-01
L	-9.977101e+01	-1.514098e+01	178550000	-9.985602e+01	-1.516911e+01	-4.046237e+00	5.712753e-01
R	1.011452e+02	-2.991162e+00	3.558596e+00	178600000	-1.000582e+02	-1.514055e+01	-4.044489e+00	5.713034e-01
L	-9.997740e+01	-1.509264e+01	178650000	-1.002604e+02	-1.511200e+01	-4.042776e+00	5.713226e-01
R	1.013271e+02	-3.048012e+00	3.379526e+00	178700000	-1.004624e+02	-1.508343e+01	-4.041099e+00	5.713335e-01
L	-1.007586e+02	-1.490015e+01	178750000	-1.006644e+02	-1.505487e+01	-4.039457e+00	5.713367e-01
R	1.018071e+02	-3.001664e+00	3.604857e+00	178800000	-1.008663e+02	-1.502631e+01	-4.037848e+00	5.713328e-01
L	-1.008452e+02	-1.466155e+01	178850000	-1.010681e+02	-1.499775e+01	-4.036273e+00	5.713222e-01
R	1.015493e+02	-3.005999e+00	4.054081e+00	178900000	-1.012699e+02	-1.496919e+01	-4.034730e+00	5.713054e-01
L	-1.013983e+02	-1.501793e+01	178950000	-1.014715e+02	-1.494063e+01	-4.033219e+00	5.712829e-01
R	1.026174e+02	-2.975866e+00	4.360344e+00	179000000	-1.016731e+02	-1.491207e+01	-4.031738e+00	5.712550e-01
L	-1.021429e+02	-1.498835e+01	179050000	-1.018746e+02	-1.488352e+01	-4.030288e+00	5.712223e-01
R	1.032883e+02	-3.027899e+00	3.738365e+00	179100000	-1.020761e+02	-1.485496e+01	-4.028868e+00	5.711850e-01
L	-1.020792e+02	-1.478440e+01	179150000	-1.022774e+02	-1.482641e+01	-4.027477e+00	5.711435e-01
R	1.033824e+02	-2.983952e+00	3.494515e+00	179200000	-1.024787e+02	-1.479786e+01	-4.026115e+00	5.710982e-01
L	-1.026555e+02	-1.470174e+01	179250000	-1.026800e+02	-1.476931e+01	-4.024780e+00	5.710493e-01
R	1.042919e+02	-2.980126e+00	3.942633e+00	179300000	-1.028812e+02	-1.474076e+01	-4.023472e+00	5.709972e-01
L	-1.031117e+02	-1.474987e+01	179350000	-1.030823e+02	-1.471222e+01	-4.022192e+00	5.709422e-01
R	1.046889e+02	-2.963277e+00	4.061952e+00	179400000	-1.032833e+02	-1.468368e+01	-4.020937e+00	5.708844e-01
L	-1.034790e+02	-1.478403e+01	179450000	-1.034843e+02	-1.465514e+01	-4.019708e+00	5.708242e-01
R	1.043063e+02	-3.015104e+00	4.132062e+00	179500000	-1.036852e+02	-1.462660e+01	-4.018504e+00	5.707618e-01
L	-1.038621e+02	-1.440666e+01	179550000	-1.038861e+02	-1.459807e+01	-4.017325e+00	5.706973e-01
R	1.050451e+02	-3.051346e+00	3.691585e+00	179600000	-1.040869e+02	-1.456954e+01	-4.016170e+00	5.706311e-01
L	-1.041626e+02	-1.450411e+01	179650000	-1.042877e+02	-1.454101e+01	-4.015038e+00	5.705632e-01
R	1.055281e+02	-3.004945e+00	3.745493e+00	179700000	-1.044884e+02	-1.451249e+01	-4.013929e+00	5.704940e-01
L	-1.045932e+02	-1.456319e+01	179750000	-1.046890e+02	-1.448397e+01	-4.012843e+00	5.704234e-01
R	1.059990e+02	-3.004081e+00	3.413857e+00	179800000	-1.048896e+02	-1.445546e+01	-4.011779e+00	5.703518e-01
L	-1.048596e+02	-1.446516e+01	179850000	-1.050901e+02	-1.442695e+01	-4.010736e+00	5.702792e-01
R	1.065217e+02	-2.988062e+00	3.888052e+00	179900000	-1.052906e+02	-1.439844e+01	-4.009715e+00	5.702059e-01
L	-1.055602e+02	-1.433969e+01	179950000	-1.054910e+02	-1.436993e+01	-4.008714e+00	5.701318e-01
R	1.064999e+02	-3.031856e+00	3.741388e+00	180000000	-1.056914e+02	-1.434143e+01	-4.007734e+00	5.700572e-01
L	-1.061429e+02	-1.446435e+01	180050000	-1.058918e+02	-1.431293e+01	-4.006773e+00	5.699821e-01
R	1.070065e+02	-2.991101e+00	3.286456e+00	180100000	-1.060921e+02	-1.428444e+01	-4.005832e+00	5.699067e-01
L	-1.062206e+02	-1.405699e+01	180150000	-1.062923e+02	-1.425595e+01	-4.004910e+00	5.698311e-01
R	1.077029e+02	-2.968065e+00	3.531633e+00	180200000	-1.064925e+02	-1.422746e+01	-4.004007e+00	5.697553e-01
L	-1.068380e+02	-1.441060e+01	180250000	-1.066927e+02	-1.419898e+01	-4.003122e+00	5.696795e-01
R	1.082376e+02	-2.944301e+00	3.410636e+00	180300000	-1.068928e+02	-1.417050e+01	-4.002255e+00	5.696036e-01
L	-1.071176e+02	-1.434302e+01	180350000	-1.070928e+02	-1.414203e+01	-4.001405e+00	5.695279e-01
R	1.076535e+02	-3.039395e+00	4.333969e+00	180400000	-1.072929e+02	-1.411355e+01	-4.000573e+00	5.694524e-01
L	-1.075681e+02	-1.396490e+01	180450000	-1.074929e+02	-1.408509e+01	-3.999758e+00	5.693771e-01
R	1.088030e+02	-3.036853e+00	4.291811e+00	180500000	-1.076928e+02	-1.405662e+01	-3.998959e+00	5.693020e-01
L	-1.080568e+02	-1.410629e+01	180550000	-1.078927e+02	-1.402816e+01	-3.998176e+00	5.692274e-01
R	1.091286e+02	-3.021903e+00	3.815463e+00	180600000	-1.080926e+02	-1.399970e+01	-3.997409e+00	5.691531e-01
L	-1.081711e+02	-1.379879e+01	180650000	-1.082924e+02	-1.397125e+01	-3.996657e+00	5.690793e-01
R	1.088423e+02	-3.012935e+00	4.269659e+00	180700000	-1.084922e+02	-1.394280e+01	-3.995921e+00	5.690059e-01
L	-1.084552e+02	-1.429242e+01	180750000	-1.086920e+02	-1.391436e+01	-3.995199e+00	5.689331e-01
R	1.095428e+02	-3.012242e+00	3.764812e+00	180800000	-1.088917e+02	-1.388591e+01	-3.994492e+00	5.688609e-01
L	-1.089833e+02	-1.378492e+01	180850000	-1.090914e+02	-1.385747e+01	-3.993800e+00	5.687892e-01
R	1.103255e+02	-3.022895e+00	3.836515e+00	180900000	-1.092911e+02	-1.382904e+01	-3.993121e+00	5.687182e-01
L	-1.093507e+02	-1.372077e+01	180950000	-1.094907e+02	-1.380061e+01	-3.992456e+00	5.686478e-01
R	1.106517e+02	-3.013507e+00	3.660343e+00	181000000	-1.096903e+02	-1.377218e+01	-3.991804e+00	5.685782e-01
L	-1.100036e+02	-1.372446e+01	181050000	-1.098898e+02	-1.374375e+01	-3.991166e+00	5.685092e-01
R	1.112511e+02	-3.048076e+00	3.987702e+00	181100000	-1.100893e+02	-1.371533e+01	-3.990540e+00	5.684410e-01
L	-1.102292e+02	-1.372564e+01	181150000	-1.102888e+02	-1.368691e+01	-3.989927e+00	5.683735e-01
R	1.112936e+02	-2.999386e+00	3.654257e+00	181200000	-1.104883e+02	-1.365850e+01	-3.989326e+00	5.683067e-01
L	-1.104793e+02	-1.389202e+01	181250000	-1.106877e+02	-1.363009e+01	-3.988737e+00	5.682408e-01
R	1.119159e+02	-2.998761e+00	4.304303e+00	181300000	-1.108872e+02	-1.360168e+01	-3.988161e+00	5.681756e-01
L	-1.113925e+02	-1.373254e+01	181350000	-1.110865e+02	-1.357328e+01	-3.987595e+00	5.681112e-01
R	1.124310e+02	-3.043888e+00	3.880457e+00	181400000	-1.112859e+02	-1.354487e+01	-3.987042e+00	5.680477e-01
L	-1.113240e+02	-1.367661e+01	181450000	-1.114852e+02	-1.351648e+01	-3.986499e+00	5.679849e-01
R	1.121829e+02	-3.051037e+00	3.876474e+00	181500000	-1.116845e+02	-1.348808e+01	-3.985967e+00	5.679230e-01
L	-1.119960e+02	-1.345149e+01	181550000	-1.118838e+02	-1.345969e+01	-3.985446e+00	5.678619e-01
R	1.128508e+02	-3.007330e+00	3.690772e+00	181600000	-1.120830e+02	-1.343130e+01	-3.984936e+00	5.678016e-01
L	-1.121997e+02	-1.327597e+01	181650000	-1.122823e+02	-1.340291e+01	-3.984435e+00	5.677422e-01
R	1.135405e+02	-3.010080e+00	3.759836e+00	181700000	-1.124815e+02	-1.337453e+01	-3.983945e+00	5.676836e-01
L	-1.126650e+02	-1.355636e+01	181750000	-1.126806e+02	-1.334615e+01	-3.983465e+00	5.676258e-01
R	1.137542e+02	-2.996998e+00	3.692090e+00	181800000	-1.128798e+02	-1.331777e+01	-3.982994e+00	5.675689e-01
L	-1.128701e+02	-1.316444e+01	181850000	-1.130789e+02	-1.328940e+01	-3.982533e+00	5.675128e-01
R	1.146408e+02	-3.058687e+00	3.911947e+00	181900000	-1.132780e+02	-1.326102e+01	-3.982081e+00	5.674576e-01
L	-1.135765e+02	-1.329486e+01	181950000	-1.134771e+02	-1.323265e+01	-3.981638e+00	5.674032e-01
R	1.146712e+02	-2.991336e+00	3.881404e+00	182000000	-1.136761e+02	-1.320429e+01	-3.981204e+00	5.673496e-01
L	-1.139256e+02	-1.333890e+01	182050000	-1.138752e+02	-1.317592e+01	-3.980778e+00	5.672969e-01
R	1.148145e+02	-3.018595e+00	4.077937e+00	182100000	-1.140742e+02	-1.314756e+01	-3.980361e+00	5.672449e-01
L	-1.141330e+02	-1.320306e+01	182150000	-1.142732e+02	-1.311920e+01	-3.979953e+00	5.671938e-01
R	1.150150e+02	-2.987843e+00	3.968876e+00	182200000	-1.144722e+02	-1.309084e+01	-3.979553e+00	5.671435e-01
L	-1.149283e+02	-1.282187e+01	182250000	-1.146711e+02	-1.306249e+01	-3.979161e+00	5.670940e-01
R	1.154021e+02	-3.004285e+00	3.790834e+00	182300000	-1.148701e+02	-1.303414e+01	-3.978776e+00	5.670453e-01
L	-1.150607e+02	-1.275556e+01	182350000	-1.150690e+02	-1.300579e+01	-3.978400e+00	5.669974e-01
R	1.154497e+02	-3.039111e+00	3.672062e+00	182400000	-1.152679e+02	-1.297744e+01	-3.978031e+00	5.669503e-01
L	-1.155080e+02	-1.299629e+01	182450000	-1.154668e+02	-1.294910e+01	-3.977669e+00	5.669040e-01
R	1.166623e+02	-3.017457e+00	3.748195e+00	182500000	-1.156656e+02	-1.292075e+01	-3.977315e+00	5.668584e-01
L	-1.156386e+02	-1.276623e+01	182550000	-1.158645e+02	-1.289256e+01	-3.977813e+00	5.608475e-01
R	1.165095e+02	-3.042447e+00	3.690868e+00	182600000	-1.160634e+02	-1.286481e+01	-3.979096e+00	5.491675e-01
L	-1.162304e+02	-1.289557e+01	182650000	-1.162624e+02	-1.283778e+01	-3.981075e+00	5.320966e-01
R	1.173878e+02	-3.047929e+00	3.907592e+00	182700000	-1.164615e+02	-1.281173e+01	-3.983647e+00	5.098967e-01
L	-1.167507e+02	-1.287824e+01	182750000	-1.166608e+02	-1.278692e+01	-3.986695e+00	4.828147e-01
R	1.178090e+02	-3.078101e+00	3.987816e+00	182800000	-1.168602e+02	-1.276357e+01	-3.990091e+00	4.510846e-01
L	-1.169365e+02	-1.254575e+01	182850000	-1.170598e+02	-1.274192e+01	-3.993701e+00	4.149281e-01
R	1.176659e+02	-2.997040e+00	3.901149e+00	182900000	-1.172596e+02	-1.272218e+01	-3.997384e+00	3.745566e-01
L	-1.174459e+02	-1.266284e+01	182950000	-1.174595e+02	-1.270457e+01	-4.000996e+00	3.301720e-01
R	1.179461e+02	-2.994831e+00	4.160285e+00	183000000	-1.176596e+02	-1.268926e+01	-4.004389e+00	2.819681e-01
L	-1.179586e+02	-1.276514e+01	183050000	-1.178599e+02	-1.267646e+01	-4.007416e+00	2.301316e-01
R	1.194448e+02	-3.040784e+00	3.946343e+00	183100000	-1.180604e+02	-1.266634e+01	-4.009928e+00	1.748428e-01
L	-1.185057e+02	-1.269383e+01	183150000	-1.182609e+02	-1.265906e+01	-4.011778e+00	1.162769e-01
R	1.192921e+02	-3.051549e+00	4.027848e+00	183200000	-1.184615e+02	-1.265479e+01	-4.012822e+00	5.460430e-02
L	-1.186137e+02	-1.270914e+01	183250000	-1.186622e+02	-1.265367e+01	-4.012917e+00	-1.000857e-02
R	1.198356e+02	-3.041263e+00	3.972037e+00	183300000	-1.188628e+02	-1.265586e+01	-4.011925e+00	-7.739861e-02
L	-1.190650e+02	-1.293147e+01	183350000	-1.190633e+02	-1.266148e+01	-4.009709e+00	-1.474056e-01
R	1.201083e+02	-3.012681e+00	4.239715e+00	183400000	-1.192637e+02	-1.267066e+01	-4.006140e+00	-2.198719e-01
L	-1.193972e+02	-1.269648e+01	183450000	-1.194639e+02	-1.268352e+01	-4.001092e+00	-2.946417e-01
R	1.204992e+02	-2.954066e+00	3.680730e+00	183500000	-1.196638e+02	-1.270018e+01	-3.994444e+00	-3.715613e-01
L	-1.197727e+02	-1.264725e+01	183550000	-1.198633e+02	-1.272073e+01	-3.986080e+00	-4.504782e-01
R	1.209894e+02	-3.078622e+00	4.613836e+00	183600000	-1.200623e+02	-1.274527e+01	-3.975891e+00	-5.312414e-01
L	-1.200672e+02	-1.280864e+01	183650000	-1.202608e+02	-1.277389e+01	-3.963773e+00	-6.137012e-01
R	1.216853e+02	-3.030715e+00	4.637125e+00	183700000	-1.204587e+02	-1.280668e+01	-3.949628e+00	-6.977086e-01
L	-1.206233e+02	-1.314540e+01	183750000	-1.206558e+02	-1.284370e+01	-3.933365e+00	-7.831158e-01
R	1.215290e+02	-3.048966e+00	3.572808e+00	183800000	-1.208520e+02	-1.288502e+01	-3.914898e+00	-8.697758e-01
L	-1.211955e+02	-1.288862e+01	183850000	-1.210472e+02	-1.293071e+01	-3.894148e+00	-9.575426e-01
R	1.217095e+02	-3.004892e+00	3.455208e+00	183900000	-1.212413e+02	-1.298080e+01	-3.871042e+00	-1.046271e+00
L	-1.214713e+02	-1.296476e+01	183950000	-1.214342e+02	-1.303536e+01	-3.845513e+00	-1.135816e+00
R	1.224506e+02	-3.051200e+00	4.008226e+00	184000000	-1.216258e+02	-1.309441e+01	-3.817502e+00	-1.226036e+00
L	-1.219712e+02	-1.326335e+01	184050000	-1.218159e+02	-1.315798e+01	-3.786955e+00	-1.316786e+00
R	1.222930e+02	-2.994363e+00	3.762512e+00	184100000	-1.220045e+02	-1.322610e+01	-3.753824e+00	-1.407927e+00
L	-1.223403e+02	-1.334208e+01	184150000	-1.221913e+02	-1.329878e+01	-3.718068e+00	-1.499317e+00
R	1.235135e+02	-2.979981e+00	3.562552e+00	184200000	-1.223762e+02	-1.337604e+01	-3.679652e+00	-1.590818e+00
L	-1.222877e+02	-1.346578e+01	184250000	-1.225592e+02	-1.345787e+01	-3.638547e+00	-1.682292e+00
R	1.238303e+02	-3.005315e+00	3.537558e+00	184300000	-1.227400e+02	-1.354427e+01	-3.594730e+00	-1.773602e+00
L	-1.230216e+02	-1.388555e+01	184350000	-1.229186e+02	-1.363522e+01	-3.548184e+00	-1.864613e+00
R	1.238695e+02	-3.018169e+00	3.633380e+00	184400000	-1.230948e+02	-1.373072e+01	-3.498898e+00	-1.955193e+00
L	-1.234543e+02	-1.376265e+01	184450000	-1.232684e+02	-1.383074e+01	-3.446865e+00	-2.045208e+00
R	1.244665e+02	-3.024123e+00	3.423020e+00	184500000	-1.234394e+02	-1.393523e+01	-3.392088e+00	-2.134531e+00
L	-1.235566e+02	-1.418518e+01	184550000	-1.236076e+02	-1.404418e+01	-3.334570e+00	-2.223032e+00
R	1.246625e+02	-3.016373e+00	3.833957e+00	184600000	-1.237728e+02	-1.415752e+01	-3.274324e+00	-2.310586e+00
L	-1.236562e+02	-1.399839e+01	184650000	-1.239350e+02	-1.427522e+01	-3.211365e+00	-2.397069e+00
R	1.251918e+02	-3.042014e+00	3.611215e+00	184700000	-1.240939e+02	-1.439721e+01	-3.145715e+00	-2.482359e+00
L	-1.244609e+02	-1.452446e+01	184750000	-1.242495e+02	-1.452343e+01	-3.077399e+00	-2.566337e+00
R	1.252247e+02	-3.039410e+00	3.447079e+00	184800000	-1.244016e+02	-1.465382e+01	-3.006450e+00	-2.648887e+00
L	-1.246148e+02	-1.448650e+01	184850000	-1.245501e+02	-1.478829e+01	-2.932902e+00	-2.729894e+00
R	1.255329e+02	-2.965405e+00	3.257336e+00	184900000	-1.246948e+02	-1.492678e+01	-2.856797e+00	-2.809246e+00
L	-1.249848e+02	-1.505211e+01	184950000	-1.248357e+02	-1.506919e+01	-2.778178e+00	-2.886835e+00
R	1.265386e+02	-3.025000e+00	3.062518e+00	185000000	-1.249726e+02	-1.521543e+01	-2.697094e+00	-2.962554e+00
L	-1.250225e+02	-1.524609e+01	185050000	-1.251054e+02	-1.536541e+01	-2.613599e+00	-3.036301e+00
R	1.264179e+02	-3.069052e+00	2.671455e+00	185100000	-1.252339e+02	-1.551902e+01	-2.527750e+00	-3.107974e+00
L	-1.254377e+02	-1.522022e+01	185150000	-1.253581e+02	-1.567617e+01	-2.439606e+00	-3.177477e+00
R	1.262340e+02	-3.011898e+00	3.544335e+00	185200000	-1.254778e+02	-1.583673e+01	-2.349233e+00	-3.244716e+00
L	-1.255169e+02	-1.579873e+01	185250000	-1.255930e+02	-1.600060e+01	-2.256699e+00	-3.309599e+00
R	1.269944e+02	-3.061176e+00	2.435463e+00	185300000	-1.257034e+02	-1.616765e+01	-2.162073e+00	-3.372040e+00
L	-1.258462e+02	-1.660830e+01	185350000	-1.258091e+02	-1.633776e+01	-2.065432e+00	-3.431953e+00
R	1.263642e+02	-2.981243e+00	2.980332e+00	185400000	-1.259100e+02	-1.651079e+01	-1.966851e+00	-3.489258e+00
L	-1.261657e+02	-1.670406e+01	185450000	-1.260058e+02	-1.668663e+01	-1.866411e+00	-3.543876e+00
R	1.276565e+02	-2.977055e+00	1.801581e+00	185500000	-1.260966e+02	-1.686513e+01	-1.764196e+00	-3.595735e+00
L	-1.261878e+02	-1.698446e+01	185550000	-1.261822e+02	-1.704616e+01	-1.660290e+00	-3.644764e+00
R	1.268687e+02	-3.022201e+00	1.872448e+00	185600000	-1.262626e+02	-1.722956e+01	-1.554783e+00	-3.690894e+00
L	-1.266832e+02	-1.753449e+01	185650000	-1.263376e+02	-1.741519e+01	-1.447763e+00	-3.734063e+00
R	1.276651e+02	-2.990508e+00	1.456906e+00	185700000	-1.264073e+02	-1.760291e+01	-1.339323e+00	-3.774212e+00
L	-1.263906e+02	-1.782224e+01	185750000	-1.264715e+02	-1.779256e+01	-1.229559e+00	-3.811283e+00
R	1.277625e+02	-3.018194e+00	9.971158e-01	185800000	-1.265302e+02	-1.798398e+01	-1.118565e+00	-3.845224e+00
L	-1.264538e+02	-1.810708e+01	185850000	-1.265834e+02	-1.817702e+01	-1.006441e+00	-3.875987e+00
R	1.279490e+02	-3.013369e+00	1.038383e+00	185900000	-1.266309e+02	-1.837152e+01	-8.932854e-01	-3.903526e+00
L	-1.266119e+02	-1.863709e+01	185950000	-1.266727e+02	-1.856732e+01	-7.791998e-01	-3.927800e+00
R	1.282634e+02	-2.974395e+00	1.084905e+00	186000000	-1.267088e+02	-1.876424e+01	-6.642866e-01	-3.948771e+00
L	-1.268488e+02	-1.898697e+01	186050000	-1.267391e+02	-1.896213e+01	-5.486491e-01	-3.966405e+00
R	1.283024e+02	-3.043323e+00	1.078721e+00	186100000	-1.267636e+02	-1.916082e+01	-4.323921e-01	-3.980673e+00
L	-1.270006e+02	-1.941493e+01	186150000	-1.267823e+02	-1.936014e+01	-3.156210e-01	-3.991547e+00
R	1.289878e+02	-3.018325e+00	4.986475e-01	186200000	-1.267952e+02	-1.955992e+01	-1.984422e-01	-3.999005e+00
L	-1.268637e+02	-1.979350e+01	186250000	-1.268022e+02	-1.975998e+01	-8.096251e-02	-4.003029e+00
R	1.279740e+02	-2.975206e+00	7.774482e-01	186300000	-1.268033e+02	-1.996016e+01	3.671054e-02	-4.003602e+00
L	-1.267223e+02	-2.010808e+01	186350000	-1.267985e+02	-2.016028e+01	1.544691e-01	-4.000714e+00
R	1.283308e+02	-3.010761e+00	3.748279e-01	186400000	-1.267878e+02	-2.036017e+01	2.722051e-01	-3.994357e+00
L	-1.266926e+02	-2.068659e+01	186450000	-1.267713e+02	-2.055965e+01	3.898101e-01	-3.984526e+00
R	1.283744e+02	-2.978901e+00	8.205649e-01	186500000	-1.267488e+02	-2.075856e+01	5.071759e-01	-3.971222e+00
L	-1.265513e+02	-2.075378e+01	186550000	-1.267206e+02	-2.095671e+01	6.241943e-01	-3.954448e+00
R	1.286515e+02	-2.994572e+00	1.010459e-01	186600000	-1.266864e+02	-2.115394e+01	7.407573e-01	-3.934210e+00
L	-1.264178e+02	-2.149867e+01	186650000	-1.266465e+02	-2.135007e+01	8.567571e-01	-3.910520e+00
R	1.284392e+02	-2.969154e+00	-1.385501e-01	186700000	-1.266008e+02	-2.154493e+01	9.720865e-01	-3.883390e+00
L	-1.263743e+02	-2.176807e+01	186750000	-1.265493e+02	-2.173835e+01	1.086639e+00	-3.852840e+00
R	1.283320e+02	-2.875456e+00	-6.743691e-01	186800000	-1.264921e+02	-2.193016e+01	1.200308e+00	-3.818889e+00
L	-1.266352e+02	-2.209930e+01	186850000	-1.264293e+02	-2.212018e+01	1.312989e+00	-3.781563e+00
R	1.281462e+02	-2.971922e+00	-7.882610e-01	186900000	-1.263608e+02	-2.230826e+01	1.424577e+00	-3.740890e+00
L	-1.266292e+02	-2.248130e+01	186950000	-1.262868e+02	-2.249421e+01	1.534968e+00	-3.696901e+00
R	1.282974e+02	-2.928255e+00	-9.208725e-01	187000000	-1.262074e+02	-2.267789e+01	1.644062e+00	-3.649630e+00
L	-1.259490e+02	-2.261283e+01	187050000	-1.261225e+02	-2.285912e+01	1.751755e+00	-3.599116e+00
R	1.282780e+02	-2.946942e+00	-1.289099e+00	187100000	-1.260322e+02	-2.303774e+01	1.857949e+00	-3.545400e+00
L	-1.258433e+02	-2.326318e+01	187150000	-1.259367e+02	-2.321360e+01	1.962545e+00	-3.488527e+00
R	1.272864e+02	-2.961633e+00	-1.062428e+00	187200000	-1.258360e+02	-2.338654e+01	2.065446e+00	-3.428543e+00
L	-1.255973e+02	-2.359663e+01	187250000	-1.257302e+02	-2.355641e+01	2.166557e+00	-3.365499e+00
R	1.276023e+02	-2.962907e+00	-1.624755e+00	187300000	-1.256194e+02	-2.372304e+01	2.265783e+00	-3.299450e+00
L	-1.256791e+02	-2.403742e+01	187350000	-1.255036e+02	-2.388630e+01	2.363034e+00	-3.230451e+00
R	1.276440e+02	-2.945638e+00	-1.646136e+00	187400000	-1.253831e+02	-2.404603e+01	2.458217e+00	-3.158562e+00
L	-1.253786e+02	-2.449135e+01	187450000	-1.252578e+02	-2.420211e+01	2.551246e+00	-3.083845e+00
R	1.274179e+02	-2.919962e+00	-2.461595e+00	187500000	-1.251280e+02	-2.435437e+01	2.642035e+00	-3.006365e+00
L	-1.251208e+02	-2.460491e+01	187550000	-1.249925e+02	-2.450428e+01	2.753351e+00	-2.959569e+00
R	1.277558e+02	-2.913401e+00	-2.340535e+00	187600000	-1.248515e+02	-2.465180e+01	2.859432e+00	-2.912339e+00
L	-1.245886e+02	-2.490266e+01	187650000	-1.247053e+02	-2.479693e+01	2.960528e+00	-2.864967e+00
R	1.270163e+02	-2.999156e+00	-2.738003e+00	187700000	-1.245542e+02	-2.493966e+01	3.056889e+00	-2.817702e+00
L	-1.245414e+02	-2.525528e+01	187750000	-1.243983e+02	-2.508000e+01	3.148757e+00	-2.770762e+00
R	1.269384e+02	-2.971159e+00	-2.327560e+00	187800000	-1.242380e+02	-2.521798e+01	3.236366e+00	-2.724332e+00
L	-1.239900e+02	-2.531797e+01	187850000	-1.240734e+02	-2.535362e+01	3.319942e+00	-2.678569e+00
R	1.268499e+02	-2.931165e+00	-3.013095e+00	187900000	-1.239048e+02	-2.548698e+01	3.399704e+00	-2.633606e+00
L	-1.237971e+02	-2.551803e+01	187950000	-1.237322e+02	-2.561808e+01	3.475858e+00	-2.589552e+00
R	1.258274e+02	-2.908859e+00	-3.015230e+00	188000000	-1.235559e+02	-2.574698e+01	3.548604e+00	-2.546500e+00
L	-1.232833e+02	-2.585607e+01	188050000	-1.233761e+02	-2.587374e+01	3.618129e+00	-2.504522e+00
R	1.256723e+02	-2.885971e+00	-3.169466e+00	188100000	-1.231928e+02	-2.599840e+01	3.684612e+00	-2.463676e+00
L	-1.229610e+02	-2.620088e+01	188150000	-1.230064e+02	-2.612103e+01	3.748222e+00	-2.424007e+00
R	1.253477e+02	-2.928267e+00	-3.377191e+00	188200000	-1.228168e+02	-2.624169e+01	3.809118e+00	-2.385548e+00
L	-1.226335e+02	-2.634026e+01	188250000	-1.226242e+02	-2.636044e+01	3.867451e+00	-2.348322e+00
R	1.250996e+02	-2.899071e+00	-3.165874e+00	188300000	-1.224288e+02	-2.647734e+01	3.923362e+00	-2.312341e+00
L	-1.225388e+02	-2.672954e+01	188350000	-1.222307e+02	-2.659246e+01	3.976984e+00	-2.277612e+00
R	1.248062e+02	-2.955606e+00	-3.674742e+00	188400000	-1.220299e+02	-2.670585e+01	4.028442e+00	-2.244134e+00
L	-1.217300e+02	-2.674464e+01	188450000	-1.218267e+02	-2.681759e+01	4.077854e+00	-2.211901e+00
R	1.240820e+02	-2.962708e+00	-3.480971e+00	188500000	-1.216210e+02	-2.692774e+01	4.125330e+00	-2.180900e+00
L	-1.214586e+02	-2.691372e+01	188550000	-1.214130e+02	-2.703635e+01	4.170973e+00	-2.151116e+00
R	1.240089e+02	-2.920255e+00	-3.911309e+00	188600000	-1.212028e+02	-2.714349e+01	4.214881e+00	-2.122530e+00
L	-1.210328e+02	-2.715932e+01	188650000	-1.209904e+02	-2.724922e+01	4.257143e+00	-2.095119e+00
R	1.239494e+02	-2.952205e+00	-3.421543e+00	188700000	-1.207760e+02	-2.735360e+01	4.297846e+00	-2.068858e+00
L	-1.205691e+02	-2.739132e+01	188750000	-1.205595e+02	-2.745668e+01	4.337068e+00	-2.043721e+00
R	1.235856e+02	-2.930161e+00	-3.552621e+00	188800000	-1.203412e+02	-2.755852e+01	4.374886e+00	-2.019680e+00
L	-1.202300e+02	-2.771594e+01	188850000	-1.201210e+02	-2.765918e+01	4.411368e+00	-1.996705e+00
R	1.227044e+02	-2.960455e+00	-3.227611e+00	188900000	-1.198990e+02	-2.775871e+01	4.446582e+00	-1.974766e+00
L	-1.197003e+02	-2.791885e+01	188950000	-1.196753e+02	-2.785715e+01	4.480588e+00	-1.953831e+00
R	1.232400e+02	-2.963976e+00	-3.588166e+00	189000000	-1.194500e+02	-2.795457e+01	4.513444e+00	-1.933870e+00
L	-1.191861e+02	-2.807187e+01	189050000	-1.192230e+02	-2.805100e+01	4.545204e+00	-1.914849e+00
R	1.222081e+02	-2.918310e+00	-3.569762e+00	189100000	-1.189945e+02	-2.814650e+01	4.575921e+00	-1.896738e+00
L	-1.186124e+02	-2.826121e+01	189150000	-1.187644e+02	-2.824111e+01	4.605641e+00	-1.879505e+00
R	1.216356e+02	-2.906246e+00	-4.377566e+00	189200000	-1.185330e+02	-2.833486e+01	4.634409e+00	-1.863119e+00
L	-1.184220e+02	-2.847297e+01	189250000	-1.183001e+02	-2.842782e+01	4.662269e+00	-1.847547e+00
R	1.212334e+02	-2.924026e+00	-4.236857e+00	189300000	-1.180658e+02	-2.852001e+01	4.689259e+00	-1.832761e+00
L	-1.179862e+02	-2.838368e+01	189350000	-1.178303e+02	-2.861147e+01	4.715417e+00	-1.818729e+00
R	1.204074e+02	-2.881207e+00	-3.976866e+00	189400000	-1.175934e+02	-2.870225e+01	4.740779e+00	-1.805421e+00
L	-1.173823e+02	-2.881706e+01	189450000	-1.173553e+02	-2.879237e+01	4.765378e+00	-1.792810e+00
R	1.206662e+02	-2.898524e+00	-4.014352e+00	189500000	-1.171160e+02	-2.888187e+01	4.789246e+00	-1.780867e+00
L	-1.167943e+02	-2.903210e+01	189550000	-1.168756e+02	-2.897078e+01	4.812411e+00	-1.769563e+00
R	1.199029e+02	-2.888022e+00	-4.094904e+00	189600000	-1.166340e+02	-2.905915e+01	4.834903e+00	-1.758873e+00
L	-1.162737e+02	-2.922990e+01	189650000	-1.163913e+02	-2.914698e+01	4.856747e+00	-1.748770e+00
R	1.205129e+02	-2.946946e+00	-3.753160e+00	189700000	-1.161475e+02	-2.923433e+01	4.877969e+00	-1.739230e+00
L	-1.160242e+02	-2.933720e+01	189750000	-1.159027e+02	-2.932120e+01	4.898592e+00	-1.730226e+00
R	1.198620e+02	-2.836784e+00	-3.876138e+00	189800000	-1.156569e+02	-2.940763e+01	4.918640e+00	-1.721737e+00
L	-1.152907e+02	-2.943275e+01	189850000	-1.154101e+02	-2.949365e+01	4.938133e+00	-1.713738e+00
R	1.184836e+02	-2.925893e+00	-4.399667e+00	189900000	-1.151624e+02	-2.957928e+01	4.957092e+00	-1.706208e+00
L	-1.148228e+02	-2.955648e+01	189950000	-1.149137e+02	-2.966453e+01	4.975535e+00	-1.699126e+00
R	1.187144e+02	-2.845873e+00	-3.982903e+00	190000000	-1.146641e+02	-2.974944e+01	4.993482e+00	-1.692470e+00
L	-1.144077e+02	-3.014771e+01	190050000	-1.144137e+02	-2.983403e+01	5.010950e+00	-1.686221e+00
R	1.183203e+02	-2.891888e+00	-4.582520e+00	190100000	-1.141624e+02	-2.991830e+01	5.027955e+00	-1.680359e+00
L	-1.138851e+02	-3.019635e+01	190150000	-1.139102e+02	-3.000230e+01	5.044513e+00	-1.674867e+00
R	1.175039e+02	-2.926255e+00	-5.161520e+00	190200000	-1.136573e+02	-3.008602e+01	5.060639e+00	-1.669727e+00
L	-1.135096e+02	-2.995085e+01	190250000	-1.134035e+02	-3.016949e+01	5.076348e+00	-1.664921e+00
R	1.171591e+02	-2.857124e+00	-4.525709e+00	190300000	-1.131490e+02	-3.025273e+01	5.091653e+00	-1.660433e+00
L	-1.128340e+02	-3.062004e+01	190350000	-1.128938e+02	-3.033574e+01	5.106568e+00	-1.656249e+00
R	1.164538e+02	-2.904171e+00	-4.925307e+00	190400000	-1.126378e+02	-3.041856e+01	5.121104e+00	-1.652351e+00
L	-1.123645e+02	-3.044303e+01	190450000	-1.123811e+02	-3.050118e+01	5.135274e+00	-1.648727e+00
R	1.163240e+02	-2.877170e+00	-4.325971e+00	190500000	-1.121237e+02	-3.058362e+01	5.149090e+00	-1.645363e+00
L	-1.118570e+02	-3.062552e+01	190550000	-1.118656e+02	-3.066590e+01	5.162562e+00	-1.642245e+00
R	1.155891e+02	-2.856505e+00	-4.429049e+00	190600000	-1.116069e+02	-3.074803e+01	5.175701e+00	-1.639360e+00
L	-1.115023e+02	-3.092897e+01	190650000	-1.113475e+02	-3.083002e+01	5.188517e+00	-1.636697e+00
R	1.156276e+02	-2.909584e+00	-4.697546e+00	190700000	-1.110875e+02	-3.091188e+01	5.201020e+00	-1.634244e+00
L	-1.106741e+02	-3.089277e+01	190750000	-1.108269e+02	-3.099361e+01	5.213219e+00	-1.631989e+00
R	1.151424e+02	-2.849518e+00	-4.697518e+00	190800000	-1.105656e+02	-3.107524e+01	5.225123e+00	-1.629924e+00
L	-1.105708e+02	-3.084876e+01	190850000	-1.103038e+02	-3.115677e+01	5.236741e+00	-1.628036e+00
R	1.146324e+02	-2.891573e+00	-4.568174e+00	190900000	-1.100415e+02	-3.123821e+01	5.248081e+00	-1.626317e+00
L	-1.098736e+02	-3.133519e+01	190950000	-1.097785e+02	-3.131956e+01	5.259151e+00	-1.624757e+00
R	1.141048e+02	-2.883646e+00	-4.051231e+00	191000000	-1.095151e+02	-3.140083e+01	5.269958e+00	-1.623349e+00
L	-1.093016e+02	-3.155004e+01	191050000	-1.092511e+02	-3.148204e+01	5.280510e+00	-1.622082e+00
R	1.138183e+02	-2.894504e+00	-4.593404e+00	191100000	-1.089866e+02	-3.156319e+01	5.290815e+00	-1.620950e+00
L	-1.084043e+02	-3.163035e+01	191150000	-1.087216e+02	-3.164428e+01	5.300878e+00	-1.619944e+00
R	1.130676e+02	-2.874332e+00	-4.922715e+00	191200000	-1.084561e+02	-3.172532e+01	5.310708e+00	-1.619058e+00
L	-1.082236e+02	-3.146484e+01	191250000	-1.081901e+02	-3.180632e+01	5.320309e+00	-1.618285e+00
R	1.128112e+02	-2.838237e+00	-4.445743e+00	191300000	-1.079236e+02	-3.188728e+01	5.329688e+00	-1.617618e+00
L	-1.075129e+02	-3.201773e+01	191350000	-1.076567e+02	-3.196821e+01	5.338852e+00	-1.617050e+00
R	1.120647e+02	-2.853494e+00	-4.527417e+00	191400000	-1.073893e+02	-3.204911e+01	5.347806e+00	-1.616576e+00
L	-1.072663e+02	-3.232568e+01	191450000	-1.071215e+02	-3.212999e+01	5.356555e+00	-1.616190e+00
R	1.113814e+02	-2.837105e+00	-5.000263e+00	191500000	-1.068533e+02	-3.221085e+01	5.365105e+00	-1.615888e+00
L	-1.064690e+02	-3.246367e+01	191550000	-1.065846e+02	-3.229170e+01	5.373461e+00	-1.615662e+00
R	1.110703e+02	-2.887483e+00	-4.493779e+00	191600000	-1.063156e+02	-3.237253e+01	5.381628e+00	-1.615510e+00
L	-1.062759e+02	-3.275485e+01	191650000	-1.060461e+02	-3.245336e+01	5.389611e+00	-1.615426e+00
R	1.106854e+02	-2.833467e+00	-4.453886e+00	191700000	-1.057762e+02	-3.253418e+01	5.397415e+00	-1.615405e+00
L	-1.054798e+02	-3.255162e+01	191750000	-1.055060e+02	-3.261501e+01	5.405044e+00	-1.615444e+00
R	1.102532e+02	-2.834205e+00	-4.276545e+00	191800000	-1.052354e+02	-3.269583e+01	5.412503e+00	-1.615539e+00
L	-1.049963e+02	-3.292284e+01	191850000	-1.049644e+02	-3.277666e+01	5.419797e+00	-1.615686e+00
R	1.101207e+02	-2.808465e+00	-4.521675e+00	191900000	-1.046931e+02	-3.285750e+01	5.426928e+00	-1.615881e+00
L	-1.045028e+02	-3.286602e+01	191950000	-1.044214e+02	-3.293835e+01	5.433901e+00	-1.616122e+00
R	1.097646e+02	-2.848815e+00	-4.495637e+00	192000000	-1.041494e+02	-3.301921e+01	5.440721e+00	-1.616404e+00
L	-1.040777e+02	-3.323894e+01	192050000	-1.038770e+02	-3.310009e+01	5.447390e+00	-1.616724e+00
R	1.090825e+02	-2.811841e+00	-4.805370e+00	192100000	-1.036043e+02	-3.318098e+01	5.453913e+00	-1.617081e+00
L	-1.034939e+02	-3.337317e+01	192150000	-1.033313e+02	-3.326188e+01	5.460294e+00	-1.617471e+00
R	1.089319e+02	-2.826822e+00	-4.442719e+00	192200000	-1.030580e+02	-3.334281e+01	5.466534e+00	-1.617892e+00
L	-1.026968e+02	-3.338292e+01	192250000	-1.027844e+02	-3.342376e+01	5.472639e+00	-1.618340e+00
R	1.079811e+02	-2.835460e+00	-4.365329e+00	192300000	-1.025105e+02	-3.350473e+01	5.478612e+00	-1.618815e+00
L	-1.022227e+02	-3.363298e+01	192350000	-1.022363e+02	-3.358572e+01	5.484454e+00	-1.619314e+00
R	1.075382e+02	-2.823716e+00	-4.585823e+00	192400000	-1.019618e+02	-3.366674e+01	5.490171e+00	-1.619834e+00
L	-1.018134e+02	-3.401298e+01	192450000	-1.016870e+02	-3.374779e+01	5.495764e+00	-1.620374e+00
R	1.062470e+02	-2.863770e+00	-5.006569e+00	192500000	-1.014119e+02	-3.382886e+01	5.501236e+00	-1.620931e+00
L	-1.012233e+02	-3.390883e+01	192550000	-1.011366e+02	-3.390996e+01	5.506590e+00	-1.621505e+00
R	1.065790e+02	-2.800242e+00	-5.057608e+00	192600000	-1.008610e+02	-3.399108e+01	5.511830e+00	-1.622094e+00
L	-1.003008e+02	-3.408939e+01	192650000	-1.005852e+02	-3.407224e+01	5.516958e+00	-1.622695e+00
R	1.057847e+02	-2.816292e+00	-4.623468e+00	192700000	-1.003091e+02	-3.415342e+01	5.521976e+00	-1.623308e+00
L	-9.997970e+01	-3.431701e+01	192750000	-1.000327e+02	-3.423464e+01	5.526886e+00	-1.623932e+00
R	1.059547e+02	-2.857004e+00	-4.559013e+00	192800000	-9.975616e+01	-3.431588e+01	5.531693e+00	-1.624564e+00
L	-9.936387e+01	-3.440458e+01	192850000	-9.947934e+01	-3.439716e+01	5.536397e+00	-1.625204e+00
R	1.047386e+02	-2.804675e+00	-4.421385e+00	192900000	-9.920230e+01	-3.447847e+01	5.541001e+00	-1.625851e+00
L	-9.891312e+01	-3.463811e+01	192950000	-9.892503e+01	-3.455981e+01	5.545507e+00	-1.626503e+00
R	1.039407e+02	-2.794803e+00	-5.281939e+00	193000000	-9.864754e+01	-3.464118e+01	5.549918e+00	-1.627159e+00
L	-9.820490e+01	-3.483902e+01	193050000	-9.836983e+01	-3.472259e+01	5.554236e+00	-1.627820e+00
R	1.044300e+02	-2.770935e+00	-4.702333e+00	193100000	-9.809191e+01	-3.480403e+01	5.558463e+00	-1.628482e+00
L	-9.784420e+01	-3.459270e+01	193150000	-9.781378e+01	-3.488550e+01	5.562601e+00	-1.629147e+00
R	1.035349e+02	-2.806300e+00	-4.829701e+00	193200000	-9.753545e+01	-3.496700e+01	5.566652e+00	-1.629813e+00
L	-9.736920e+01	-3.504700e+01	193250000	-9.725693e+01	-3.504853e+01	5.570618e+00	-1.630480e+00
R	1.030994e+02	-2.874672e+00	-5.000112e+00	193300000	-9.697820e+01	-3.513010e+01	5.574500e+00	-1.631146e+00
L	-9.650782e+01	-3.508270e+01	193350000	-9.669929e+01	-3.521170e+01	5.578302e+00	-1.631811e+00
R	1.033772e+02	-2.840791e+00	-5.276498e+00	193400000	-9.642019e+01	-3.529334e+01	5.582023e+00	-1.632475e+00
L	-9.597892e+01	-3.553269e+01	193450000	-9.614091e+01	-3.537500e+01	5.585667e+00	-1.633136e+00
R	1.024727e+02	-2.806713e+00	-4.320849e+00	193500000	-9.586145e+01	-3.545670e+01	5.589235e+00	-1.633796e+00
L	-9.562935e+01	-3.556015e+01	193550000	-9.558182e+01	-3.553843e+01	5.592729e+00	-1.634452e+00
R	1.021914e+02	-2.761128e+00	-4.862853e+00	193600000	-9.530201e+01	-3.562020e+01	5.596150e+00	-1.635105e+00
L	-9.543813e+01	-3.546394e+01	193650000	-9.502204e+01	-3.570199e+01	5.599500e+00	-1.635754e+00
R	1.012428e+02	-2.772364e+00	-4.936114e+00	193700000	-9.474190e+01	-3.578382e+01	5.602780e+00	-1.636398e+00
L	-9.447891e+01	-3.598736e+01	193750000	-9.446161e+01	-3.586568e+01	5.605992e+00	-1.637038e+00
R	1.006008e+02	-2.852617e+00	-4.436786e+00	193800000	-9.418115e+01	-3.594757e+01	5.609138e+00	-1.637674e+00
L	-9.386801e+01	-3.614887e+01	193850000	-9.390054e+01	-3.602949e+01	5.612218e+00	-1.638304e+00
R	1.006891e+02	-2.780177e+00	-4.781687e+00	193900000	-9.361978e+01	-3.611144e+01	5.615235e+00	-1.638929e+00
L	-9.349337e+01	-3.596392e+01	193950000	-9.333887e+01	-3.619342e+01	5.618189e+00	-1.639548e+00
R	1.005119e+02	-2.801476e+00	-4.952589e+00	194000000	-9.305782e+01	-3.627544e+01	5.621082e+00	-1.640161e+00
L	-9.281754e+01	-3.624074e+01	194050000	-9.277663e+01	-3.635748e+01	5.623916e+00	-1.640768e+00
R	9.943076e+01	-2.771363e+00	-4.396791e+00	194100000	-9.249529e+01	-3.643955e+01	5.626691e+00	-1.641369e+00
L	-9.218269e+01	-3.656301e+01	194150000	-9.221383e+01	-3.652166e+01	5.629410e+00	-1.641963e+00
R	9.889660e+01	-2.773608e+00	-4.326077e+00	194200000	-9.193222e+01	-3.660379e+01	5.632072e+00	-1.642551e+00
L	-9.165336e+01	-3.669049e+01	194250000	-9.165049e+01	-3.668595e+01	5.634679e+00	-1.643132e+00
R	9.848669e+01	-2.731150e+00	-4.739258e+00	194300000	-9.136863e+01	-3.676814e+01	5.637233e+00	-1.643707e+00
L	-9.079619e+01	-3.698060e+01	194350000	-9.108664e+01	-3.685036e+01	5.639735e+00	-1.644274e+00
R	9.758544e+01	-2.748152e+00	-4.501481e+00	194400000	-9.080454e+01	-3.693260e+01	5.642185e+00	-1.644835e+00
L	-9.058674e+01	-3.652156e+01	194450000	-9.052231e+01	-3.701487e+01	5.644585e+00	-1.645388e+00
R	9.769842e+01	-2.713967e+00	-4.412699e+00	194500000	-9.023996e+01	-3.709717e+01	5.646936e+00	-1.645934e+00
L	-8.990629e+01	-3.731789e+01	194550000	-8.995750e+01	-3.717950e+01	5.649239e+00	-1.646473e+00
R	9.715548e+01	-2.731629e+00	-4.982313e+00	194600000	-8.967493e+01	-3.726185e+01	5.651494e+00	-1.647005e+00
L	-8.973843e+01	-3.716111e+01	194650000	-8.939224e+01	-3.734423e+01	5.653704e+00	-1.647530e+00
R	9.684060e+01	-2.730457e+00	-4.659507e+00	194700000	-8.910945e+01	-3.742664e+01	5.655868e+00	-1.648047e+00
L	-8.870400e+01	-3.771719e+01	194750000	-8.882655e+01	-3.750907e+01	5.657988e+00	-1.648557e+00
R	9.601620e+01	-2.757436e+00	-4.211535e+00	194800000	-8.854355e+01	-3.759152e+01	5.660065e+00	-1.649060e+00
L	-8.830115e+01	-3.776542e+01	194850000	-8.826044e+01	-3.767400e+01	5.662100e+00	-1.649555e+00
R	9.598784e+01	-2.707485e+00	-4.594292e+00	194900000	-8.797724e+01	-3.775651e+01	5.664093e+00	-1.650044e+00
L	-8.763372e+01	-3.803183e+01	194950000	-8.769394e+01	-3.783904e+01	5.666046e+00	-1.650524e+00
R	9.511028e+01	-2.760199e+00	-4.625373e+00	195000000	-8.741054e+01	-3.792159e+01	5.667959e+00	-1.650998e+00
L	-8.701272e+01	-3.811718e+01	195050000	-8.712705e+01	-3.800416e+01	5.669833e+00	-1.651465e+00
R	9.503691e+01	-2.703502e+00	-4.802051e+00	195100000	-8.684347e+01	-3.808676e+01	5.671668e+00	-1.651924e+00
L	-8.623653e+01	-3.820864e+01	195150000	-8.655979e+01	-3.816938e+01	5.673467e+00	-1.652376e+00
R	9.404773e+01	-2.752425e+00	-4.380675e+00	195200000	-8.627603e+01	-3.825202e+01	5.675229e+00	-1.652821e+00
L	-8.602222e+01	-3.831570e+01	195250000	-8.599219e+01	-3.833469e+01	5.676955e+00	-1.653259e+00
R	9.322154e+01	-2.747482e+00	-4.948363e+00	195300000	-8.570825e+01	-3.841737e+01	5.678646e+00	-1.653690e+00
L	-8.530417e+01	-3.859546e+01	195350000	-8.542424e+01	-3.850008e+01	5.680303e+00	-1.654114e+00
R	9.330586e+01	-2.714447e+00	-4.133306e+00	195400000	-8.514014e+01	-3.858281e+01	5.681926e+00	-1.654531e+00
L	-8.472509e+01	-3.853089e+01	195450000	-8.485597e+01	-3.866556e+01	5.683517e+00	-1.654941e+00
R	9.279677e+01	-2.721976e+00	-4.468872e+00	195500000	-8.457171e+01	-3.874833e+01	5.685075e+00	-1.655345e+00
L	-8.443710e+01	-3.884455e+01	195550000	-8.428738e+01	-3.883111e+01	5.686601e+00	-1.655742e+00
R	9.259736e+01	-2.686164e+00	-5.037309e+00	195600000	-8.400298e+01	-3.891392e+01	5.688097e+00	-1.656132e+00
L	-8.376709e+01	-3.898435e+01	195650000	-8.371850e+01	-3.899675e+01	5.689562e+00	-1.656516e+00
R	9.266437e+01	-2.684527e+00	-4.609883e+00	195700000	-8.343395e+01	-3.907959e+01	5.690998e+00	-1.656893e+00
L	-8.325858e+01	-3.906072e+01	195750000	-8.314933e+01	-3.916246e+01	5.692405e+00	-1.657263e+00
R	9.183112e+01	-2.726013e+00	-4.405057e+00	195800000	-8.286464e+01	-3.924534e+01	5.693783e+00	-1.657628e+00
L	-8.235131e+01	-3.923630e+01	195850000	-8.257989e+01	-3.932824e+01	5.695133e+00	-1.657986e+00
R	9.102040e+01	-2.738719e+00	-4.229339e+00	195900000	-8.229506e+01	-3.941116e+01	5.696456e+00	-1.658338e+00
L	-8.197695e+01	-3.934206e+01	195950000	-8.201018e+01	-3.949409e+01	5.697753e+00	-1.658683e+00
R	9.119164e+01	-2.711940e+00	-4.399843e+00	196000000	-8.172523e+01	-3.957705e+01	5.699023e+00	-1.659023e+00
L	-8.157227e+01	-3.992196e+01	196050000	-8.144021e+01	-3.966002e+01	5.700267e+00	-1.659357e+00
R	9.028268e+01	-2.661629e+00	-4.356457e+00	196100000	-8.115514e+01	-3.974300e+01	5.701487e+00	-1.659684e+00
L	-8.087117e+01	-4.005385e+01	196150000	-8.087001e+01	-3.982600e+01	5.702682e+00	-1.660006e+00
R	8.996896e+01	-2.681568e+00	-4.372847e+00	196200000	-8.058481e+01	-3.990902e+01	5.703852e+00	-1.660323e+00
L	-8.036012e+01	-4.003829e+01	196250000	-8.029956e+01	-3.999205e+01	5.705000e+00	-1.660633e+00
R	8.965548e+01	-2.665670e+00	-4.917800e+00	196300000	-8.001426e+01	-4.007510e+01	5.706124e+00	-1.660938e+00
L	-7.968231e+01	-4.020579e+01	196350000	-7.972890e+01	-4.015816e+01	5.707225e+00	-1.661238e+00
R	8.908915e+01	-2.650698e+00	-4.129830e+00	196400000	-7.944348e+01	-4.024124e+01	5.708304e+00	-1.661532e+00
L	-7.888175e+01	-4.035449e+01	196450000	-7.915801e+01	-4.032433e+01	5.709361e+00	-1.661821e+00
R	8.882637e+01	-2.699787e+00	-4.126891e+00	196500000	-7.887249e+01	-4.040744e+01	5.710398e+00	-1.662104e+00
L	-7.879115e+01	-4.035875e+01	196550000	-7.858692e+01	-4.049056e+01	5.711413e+00	-1.662383e+00
R	8.786765e+01	-2.702378e+00	-4.131064e+00	196600000	-7.830130e+01	-4.057369e+01	5.712408e+00	-1.662656e+00
L	-7.790526e+01	-4.040263e+01	196650000	-7.801564e+01	-4.065684e+01	5.713382e+00	-1.662924e+00
R	8.765843e+01	-2.674177e+00	-4.308951e+00	196700000	-7.772992e+01	-4.074000e+01	5.714337e+00	-1.663187e+00
L	-7.763258e+01	-4.094594e+01	196750000	-7.744416e+01	-4.082317e+01	5.715273e+00	-1.663446e+00
R	8.736827e+01	-2.691675e+00	-4.930009e+00	196800000	-7.715835e+01	-4.090636e+01	5.716190e+00	-1.663699e+00
L	-7.709493e+01	-4.097972e+01	196850000	-7.687249e+01	-4.098956e+01	5.717089e+00	-1.663948e+00
R	8.654526e+01	-2.620025e+00	-4.009161e+00	196900000	-7.658659e+01	-4.107277e+01	5.717970e+00	-1.664193e+00
L	-7.620337e+01	-4.118781e+01	196950000	-7.630065e+01	-4.115599e+01	5.718833e+00	-1.664432e+00
R	8.651316e+01	-2.681782e+00	-4.130654e+00	197000000	-7.601467e+01	-4.123922e+01	5.719678e+00	-1.664668e+00
L	-7.560156e+01	-4.131365e+01	197050000	-7.572864e+01	-4.132247e+01	5.720507e+00	-1.664898e+00
R	8.566964e+01	-2.689809e+00	-4.279020e+00	197100000	-7.544258e+01	-4.140572e+01	5.721318e+00	-1.665125e+00
L	-7.518676e+01	-4.116792e+01	197150000	-7.515647e+01	-4.148899e+01	5.722114e+00	-1.665347e+00
R	8.521335e+01	-2.681823e+00	-4.098521e+00	197200000	-7.487033e+01	-4.157227e+01	5.722894e+00	-1.665565e+00
L	-7.465556e+01	-4.123714e+01	197250000	-7.458414e+01	-4.165556e+01	5.723658e+00	-1.665779e+00
R	8.484932e+01	-2.583730e+00	-4.452647e+00	197300000	-7.429792e+01	-4.173886e+01	5.724406e+00	-1.665989e+00
L	-7.401447e+01	-4.186272e+01	197350000	-7.401167e+01	-4.182217e+01	5.725140e+00	-1.666195e+00
R	8.451535e+01	-2.584274e+00	-3.986088e+00	197400000	-7.372537e+01	-4.190549e+01	5.725858e+00	-1.666397e+00
L	-7.358183e+01	-4.179707e+01	197450000	-7.343905e+01	-4.198882e+01	5.726563e+00	-1.666595e+00
R	8.413531e+01	-2.579405e+00	-4.078354e+00	197500000	-7.315268e+01	-4.207216e+01	5.727253e+00	-1.666789e+00
L	-7.298429e+01	-4.214560e+01	197550000	-7.286634e+01	-4.215569e+01	5.725841e+00	-1.674139e+00
R	8.372254e+01	-2.667037e+00	-3.683670e+00	197600000	-7.258012e+01	-4.223975e+01	5.722406e+00	-1.688280e+00
L	-7.238338e+01	-4.243997e+01	197650000	-7.229412e+01	-4.232469e+01	5.716998e+00	-1.708861e+00
R	8.313654e+01	-2.601554e+00	-4.649166e+00	197700000	-7.200843e+01	-4.241080e+01	5.709646e+00	-1.735542e+00
L	-7.188113e+01	-4.246929e+01	197750000	-7.172317e+01	-4.249839e+01	5.700360e+00	-1.767992e+00
R	8.280785e+01	-2.585765e+00	-3.769059e+00	197800000	-7.143841e+01	-4.258775e+01	5.689133e+00	-1.805893e+00
L	-7.102097e+01	-4.271767e+01	197850000	-7.115427e+01	-4.267912e+01	5.675945e+00	-1.848935e+00
R	8.255224e+01	-2.619110e+00	-3.303134e+00	197900000	-7.087084e+01	-4.277277e+01	5.660766e+00	-1.896819e+00
L	-7.050653e+01	-4.283242e+01	197950000	-7.058821e+01	-4.286893e+01	5.643557e+00	-1.949255e+00
R	8.251059e+01	-2.538040e+00	-3.319730e+00	198000000	-7.030650e+01	-4.296781e+01	5.624272e+00	-2.005963e+00
L	-7.027641e+01	-4.303222e+01	198050000	-7.002580e+01	-4.306964e+01	5.602862e+00	-2.066670e+00
R	8.256968e+01	-2.593687e+00	-3.646209e+00	198100000	-6.974624e+01	-4.317459e+01	5.579271e+00	-2.131113e+00
L	-6.957747e+01	-4.320788e+01	198150000	-6.946790e+01	-4.328285e+01	5.553445e+00	-2.199033e+00
R	8.156374e+01	-2.542124e+00	-3.789731e+00	198200000	-6.919092e+01	-4.339458e+01	5.525325e+00	-2.270183e+00
L	-6.896335e+01	-4.348361e+01	198250000	-6.891539e+01	-4.350995e+01	5.494856e+00	-2.344319e+00
R	8.122071e+01	-2.584966e+00	-3.244163e+00	198300000	-6.864146e+01	-4.362910e+01	5.461982e+00	-2.421205e+00
L	-6.841712e+01	-4.373498e+01	198350000	-6.836923e+01	-4.375215e+01	5.426647e+00	-2.500612e+00
R	8.060303e+01	-2.532505e+00	-3.704010e+00	198400000	-6.809882e+01	-4.387923e+01	5.388799e+00	-2.582315e+00
L	-6.793084e+01	-4.380094e+01	198450000	-6.783038e+01	-4.401045e+01	5.348390e+00	-2.666098e+00
R	8.006116e+01	-2.500268e+00	-3.115323e+00	198500000	-6.756402e+01	-4.414590e+01	5.305371e+00	-2.751747e+00
L	-6.734465e+01	-4.428821e+01	198550000	-6.729987e+01	-4.428568e+01	5.259701e+00	-2.839054e+00
R	8.074639e+01	-2.560823e+00	-2.530540e+00	198600000	-6.703808e+01	-4.442986e+01	5.211340e+00	-2.927817e+00
L	-6.663446e+01	-4.434437e+01	198650000	-6.677877e+01	-4.457851e+01	5.160253e+00	-3.017840e+00
R	8.023369e+01	-2.567897e+00	-2.870208e+00	198700000	-6.652209e+01	-4.473169e+01	5.106409e+00	-3.108928e+00
L	-6.637239e+01	-4.493895e+01	198750000	-6.626817e+01	-4.488945e+01	5.049781e+00	-3.200894e+00
R	7.974800e+01	-2.519393e+00	-2.855553e+00	198800000	-6.601715e+01	-4.505182e+01	4.990349e+00	-3.293555e+00
L	-6.586676e+01	-4.510022e+01	198850000	-6.576917e+01	-4.521884e+01	4.928093e+00	-3.386732e+00
R	7.959936e+01	-2.539110e+00	-1.823790e+00	198900000	-6.552438e+01	-4.539052e+01	4.863003e+00	-3.480249e+00
L	-6.505997e+01	-4.538459e+01	198950000	-6.528291e+01	-4.556689e+01	4.795069e+00	-3.573935e+00
R	7.929357e+01	-2.585322e+00	-1.740670e+00	199000000	-6.504491e+01	-4.574794e+01	4.724288e+00	-3.667626e+00
L	-6.496414e+01	-4.600640e+01	199050000	-6.481053e+01	-4.593367e+01	4.650662e+00	-3.761158e+00
R	7.911066e+01	-2.488022e+00	-1.634555e+00	199100000	-6.457989e+01	-4.612407e+01	4.574196e+00	-3.854373e+00
L	-6.438260e+01	-4.617459e+01	199150000	-6.435315e+01	-4.631912e+01	4.494900e+00	-3.947117e+00
R	7.935546e+01	-2.522227e+00	-1.119525e+00	199200000	-6.413044e+01	-4.651879e+01	4.412790e+00	-4.039240e+00
L	-6.368089e+01	-4.659954e+01	199250000	-6.391191e+01	-4.672305e+01	4.327884e+00	-4.130597e+00
R	7.907529e+01	-2.492255e+00	-8.603319e-01	199300000	-6.369769e+01	-4.693186e+01	4.240205e+00	-4.221044e+00
L	-6.328597e+01	-4.719717e+01	199350000	-6.348793e+01	-4.714516e+01	4.149782e+00	-4.310444e+00
R	7.923062e+01	-2.435951e+00	-8.592703e-01	199400000	-6.328275e+01	-4.736290e+01	4.056645e+00	-4.398662e+00
L	-6.308433e+01	-4.735121e+01	199450000	-6.308230e+01	-4.758502e+01	3.960831e+00	-4.485569e+00
R	7.955107e+01	-2.466380e+00	-1.922516e-01	199500000	-6.288671e+01	-4.781145e+01	3.862377e+00	-4.571036e+00
L	-6.270787e+01	-4.830363e+01	199550000	-6.269610e+01	-4.804212e+01	3.761328e+00	-4.654942e+00
R	7.871456e+01	-2.451840e+00	-1.461418e-01	199600000	-6.251062e+01	-4.827693e+01	3.657730e+00	-4.737168e+00
L	-6.237167e+01	-4.848551e+01	199650000	-6.233037e+01	-4.851582e+01	3.551632e+00	-4.817599e+00
R	7.895109e+01	-2.490158e+00	-3.459200e-01	199700000	-6.215549e+01	-4.875868e+01	3.443089e+00	-4.896123e+00
L	-6.192535e+01	-4.900845e+01	199750000	-6.198610e+01	-4.900541e+01	3.332155e+00	-4.972633e+00
R	7.911897e+01	-2.481103e+00	8.259191e-01	199800000	-6.182231e+01	-4.925592e+01	3.218892e+00	-5.047025e+00
L	-6.179351e+01	-4.929008e+01	199850000	-6.166424e+01	-4.951009e+01	3.103361e+00	-5.119199e+00
R	7.936570e+01	-2.432357e+00	8.738533e-01	199900000	-6.151201e+01	-4.976782e+01	2.985627e+00	-5.189059e+00
L	-6.170466e+01	-5.018844e+01	199950000	-6.136571e+01	-5.002897e+01	2.865758e+00	-5.256513e+00
R	7.870711e+01	-2.452857e+00	1.373844e+00	200000000	-6.122547e+01	-5.029344e+01	2.743825e+00	-5.321471e+00
L	-6.078359e+01	-5.066539e+01	200050000	-6.109136e+01	-5.056109e+01	2.619899e+00	-5.383848e+00
R	7.922675e+01	-2.495470e+00	2.394683e+00	200100000	-6.096351e+01	-5.083180e+01	2.494057e+00	-5.443562e+00
L	-6.074889e+01	-5.091282e+01	200150000	-6.084199e+01	-5.110542e+01	2.366375e+00	-5.500537e+00
R	7.942236e+01	-2.448715e+00	1.800402e+00	200200000	-6.072690e+01	-5.138181e+01	2.236932e+00	-5.554696e+00
L	-6.096264e+01	-5.177614e+01	200250000	-6.061832e+01	-5.166085e+01	2.105810e+00	-5.605971e+00
R	7.973984e+01	-2.423600e+00	2.533674e+00	200300000	-6.051634e+01	-5.194238e+01	1.973091e+00	-5.654293e+00
L	-6.038143e+01	-5.231967e+01	200350000	-6.042104e+01	-5.222624e+01	1.838860e+00	-5.699599e+00
R	7.972634e+01	-2.444626e+00	3.036549e+00	200400000	-6.033248e+01	-5.251230e+01	1.703202e+00	-5.741828e+00
L	-6.022001e+01	-5.280595e+01	200450000	-6.025074e+01	-5.280038e+01	1.566206e+00	-5.780925e+00
R	8.073401e+01	-2.401044e+00	2.916968e+00	200500000	-6.017588e+01	-5.309035e+01	1.427960e+00	-5.816836e+00
L	-6.027977e+01	-5.323698e+01	200550000	-6.010796e+01	-5.338202e+01	1.288554e+00	-5.849512e+00
R	8.019059e+01	-2.415049e+00	2.682654e+00	200600000	-6.004704e+01	-5.367525e+01	1.148079e+00	-5.878905e+00
L	-5.975123e+01	-5.388764e+01	200650000	-5.999317e+01	-5.396987e+01	1.006629e+00	-5.904974e+00
R	8.075311e+01	-2.435837e+00	3.190966e+00	200700000	-5.994640e+01	-5.426570e+01	8.642946e-01	-5.927679e+00
L	-5.987052e+01	-5.485851e+01	200750000	-5.990676e+01	-5.456259e+01	7.211715e-01	-5.946982e+00
R	8.145025e+01	-2.371315e+00	3.571128e+00	200800000	-5.987429e+01	-5.486036e+01	5.773539e-01	-5.962853e+00
L	-5.979332e+01	-5.500813e+01	200850000	-5.984903e+01	-5.515883e+01	4.329372e-01	-5.975260e+00
R	8.178386e+01	-2.386349e+00	3.673966e+00	200900000	-5.983101e+01	-5.545783e+01	2.880173e-01	-5.984179e+00
L	-5.987714e+01	-5.576218e+01	200950000	-5.982024e+01	-5.575720e+01	1.426905e-01	-5.989584e+00
R	8.134995e+01	-2.378215e+00	3.724623e+00	201000000	-5.981674e+01	-5.605674e+01	-2.946486e-03	-5.991457e+00
L	-5.979459e+01	-5.635777e+01	201050000	-5.982054e+01	-5.635629e+01	-1.487966e-01	-5.989781e+00
R	8.229610e+01	-2.437371e+00	4.467261e+00	201100000	-5.983163e+01	-5.665567e+01	-2.947628e-01	-5.984541e+00
L	-5.981386e+01	-5.693575e+01	201150000	-5.985002e+01	-5.695469e+01	-4.407476e-01	-5.975728e+00
R	8.292470e+01	-2.404240e+00	4.900000e+00	201200000	-5.987570e+01	-5.725319e+01	-5.866539e-01	-5.963334e+00
L	-5.990417e+01	-5.742630e+01	201250000	-5.990868e+01	-5.755097e+01	-7.323842e-01	-5.947354e+00
R	8.303909e+01	-2.395207e+00	4.834053e+00	201300000	-5.994894e+01	-5.784787e+01	-8.778415e-01	-5.927786e+00
L	-5.995476e+01	-5.814394e+01	201350000	-5.999646e+01	-5.814370e+01	-1.022929e+00	-5.904632e+00
R	8.416827e+01	-2.418689e+00	4.951666e+00	201400000	-6.005123e+01	-5.843828e+01	-1.167550e+00	-5.877897e+00
L	-6.032062e+01	-5.847074e+01	201450000	-6.011321e+01	-5.873144e+01	-1.311607e+00	-5.847587e+00
R	8.438291e+01	-2.319334e+00	5.596794e+00	201500000	-6.018238e+01	-5.902299e+01	-1.455006e+00	-5.813712e+00
L	-6.035264e+01	-5.937064e+01	201550000	-6.025870e+01	-5.931276e+01	-1.597651e+00	-5.776286e+00
R	8.523517e+01	-2.385714e+00	5.228151e+00	201600000	-6.034213e+01	-5.960056e+01	-1.739446e+00	-5.735323e+00
L	-6.048984e+01	-6.005426e+01	201650000	-6.043263e+01	-5.988624e+01	-1.880298e+00	-5.690843e+00
R	8.595564e+01	-2.337736e+00	5.295407e+00	201700000	-6.053015e+01	-6.016960e+01	-2.020114e+00	-5.642865e+00
L	-6.083570e+01	-6.046930e+01	201750000	-6.063463e+01	-6.045047e+01	-2.158800e+00	-5.591415e+00
R	8.609445e+01	-2.302998e+00	6.159882e+00	201800000	-6.074601e+01	-6.072869e+01	-2.296264e+00	-5.536517e+00
L	-6.083412e+01	-6.075903e+01	201850000	-6.086424e+01	-6.100407e+01	-2.432415e+00	-5.478201e+00
R	8.652579e+01	-2.325764e+00	5.717268e+00	201900000	-6.098923e+01	-6.127646e+01	-2.567164e+00	-5.416498e+00
L	-6.119682e+01	-6.131567e+01	201950000	-6.112093e+01	-6.154567e+01	-2.700422e+00	-5.351442e+00
R	8.696081e+01	-2.371114e+00	5.479212e+00	202000000	-6.125925e+01	-6.181155e+01	-2.832099e+00	-5.283069e+00
L	-6.127129e+01	-6.195795e+01	202050000	-6.140412e+01	-6.207393e+01	-2.962109e+00	-5.211418e+00
R	8.784052e+01	-2.344824e+00	5.406526e+00	202100000	-6.155544e+01	-6.233264e+01	-3.090367e+00	-5.136530e+00
L	-6.152617e+01	-6.248288e+01	202150000	-6.171312e+01	-6.258753e+01	-3.216788e+00	-5.058448e+00
R	8.831269e+01	-2.375556e+00	5.667596e+00	202200000	-6.187709e+01	-6.283844e+01	-3.341289e+00	-4.977218e+00
L	-6.195103e+01	-6.319745e+01	202250000	-6.204722e+01	-6.308521e+01	-3.463787e+00	-4.892887e+00
R	8.897722e+01	-2.341791e+00	6.067381e+00	202300000	-6.222343e+01	-6.332768e+01	-3.584202e+00	-4.805507e+00
L	-6.225963e+01	-6.344455e+01	202350000	-6.240561e+01	-6.356571e+01	-3.702456e+00	-4.715128e+00
R	8.945982e+01	-2.373454e+00	5.901732e+00	202400000	-6.259365e+01	-6.379915e+01	-3.818470e+00	-4.621806e+00
L	-6.258466e+01	-6.399444e+01	202450000	-6.278742e+01	-6.402785e+01	-3.932169e+00	-4.525596e+00
R	9.050720e+01	-2.388474e+00	6.448671e+00	202500000	-6.298683e+01	-6.425166e+01	-4.043477e+00	-4.426556e+00
L	-6.333977e+01	-6.468069e+01	202550000	-6.318955e+01	-6.446840e+01	-4.105412e+00	-4.286603e+00
R	9.029311e+01	-2.376681e+00	6.350817e+00	202600000	-6.339515e+01	-6.467831e+01	-4.158967e+00	-4.151974e+00
L	-6.374828e+01	-6.481790e+01	202650000	-6.360324e+01	-6.488167e+01	-4.204911e+00	-4.022649e+00
R	9.108125e+01	-2.394883e+00	5.890042e+00	202700000	-6.381345e+01	-6.507873e+01	-4.243947e+00	-3.898571e+00
L	-6.400012e+01	-6.545268e+01	202750000	-6.402545e+01	-6.526976e+01	-4.276723e+00	-3.779652e+00
R	9.202155e+01	-2.372763e+00	5.097327e+00	202800000	-6.423896e+01	-6.545500e+01	-4.303830e+00	-3.665784e+00
L	-6.429885e+01	-6.569831e+01	202850000	-6.445370e+01	-6.563471e+01	-4.325808e+00	-3.556838e+00
R	9.191670e+01	-2.364589e+00	5.329339e+00	202900000	-6.466942e+01	-6.580913e+01	-4.343150e+00	-3.452674e+00
L	-6.489651e+01	-6.616079e+01	202950000	-6.488591e+01	-6.597848e+01	-4.356307e+00	-3.353139e+00
R	9.314470e+01	-2.334070e+00	5.311705e+00	203000000	-6.510298e+01	-6.614300e+01	-4.365688e+00	-3.258076e+00
L	-6.505271e+01	-6.627729e+01	203050000	-6.532043e+01	-6.630291e+01	-4.371667e+00	-3.167322e+00
R	9.345881e+01	-2.353070e+00	5.265343e+00	203100000	-6.553812e+01	-6.645841e+01	-4.374586e+00	-3.080711e+00
L	-6.556823e+01	-6.668825e+01	203150000	-6.575590e+01	-6.660970e+01	-4.374754e+00	-2.998078e+00
R	9.411259e+01	-2.371551e+00	4.961141e+00	203200000	-6.597363e+01	-6.675699e+01	-4.372452e+00	-2.919258e+00
L	-6.633265e+01	-6.712096e+01	203250000	-6.619120e+01	-6.690045e+01	-4.367938e+00	-2.844087e+00
R	9.451535e+01	-2.389610e+00	5.315226e+00	203300000	-6.640851e+01	-6.704026e+01	-4.361445e+00	-2.772405e+00
L	-6.648856e+01	-6.722731e+01	203350000	-6.662547e+01	-6.717659e+01	-4.353185e+00	-2.704057e+00
R	9.507222e+01	-2.338240e+00	5.234436e+00	203400000	-6.684198e+01	-6.730960e+01	-4.343350e+00	-2.638889e+00
L	-6.721427e+01	-6.737747e+01	203450000	-6.705798e+01	-6.743945e+01	-4.332115e+00	-2.576753e+00
R	9.568162e+01	-2.361322e+00	4.949281e+00	203500000	-6.727340e+01	-6.756629e+01	-4.319640e+00	-2.517507e+00
L	-6.757539e+01	-6.735941e+01	203550000	-6.748818e+01	-6.769025e+01	-4.306069e+00	-2.461012e+00
R	9.607791e+01	-2.362201e+00	5.141802e+00	203600000	-6.770227e+01	-6.781147e+01	-4.291533e+00	-2.407136e+00
L	-6.793699e+01	-6.787985e+01	203650000	-6.791562e+01	-6.793007e+01	-4.276152e+00	-2.355752e+00
R	9.650812e+01	-2.310561e+00	4.545313e+00	203700000	-6.812820e+01	-6.804618e+01	-4.260032e+00	-2.306736e+00
L	-6.804159e+01	-6.801238e+01	203750000	-6.833998e+01	-6.815991e+01	-4.243273e+00	-2.259973e+00
R	9.705159e+01	-2.333125e+00	4.889455e+00	203800000	-6.855091e+01	-6.827137e+01	-4.225964e+00	-2.215351e+00
L	-6.869058e+01	-6.835799e+01	203850000	-6.876098e+01	-6.838066e+01	-4.208185e+00	-2.172762e+00
R	9.764050e+01	-2.348788e+00	4.728423e+00	203900000	-6.897016e+01	-6.848788e+01	-4.190009e+00	-2.132106e+00
L	-6.933021e+01	-6.836292e+01	203950000	-6.917845e+01	-6.859313e+01	-4.171503e+00	-2.093285e+00
R	9.776442e+01	-2.317108e+00	4.574853e+00	204000000	-6.938581e+01	-6.869650e+01	-4.152727e+00	-2.056208e+00
L	-6.959882e+01	-6.868251e+01	204050000	-6.959224e+01	-6.879806e+01	-4.133736e+00	-2.020786e+00
R	9.781712e+01	-2.416008e+00	4.035359e+00	204100000	-6.979773e+01	-6.889790e+01	-4.114578e+00	-1.986936e+00
L	-6.981207e+01	-6.910839e+01	204150000	-7.000227e+01	-6.899610e+01	-4.095298e+00	-1.954579e+00
R	9.833770e+01	-2.335465e+00	4.406388e+00	204200000	-7.020585e+01	-6.909272e+01	-4.075937e+00	-1.923641e+00
L	-7.051854e+01	-6.919549e+01	204250000	-7.040848e+01	-6.918784e+01	-4.056531e+00	-1.894049e+00
R	9.879031e+01	-2.340002e+00	4.325558e+00	204300000	-7.061016e+01	-6.928153e+01	-4.037113e+00	-1.865737e+00
L	-7.095049e+01	-6.956633e+01	204350000	-7.081087e+01	-6.937383e+01	-4.017713e+00	-1.838639e+00
R	9.886038e+01	-2.350595e+00	4.334583e+00	204400000	-7.101063e+01	-6.946482e+01	-3.998357e+00	-1.812696e+00
L	-7.117725e+01	-6.968616e+01	204450000	-7.120943e+01	-6.955455e+01	-3.979069e+00	-1.787850e+00
R	9.938019e+01	-2.344917e+00	3.271793e+00	204500000	-7.140728e+01	-6.964306e+01	-3.959871e+00	-1.764046e+00
L	-7.153016e+01	-6.979433e+01	204550000	-7.160419e+01	-6.973043e+01	-3.940783e+00	-1.741232e+00
R	1.000251e+02	-2.303659e+00	4.201891e+00	204600000	-7.180016e+01	-6.981668e+01	-3.921820e+00	-1.719359e+00
L	-7.196617e+01	-6.991980e+01	204650000	-7.199519e+01	-6.990186e+01	-3.903000e+00	-1.698382e+00
R	1.001231e+02	-2.406178e+00	3.435506e+00	204700000	-7.218930e+01	-6.998603e+01	-3.884336e+00	-1.678256e+00
L	-7.240020e+01	-7.026693e+01	204750000	-7.238249e+01	-7.006921e+01	-3.865840e+00	-1.658940e+00
R	1.009169e+02	-2.384798e+00	4.079759e+00	204800000	-7.257477e+01	-7.015146e+01	-3.847522e+00	-1.640394e+00
L	-7.274739e+01	-7.026656e+01	204850000	-7.276614e+01	-7.023280e+01	-3.829393e+00	-1.622581e+00
R	1.012807e+02	-2.403704e+00	3.979720e+00	204900000	-7.295663e+01	-7.031328e+01	-3.811461e+00	-1.605465e+00
L	-7.314707e+01	-7.008232e+01	204950000	-7.314624e+01	-7.039292e+01	-3.793733e+00	-1.589014e+00
R	1.020348e+02	-2.370456e+00	4.163352e+00	205000000	-7.333497e+01	-7.047176e+01	-3.776215e+00	-1.573196e+00
L	-7.369163e+01	-7.063508e+01	205050000	-7.352285e+01	-7.054983e+01	-3.758913e+00	-1.557980e+00
R	1.016606e+02	-2.353547e+00	3.981008e+00	205100000	-7.370987e+01	-7.062716e+01	-3.741831e+00	-1.543338e+00
L	-7.404633e+01	-7.054294e+01	205150000	-7.389606e+01	-7.070377e+01	-3.724974e+00	-1.529244e+00
R	1.025666e+02	-2.410958e+00	3.678799e+00	205200000	-7.408142e+01	-7.077970e+01	-3.708345e+00	-1.515672e+00
L	-7.430026e+01	-7.057180e+01	205250000	-7.426596e+01	-7.085496e+01	-3.691945e+00	-1.502598e+00
R	1.027688e+02	-2.358779e+00	3.711397e+00	205300000	-7.444970e+01	-7.092959e+01	-3.675778e+00	-1.489998e+00
L	-7.437661e+01	-7.111065e+01	205350000	-7.463264e+01	-7.100361e+01	-3.659844e+00	-1.477852e+00
R	1.034473e+02	-2.381978e+00	3.503209e+00	205400000	-7.481480e+01	-7.107703e+01	-3.644146e+00	-1.466139e+00
L	-7.498249e+01	-7.090657e+01	205450000	-7.499619e+01	-7.114988e+01	-3.628683e+00	-1.454839e+00
R	1.037651e+02	-2.402637e+00	3.403347e+00	205500000	-7.517682e+01	-7.122218e+01	-3.613455e+00	-1.443934e+00
L	-7.521398e+01	-7.110627e+01	205550000	-7.535671e+01	-7.129395e+01	-3.598464e+00	-1.433407e+00
R	1.036934e+02	-2.410430e+00	3.381277e+00	205600000	-7.553585e+01	-7.136521e+01	-3.583707e+00	-1.423240e+00
L	-7.588422e+01	-7.134093e+01	205650000	-7.571428e+01	-7.143596e+01	-3.569186e+00	-1.413418e+00
R	1.043444e+02	-2.399691e+00	3.045251e+00	205700000	-7.589199e+01	-7.150624e+01	-3.554898e+00	-1.403926e+00
L	-7.612980e+01	-7.174236e+01	205750000	-7.606900e+01	-7.157606e+01	-3.540843e+00	-1.394751e+00
R	1.048432e+02	-2.372230e+00	3.697077e+00	205800000	-7.624532e+01	-7.164543e+01	-3.527019e+00	-1.385878e+00
L	-7.645087e+01	-7.158765e+01	205850000	-7.642097e+01	-7.171436e+01	-3.513424e+00	-1.377294e+00
R	1.052483e+02	-2.373252e+00	3.880805e+00	205900000	-7.659594e+01	-7.178288e+01	-3.500058e+00	-1.368988e+00
L	-7.679091e+01	-7.202459e+01	205950000	-7.677027e+01	-7.185099e+01	-3.486917e+00	-1.360948e+00
R	1.049396e+02	-2.340338e+00	3.100992e+00	206000000	-7.694394e+01	-7.191871e+01	-3.474001e+00	-1.353164e+00
L	-7.704124e+01	-7.197864e+01	206050000	-7.711699e+01	-7.198604e+01	-3.461307e+00	-1.345623e+00
R	1.056339e+02	-2.353224e+00	3.882780e+00	206100000	-7.728941e+01	-7.205301e+01	-3.448832e+00	-1.338318e+00
L	-7.756630e+01	-7.209194e+01	206150000	-7.746122e+01	-7.211962e+01	-3.436574e+00	-1.331238e+00
R	1.060639e+02	-2.434253e+00	3.601511e+00	206200000	-7.763242e+01	-7.218589e+01	-3.424532e+00	-1.324375e+00
L	-7.772326e+01	-7.225688e+01	206250000	-7.780304e+01	-7.225182e+01	-3.412702e+00	-1.317719e+00
R	1.067970e+02	-2.443686e+00	3.616713e+00	206300000	-7.797308e+01	-7.231743e+01	-3.401081e+00	-1.311263e+00
L	-7.822196e+01	-7.253918e+01	206350000	-7.814255e+01	-7.238272e+01	-3.389668e+00	-1.304999e+00
R	1.069039e+02	-2.398643e+00	3.215311e+00	206400000	-7.831146e+01	-7.244770e+01	-3.378459e+00	-1.298920e+00
L	-7.822340e+01	-7.270510e+01	206450000	-7.847981e+01	-7.251239e+01	-3.367452e+00	-1.293019e+00
R	1.066693e+02	-2.418902e+00	3.431030e+00	206500000	-7.864763e+01	-7.257679e+01	-3.356645e+00	-1.287288e+00
L	-7.881660e+01	-7.265083e+01	206550000	-7.881492e+01	-7.264091e+01	-3.346034e+00	-1.281722e+00
R	1.070701e+02	-2.426742e+00	3.415633e+00	206600000	-7.898169e+01	-7.270476e+01	-3.335616e+00	-1.276315e+00
L	-7.941854e+01	-7.267996e+01	206650000	-7.914795e+01	-7.276834e+01	-3.325389e+00	-1.271061e+00
R	1.075971e+02	-2.365646e+00	3.424882e+00	206700000	-7.931371e+01	-7.283166e+01	-3.315350e+00	-1.265953e+00
L	-7.940749e+01	-7.286130e+01	206750000	-7.947897e+01	-7.289474e+01	-3.305496e+00	-1.260988e+00
R	1.073440e+02	-2.388413e+00	3.230117e+00	206800000	-7.964375e+01	-7.295757e+01	-3.295825e+00	-1.256160e+00
L	-7.964856e+01	-7.314293e+01	206850000	-7.980806e+01	-7.302017e+01	-3.286333e+00	-1.251463e+00
R	1.080383e+02	-2.369490e+00	3.026085e+00	206900000	-7.997190e+01	-7.308254e+01	-3.277018e+00	-1.246894e+00
L	-8.002449e+01	-7.334416e+01	206950000	-8.013529e+01	-7.314468e+01	-3.267877e+00	-1.242449e+00
R	1.086383e+02	-2.389623e+00	3.196368e+00	207000000	-8.029823e+01	-7.320660e+01	-3.258907e+00	-1.238122e+00
L	-8.050089e+01	-7.313732e+01	207050000	-8.046072e+01	-7.326832e+01	-3.250105e+00	-1.233910e+00
R	1.083942e+02	-2.428629e+00	2.718319e+00	207100000	-8.062279e+01	-7.332983e+01	-3.241470e+00	-1.229809e+00
L	-8.092347e+01	-7.350977e+01	207150000	-8.078443e+01	-7.339114e+01	-3.232997e+00	-1.225815e+00
R	1.094221e+02	-2.412545e+00	3.380069e+00	207200000	-8.094566e+01	-7.345225e+01	-3.224684e+00	-1.221925e+00
L	-8.093541e+01	-7.329771e+01	207250000	-8.110648e+01	-7.351317e+01	-3.216529e+00	-1.218135e+00
R	1.095370e+02	-2.495703e+00	3.282406e+00	207300000	-8.126690e+01	-7.357391e+01	-3.208529e+00	-1.214443e+00
L	-8.125093e+01	-7.381916e+01	207350000	-8.142693e+01	-7.363446e+01	-3.200681e+00	-1.210844e+00
R	1.097536e+02	-2.387053e+00	3.322460e+00	207400000	-8.158658e+01	-7.369484e+01	-3.192983e+00	-1.207337e+00
L	-8.165762e+01	-7.367370e+01	207450000	-8.174584e+01	-7.375505e+01	-3.185432e+00	-1.203918e+00
R	1.096801e+02	-2.384718e+00	3.003995e+00	207500000	-8.190474e+01	-7.381509e+01	-3.178025e+00	-1.200584e+00
L	-8.173780e+01	-7.362457e+01	207550000	-8.206328e+01	-7.387497e+01	-3.170760e+00	-1.197333e+00
R	1.105392e+02	-2.369664e+00	2.947872e+00	207600000	-8.222145e+01	-7.393469e+01	-3.163635e+00	-1.194163e+00
L	-8.231469e+01	-7.391516e+01	207650000	-8.237928e+01	-7.399425e+01	-3.156647e+00	-1.191070e+00
R	1.111548e+02	-2.452994e+00	3.775710e+00	207700000	-8.253677e+01	-7.405366e+01	-3.149793e+00	-1.188053e+00
L	-8.263857e+01	-7.393195e+01	207750000	-8.269392e+01	-7.411293e+01	-3.143071e+00	-1.185109e+00
R	1.111081e+02	-2.410357e+00	3.092334e+00	207800000	-8.285074e+01	-7.417205e+01	-3.136479e+00	-1.182236e+00
L	-8.299025e+01	-7.426080e+01	207850000	-8.300724e+01	-7.423103e+01	-3.130015e+00	-1.179432e+00
R	1.117206e+02	-2.344022e+00	2.674431e+00	207900000	-8.316342e+01	-7.428987e+01	-3.123676e+00	-1.176695e+00
L	-8.342455e+01	-7.462901e+01	207950000	-8.331929e+01	-7.434858e+01	-3.117459e+00	-1.174023e+00
R	1.117494e+02	-2.417593e+00	3.240891e+00	208000000	-8.347485e+01	-7.440716e+01	-3.111364e+00	-1.171415e+00
L	-8.370858e+01	-7.474429e+01	208050000	-8.363012e+01	-7.446561e+01	-3.105386e+00	-1.168867e+00
R	1.118328e+02	-2.403703e+00	3.041980e+00	208100000	-8.378509e+01	-7.452393e+01	-3.099525e+00	-1.166380e+00
L	-8.364088e+01	-7.433907e+01	208150000	-8.393978e+01	-7.458213e+01	-3.093778e+00	-1.163950e+00
R	1.124199e+02	-2.394827e+00	3.267980e+00	208200000	-8.409419e+01	-7.464022e+01	-3.088143e+00	-1.161577e+00
L	-8.401416e+01	-7.457124e+01	208250000	-8.424831e+01	-7.469819e+01	-3.082618e+00	-1.159259e+00
R	1.127105e+02	-2.443162e+00	2.829758e+00	208300000	-8.440217e+01	-7.475604e+01	-3.077201e+00	-1.156995e+00
L	-8.456111e+01	-7.493642e+01	208350000	-8.455577e+01	-7.481379e+01	-3.071889e+00	-1.154782e+00
R	1.127914e+02	-2.409816e+00	2.597946e+00	208400000	-8.470910e+01	-7.487142e+01	-3.066681e+00	-1.152620e+00
L	-8.499730e+01	-7.461567e+01	208450000	-8.486217e+01	-7.492895e+01	-3.061576e+00	-1.150507e+00
R	1.127239e+02	-2.390487e+00	3.123862e+00	208500000	-8.501500e+01	-7.498638e+01	-3.056570e+00	-1.148442e+00
L	-8.529368e+01	-7.492379e+01	208550000	-8.516758e+01	-7.504370e+01	-3.051662e+00	-1.146423e+00
R	1.132941e+02	-2.414003e+00	2.987004e+00	208600000	-8.531992e+01	-7.510093e+01	-3.046851e+00	-1.144450e+00
L	-8.548462e+01	-7.517225e+01	208650000	-8.547203e+01	-7.515806e+01	-3.042134e+00	-1.142521e+00
R	1.141584e+02	-2.398732e+00	3.455305e+00	208700000	-8.562390e+01	-7.521509e+01	-3.037509e+00	-1.140636e+00
L	-8.585399e+01	-7.528028e+01	208750000	-8.577555e+01	-7.527203e+01	-3.032976e+00	-1.138792e+00
R	1.144422e+02	-2.402763e+00	2.577683e+00	208800000	-8.592698e+01	-7.532889e+01	-3.028532e+00	-1.136989e+00
L	-8.609849e+01	-7.528793e+01	208850000	-8.607819e+01	-7.538565e+01	-3.024175e+00	-1.135227e+00
R	1.150967e+02	-2.474603e+00	3.330426e+00	208900000	-8.622918e+01	-7.544233e+01	-3.019904e+00	-1.133503e+00
L	-8.657507e+01	-7.544296e+01	208950000	-8.637996e+01	-7.549892e+01	-3.015716e+00	-1.131817e+00
R	1.148768e+02	-2.442986e+00	2.939054e+00	209000000	-8.653054e+01	-7.555543e+01	-3.011612e+00	-1.130168e+00
L	-8.661279e+01	-7.547141e+01	209050000	-8.668092e+01	-7.561186e+01	-3.007588e+00	-1.128555e+00
R	1.151511e+02	-2.395533e+00	2.635401e+00	209100000	-8.683110e+01	-7.566821e+01	-3.003644e+00	-1.126977e+00
L	-8.708862e+01	-7.594283e+01	209150000	-8.698109e+01	-7.572449e+01	-2.999778e+00	-1.125434e+00
R	1.155185e+02	-2.414972e+00	3.227531e+00	209200000	-8.713089e+01	-7.578069e+01	-2.995988e+00	-1.123924e+00
L	-8.726635e+01	-7.571293e+01	209250000	-8.728050e+01	-7.583681e+01	-2.992272e+00	-1.122447e+00
R	1.152413e+02	-2.421697e+00	2.772019e+00	209300000	-8.742993e+01	-7.589286e+01	-2.988631e+00	-1.121002e+00
L	-8.749083e+01	-7.601595e+01	209350000	-8.757919e+01	-7.594884e+01	-2.985061e+00	-1.119587e+00
R	1.160893e+02	-2.380581e+00	3.387199e+00	209400000	-8.772826e+01	-7.600475e+01	-2.981562e+00	-1.118204e+00
L	-8.787332e+01	-7.618399e+01	209450000	-8.787717e+01	-7.606060e+01	-2.978132e+00	-1.116850e+00
R	1.166325e+02	-2.433716e+00	2.901990e+00	209500000	-8.802591e+01	-7.611638e+01	-2.974769e+00	-1.115525e+00
L	-8.823792e+01	-7.630034e+01	209550000	-8.817448e+01	-7.617209e+01	-2.971474e+00	-1.114228e+00
R	1.167265e+02	-2.394513e+00	3.277610e+00	209600000	-8.832289e+01	-7.622774e+01	-2.968244e+00	-1.112959e+00
L	-8.854357e+01	-7.653155e+01	209650000	-8.847115e+01	-7.628333e+01	-2.965077e+00	-1.111717e+00
R	1.164264e+02	-2.424973e+00	2.660467e+00	209700000	-8.861924e+01	-7.633885e+01	-2.961974e+00	-1.110501e+00
L	-8.875668e+01	-7.638250e+01	209750000	-8.876719e+01	-7.639432e+01	-2.958932e+00	-1.109311e+00
R	1.175099e+02	-2.494371e+00	2.934203e+00	209800000	-8.891499e+01	-7.644973e+01	-2.955950e+00	-1.108147e+00
L	-8.905176e+01	-7.655708e+01	209850000	-8.906264e+01	-7.650508e+01	-2.953028e+00	-1.107007e+00
R	1.175901e+02	-2.455501e+00	2.835743e+00	209900000	-8.921015e+01	-7.656037e+01	-2.950163e+00	-1.105891e+00
L	-8.922132e+01	-7.675695e+01	209950000	-8.935751e+01	-7.661561e+01	-2.947355e+00	-1.104798e+00
R	1.179617e+02	-2.413064e+00	2.830267e+00	210000000	-8.950474e+01	-7.667080e+01	-2.944603e+00	-1.103728e+00
L	-8.967046e+01	-7.686150e+01	210050000	-8.965178e+01	-7.672608e+01	-2.939695e+00	-1.108563e+00
R	1.182567e+02	-2.457594e+00	2.626206e+00	210100000	-8.979853e+01	-7.678175e+01	-2.932711e+00	-1.118979e+00
L	-8.983990e+01	-7.678702e+01	210150000	-8.994487e+01	-7.683806e+01	-2.923700e+00	-1.134658e+00
R	1.186215e+02	-2.486522e+00	2.448883e+00	210200000	-9.009072e+01	-7.689529e+01	-2.912681e+00	-1.155288e+00
L	-9.033755e+01	-7.704131e+01	210250000	-9.023597e+01	-7.695366e+01	-2.899646e+00	-1.180565e+00
R	1.186946e+02	-2.439567e+00	2.886696e+00	210300000	-9.038051e+01	-7.701340e+01	-2.884573e+00	-1.210188e+00
L	-9.079029e+01	-7.687711e+01	210350000	-9.052426e+01	-7.707473e+01	-2.867419e+00	-1.243863e+00
R	1.192927e+02	-2.393041e+00	2.731309e+00	210400000	-9.066709e+01	-7.713784e+01	-2.848132e+00	-1.281302e+00
L	-9.101575e+01	-7.727429e+01	210450000	-9.080891e+01	-7.720290e+01	-2.826651e+00	-1.322221e+00
R	1.190594e+02	-2.440661e+00	3.076548e+00	210500000	-9.094959e+01	-7.727009e+01	-2.802906e+00	-1.366342e+00
L	-9.100593e+01	-7.762941e+01	210550000	-9.108904e+01	-7.733956e+01	-2.776826e+00	-1.413391e+00
R	1.195127e+02	-2.430954e+00	3.576968e+00	210600000	-9.122712e+01	-7.741145e+01	-2.748336e+00	-1.463097e+00
L	-9.124976e+01	-7.755755e+01	210650000	-9.136371e+01	-7.748588e+01	-2.717362e+00	-1.515195e+00
R	1.200547e+02	-2.390796e+00	3.137689e+00	210700000	-9.149870e+01	-7.756297e+01	-2.683830e+00	-1.569422e+00
L	-9.164691e+01	-7.728945e+01	210750000	-9.163195e+01	-7.764282e+01	-2.647672e+00	-1.625518e+00
R	1.203465e+02	-2.414665e+00	3.260088e+00	210800000	-9.176332e+01	-7.772552e+01	-2.608821e+00	-1.683229e+00
L	-9.197994e+01	-7.780283e+01	210850000	-9.189268e+01	-7.781113e+01	-2.567216e+00	-1.742300e+00
R	1.204965e+02	-2.418537e+00	3.121852e+00	210900000	-9.201990e+01	-7.789972e+01	-2.522802e+00	-1.802482e+00
L	-9.225677e+01	-7.800219e+01	210950000	-9.214482e+01	-7.799135e+01	-2.475533e+00	-1.863529e+00
R	1.210273e+02	-2.429952e+00	2.667197e+00	211000000	-9.226731e+01	-7.808604e+01	-2.425368e+00	-1.925197e+00
L	-9.221990e+01	-7.800296e+01	211050000	-9.238722e+01	-7.818383e+01	-2.372276e+00	-1.987246e+00
R	1.211682e+02	-2.426723e+00	3.521286e+00	211100000	-9.250440e+01	-7.828472e+01	-2.316231e+00	-2.049438e+00
L	-9.251123e+01	-7.837664e+01	211150000	-9.261871e+01	-7.838872e+01	-2.257221e+00	-2.111541e+00
R	1.211827e+02	-2.382878e+00	3.131965e+00	211200000	-9.273000e+01	-7.849582e+01	-2.195240e+00	-2.173325e+00
L	-9.290618e+01	-7.865870e+01	211250000	-9.283811e+01	-7.860599e+01	-2.130290e+00	-2.234564e+00
R	1.217522e+02	-2.491869e+00	3.197427e+00	211300000	-9.294291e+01	-7.871921e+01	-2.062387e+00	-2.295038e+00
L	-9.285200e+01	-7.888596e+01	211350000	-9.304423e+01	-7.883543e+01	-1.991552e+00	-2.354528e+00
R	1.223488e+02	-2.444960e+00	3.018049e+00	211400000	-9.314195e+01	-7.895459e+01	-1.917819e+00	-2.412823e+00
L	-9.325110e+01	-7.897683e+01	211450000	-9.323591e+01	-7.907663e+01	-1.841228e+00	-2.469715e+00
R	1.223642e+02	-2.394226e+00	2.732196e+00	211500000	-9.332597e+01	-7.920148e+01	-1.761833e+00	-2.525003e+00
L	-9.338974e+01	-7.900250e+01	211550000	-9.341199e+01	-7.932904e+01	-1.679692e+00	-2.578491e+00
R	1.231306e+02	-2.469140e+00	2.789518e+00	211600000	-9.349384e+01	-7.945923e+01	-1.594876e+00	-2.629987e+00
L	-9.341652e+01	-7.969344e+01	211650000	-9.357139e+01	-7.959194e+01	-1.507464e+00	-2.679308e+00
R	1.229885e+02	-2.430711e+00	2.546643e+00	211700000	-9.364450e+01	-7.972706e+01	-1.417544e+00	-2.726276e+00
L	-9.371026e+01	-7.999596e+01	211750000	-9.371306e+01	-7.986447e+01	-1.325209e+00	-2.770719e+00
R	1.235376e+02	-2.418674e+00	2.895998e+00	211800000	-9.377694e+01	-8.000403e+01	-1.230566e+00	-2.812474e+00
L	-9.368691e+01	-8.016904e+01	211850000	-9.383604e+01	-8.014561e+01	-1.133725e+00	-2.851384e+00
R	1.235706e+02	-2.405476e+00	2.265921e+00	211900000	-9.389025e+01	-8.028906e+01	-1.034805e+00	-2.887299e+00
L	-9.402264e+01	-8.056950e+01	211950000	-9.393946e+01	-8.043422e+01	-9.339329e-01	-2.920077e+00
R	1.242738e+02	-2.419543e+00	2.530603e+00	212000000	-9.398358e+01	-8.058095e+01	-8.312410e-01	-2.949585e+00
L	-9.387673e+01	-8.046677e+01	212050000	-9.402253e+01	-8.072907e+01	-7.268687e-01	-2.975697e+00
R	1.238209e+02	-2.429927e+00	2.687761e+00	212100000	-9.405622e+01	-8.087840e+01	-6.209611e-01	-2.998296e+00
L	-9.392347e+01	-8.126582e+01	212150000	-9.408459e+01	-8.102878e+01	-5.136689e-01	-3.017273e+00
R	1.243633e+02	-2.449748e+00	2.198855e+00	212200000	-9.410755e+01	-8.118001e+01	-4.051478e-01	-3.032527e+00
L	-9.411259e+01	-8.144553e+01	212250000	-9.412507e+01	-8.133191e+01	-2.955582e-01	-3.043966e+00
R	1.244023e+02	-2.402880e+00	2.291506e+00	212300000	-9.413708e+01	-8.148428e+01	-1.850648e-01	-3.051509e+00
L	-9.403639e+01	-8.177744e+01	212350000	-9.414355e+01	-8.163693e+01	-7.383615e-02	-3.055081e+00
R	1.245883e+02	-2.380392e+00	1.990755e+00	212400000	-9.414445e+01	-8.178966e+01	3.795598e-02	-3.054618e+00
L	-9.413130e+01	-8.220906e+01	212450000	-9.413975e+01	-8.194227e+01	1.501367e-01	-3.050064e+00
R	1.246500e+02	-2.431727e+00	1.648499e+00	212500000	-9.412943e+01	-8.209455e+01	2.625288e-01	-3.041372e+00
L	-9.422142e+01	-8.229237e+01	212550000	-9.411350e+01	-8.224629e+01	3.749528e-01	-3.028505e+00
R	1.247218e+02	-2.362946e+00	8.866995e-01	212600000	-9.409194e+01	-8.239728e+01	4.872276e-01	-3.011435e+00
L	-9.400316e+01	-8.251271e+01	212650000	-9.406478e+01	-8.254731e+01	5.991711e-01	-2.990143e+00
R	1.251312e+02	-2.447902e+00	1.431929e+00	212700000	-9.403204e+01	-8.269617e+01	7.106003e-01	-2.964618e+00
L	-9.408287e+01	-8.284470e+01	212750000	-9.399374e+01	-8.284365e+01	8.213317e-01	-2.934860e+00
R	1.251740e+02	-2.492166e+00	1.528999e+00	212800000	-9.394993e+01	-8.298954e+01	9.311821e-01	-2.900877e+00
L	-9.374777e+01	-8.309533e+01	212850000	-9.390065e+01	-8.313362e+01	1.039969e+00	-2.862685e+00
R	1.257252e+02	-2.368286e+00	5.164143e-01	212900000	-9.384597e+01	-8.327569e+01	1.147509e+00	-2.820310e+00
L	-9.376589e+01	-8.356043e+01	212950000	-9.378594e+01	-8.341554e+01	1.253623e+00	-2.773788e+00
R	1.254691e+02	-2.422776e+00	1.105455e+00	213000000	-9.372065e+01	-8.355296e+01	1.358131e+00	-2.723160e+00
L	-9.374311e+01	-8.336195e+01	213050000	-9.365017e+01	-8.368775e+01	1.460857e+00	-2.668479e+00
R	1.254641e+02	-2.443802e+00	3.612930e-01	213100000	-9.357461e+01	-8.381971e+01	1.561625e+00	-2.609804e+00
L	-9.358976e+01	-8.399724e+01	213150000	-9.349407e+01	-8.394863e+01	1.660264e+00	-2.547203e+00
R	1.255386e+02	-2.428814e+00	3.244400e-01	213200000	-9.340864e+01	-8.407433e+01	1.756606e+00	-2.480753e+00
L	-9.349760e+01	-8.435254e+01	213250000	-9.331847e+01	-8.419661e+01	1.850483e+00	-2.410535e+00
R	1.254704e+02	-2.409101e+00	-5.574853e-01	213300000	-9.322366e+01	-8.431529e+01	1.941736e+00	-2.336643e+00
L	-9.304303e+01	-8.421549e+01	213350000	-9.312436e+01	-8.443018e+01	2.030207e+00	-2.259174e+00
R	1.254865e+02	-2.394208e+00	-2.301405e-01	213400000	-9.302071e+01	-8.454112e+01	2.115742e+00	-2.178234e+00
L	-9.319166e+01	-8.469096e+01	213450000	-9.291286e+01	-8.464792e+01	2.198194e+00	-2.093935e+00
R	1.259875e+02	-2.399586e+00	-2.631528e-01	213500000	-9.280097e+01	-8.475043e+01	2.277419e+00	-2.006396e+00
L	-9.263992e+01	-8.472015e+01	213550000	-9.268520e+01	-8.484848e+01	2.353278e+00	-1.915744e+00
R	1.255952e+02	-2.381495e+00	-1.284926e-01	213600000	-9.256573e+01	-8.494193e+01	2.425640e+00	-1.822109e+00
L	-9.257347e+01	-8.506222e+01	213650000	-9.244273e+01	-8.503063e+01	2.494377e+00	-1.725629e+00
R	1.258787e+02	-2.384124e+00	-6.246386e-01	213700000	-9.231638e+01	-8.511443e+01	2.559368e+00	-1.626447e+00
L	-9.207092e+01	-8.529325e+01	213750000	-9.218688e+01	-8.519321e+01	2.620499e+00	-1.524711e+00
R	1.253989e+02	-2.441919e+00	-1.497094e+00	213800000	-9.205442e+01	-8.526684e+01	2.677662e+00	-1.420575e+00
L	-9.196200e+01	-8.506040e+01	213850000	-9.191921e+01	-8.533521e+01	2.730754e+00	-1.314196e+00
R	1.256349e+02	-2.421513e+00	-1.357782e+00	213900000	-9.178145e+01	-8.539821e+01	2.779681e+00	-1.205737e+00
L	-9.144414e+01	-8.555017e+01	213950000	-9.164134e+01	-8.545574e+01	2.824355e+00	-1.095363e+00
R	1.253658e+02	-2.432604e+00	-1.533886e+00	214000000	-9.149911e+01	-8.550771e+01	2.864695e+00	-9.832463e-01
L	-9.127873e+01	-8.551368e+01	214050000	-9.135497e+01	-8.555403e+01	2.900627e+00	-8.695590e-01
R	1.250527e+02	-2.412076e+00	-1.633082e+00	214100000	-9.120915e+01	-8.559463e+01	2.932085e+00	-7.544780e-01
L	-9.099240e+01	-8.557151e+01	214150000	-9.106187e+01	-8.562945e+01	2.959009e+00	-6.381829e-01
R	1.245284e+02	-2.383242e+00	-2.079934e+00	214200000	-9.091335e+01	-8.565843e+01	2.981350e+00	-5.208555e-01
L	-9.073618e+01	-8.588050e+01	214250000	-9.076383e+01	-8.568152e+01	2.999063e+00	-4.026799e-01
R	1.246273e+02	-2.330417e+00	-1.685479e+00	214300000	-9.061355e+01	-8.569868e+01	3.012112e+00	-2.838419e-01
L	-9.062393e+01	-8.579963e+01	214350000	-9.046273e+01	-8.570989e+01	3.020470e+00	-1.645289e-01
R	1.245424e+02	-2.363534e+00	-3.044570e+00	214400000	-9.031160e+01	-8.571513e+01	3.024115e+00	-4.492927e-02
L	-8.993323e+01	-8.556751e+01	214450000	-9.016042e+01	-8.571438e+01	3.023035e+00	7.476771e-02
R	1.243970e+02	-2.366341e+00	-2.132079e+00	214500000	-9.000940e+01	-8.570765e+01	3.017226e+00	1.943723e-01
L	-8.995277e+01	-8.565596e+01	214550000	-8.985880e+01	-8.569495e+01	3.006691e+00	3.136947e-01
R	1.239891e+02	-2.411386e+00	-2.485803e+00	214600000	-8.970884e+01	-8.567629e+01	2.991441e+00	4.325452e-01
L	-8.962783e+01	-8.576656e+01	214650000	-8.955975e+01	-8.565171e+01	2.971494e+00	5.507346e-01
R	1.236462e+02	-2.377883e+00	-2.861848e+00	214700000	-8.941179e+01	-8.562123e+01	2.946878e+00	6.680747e-01
L	-8.931904e+01	-8.571293e+01	214750000	-8.926517e+01	-8.558492e+01	2.917627e+00	7.843782e-01
R	1.237554e+02	-2.390465e+00	-2.365929e+00	214800000	-8.912012e+01	-8.554282e+01	2.883783e+00	8.994596e-01
L	-8.928203e+01	-8.555458e+01	214850000	-8.897688e+01	-8.549500e+01	2.845396e+00	1.013135e+00
R	1.236655e+02	-2.438273e+00	-2.264738e+00	214900000	-8.883568e+01	-8.544154e+01	2.802522e+00	1.125222e+00
L	-8.879213e+01	-8.545156e+01	214950000	-8.869672e+01	-8.538252e+01	2.755227e+00	1.235543e+00
R	1.224145e+02	-2.407173e+00	-3.008607e+00	215000000	-8.856024e+01	-8.531803e+01	2.703583e+00	1.343919e+00
L	-8.836932e+01	-8.546869e+01	215050000	-8.842461e+01	-8.524738e+01	2.685683e+00	1.464026e+00
R	1.223754e+02	-2.385590e+00	-3.053606e+00	215100000	-8.828998e+01	-8.517083e+01	2.664827e+00	1.579235e+00
L	-8.812879e+01	-8.520028e+01	215150000	-8.815649e+01	-8.508861e+01	2.641501e+00	1.689650e+00
R	1.226171e+02	-2.396993e+00	-3.553666e+00	215200000	-8.802425e+01	-8.500097e+01	2.616145e+00	1.795399e+00
L	-8.785000e+01	-8.472095e+01	215250000	-8.789336e+01	-8.490815e+01	2.589153e+00	1.896623e+00
R	1.227566e+02	-2.374245e+00	-3.366138e+00	215300000	-8.776387e+01	-8.481036e+01	2.560875e+00	1.993479e+00
L	-8.757244e+01	-8.470815e+01	215350000	-8.763586e+01	-8.470783e+01	2.531623e+00	2.086129e+00
R	1.216737e+02	-2.407350e+00	-3.179680e+00	215400000	-8.750936e+01	-8.460075e+01	2.501673e+00	2.174742e+00
L	-8.725515e+01	-8.448477e+01	215450000	-8.738439e+01	-8.448934e+01	2.471267e+00	2.259489e+00
R	1.216202e+02	-2.356970e+00	-3.397493e+00	215500000	-8.726098e+01	-8.437377e+01	2.440618e+00	2.340540e+00
L	-8.680077e+01	-8.428493e+01	215550000	-8.713913e+01	-8.425424e+01	2.409912e+00	2.418064e+00
R	1.209897e+02	-2.378413e+00	-3.104612e+00	215600000	-8.701883e+01	-8.413092e+01	2.379309e+00	2.492227e+00
L	-8.667752e+01	-8.394094e+01	215650000	-8.690008e+01	-8.400397e+01	2.348949e+00	2.563190e+00
R	1.206818e+02	-2.331215e+00	-2.946521e+00	215700000	-8.678287e+01	-8.387354e+01	2.318950e+00	2.631111e+00
L	-8.671753e+01	-8.351546e+01	215750000	-8.666716e+01	-8.373980e+01	2.289415e+00	2.696140e+00
R	1.198156e+02	-2.331103e+00	-3.549606e+00	215800000	-8.655294e+01	-8.360287e+01	2.260428e+00	2.758423e+00
L	-8.660975e+01	-8.345255e+01	215850000	-8.644017e+01	-8.346290e+01	2.232060e+00	2.818099e+00
R	1.203321e+02	-2.409294e+00	-3.553333e+00	215900000	-8.632882e+01	-8.332001e+01	2.204370e+00	2.875301e+00
L	-8.625802e+01	-8.286156e+01	215950000	-8.621886e+01	-8.317433e+01	2.177406e+00	2.930156e+00
R	1.197318e+02	-2.346441e+00	-3.217042e+00	216000000	-8.611024e+01	-8.302596e+01	2.151205e+00	2.982784e+00
L	-8.594803e+01	-8.293280e+01	216050000	-8.600292e+01	-8.287502e+01	2.125795e+00	3.033300e+00
R	1.187448e+02	-2.346940e+00	-3.250100e+00	216100000	-8.589688e+01	-8.272161e+01	2.101199e+00	3.081811e+00
L	-8.571835e+01	-8.250303e+01	216150000	-8.579205e+01	-8.256583e+01	2.077430e+00	3.128420e+00
R	1.189364e+02	-2.458326e+00	-3.915295e+00	216200000	-8.568841e+01	-8.240777e+01	2.054498e+00	3.173224e+00
L	-8.551479e+01	-8.205314e+01	216250000	-8.558590e+01	-8.224751e+01	2.032405e+00	3.216314e+00
R	1.190826e+02	-2.370499e+00	-3.555586e+00	216300000	-8.548449e+01	-8.208515e+01	2.011150e+00	3.257777e+00
L	-8.549085e+01	-8.200321e+01	216350000	-8.538414e+01	-8.192077e+01	1.990730e+00	3.297692e+00
R	1.175102e+02	-2.438953e+00	-4.105761e+00	216400000	-8.528479e+01	-8.175443e+01	1.971136e+00	3.336138e+00
L	-8.554093e+01	-8.162274e+01	216450000	-8.518642e+01	-8.158621e+01	1.952357e+00	3.373186e+00
R	1.172961e+02	-2.345550e+00	-3.807546e+00	216500000	-8.508897e+01	-8.141618e+01	1.934380e+00	3.408904e+00
L	-8.504053e+01	-8.116400e+01	216550000	-8.499242e+01	-8.124440e+01	1.917189e+00	3.443357e+00
R	1.170727e+02	-2.380898e+00	-3.900238e+00	216600000	-8.489671e+01	-8.107094e+01	1.900769e+00	3.476604e+00
L	-8.491471e+01	-8.085392e+01	216650000	-8.480181e+01	-8.089585e+01	1.885102e+00	3.508702e+00
R	1.171213e+02	-2.346534e+00	-3.564403e+00	216700000	-8.470769e+01	-8.071919e+01	1.870167e+00	3.539705e+00
L	-8.439424e+01	-8.053470e+01	216750000	-8.461431e+01	-8.054102e+01	1.855945e+00	3.569663e+00
R	1.166065e+02	-2.385568e+00	-3.539148e+00	216800000	-8.452162e+01	-8.036138e+01	1.842415e+00	3.598624e+00
L	-8.453526e+01	-8.001715e+01	216850000	-8.442960e+01	-8.018032e+01	1.829556e+00	3.626633e+00
R	1.161153e+02	-2.419185e+00	-3.978147e+00	216900000	-8.433822e+01	-7.999789e+01	1.817348e+00	3.653731e+00
L	-8.423026e+01	-7.960978e+01	216950000	-8.424744e+01	-7.981414e+01	1.805767e+00	3.679958e+00
R	1.161201e+02	-2.368051e+00	-3.481475e+00	217000000	-8.415722e+01	-7.962910e+01	1.794793e+00	3.705353e+00
L	-8.381752e+01	-7.949745e+01	217050000	-8.406755e+01	-7.944282e+01	1.784404e+00	3.729950e+00
R	1.155226e+02	-2.405514e+00	-3.954117e+00	217100000	-8.397839e+01	-7.925533e+01	1.774579e+00	3.753784e+00
L	-8.384591e+01	-7.908485e+01	217150000	-8.388971e+01	-7.906668e+01	1.765296e+00	3.776885e+00
R	1.148608e+02	-2.364024e+00	-4.250117e+00	217200000	-8.380149e+01	-7.887690e+01	1.756535e+00	3.799284e+00
L	-8.363414e+01	-7.874271e+01	217250000	-8.371370e+01	-7.868603e+01	1.748275e+00	3.821010e+00
R	1.146997e+02	-2.403841e+00	-3.455236e+00	217300000	-8.362631e+01	-7.849409e+01	1.740496e+00	3.842088e+00
L	-8.346213e+01	-7.826505e+01	217350000	-8.353931e+01	-7.830111e+01	1.733177e+00	3.862545e+00
R	1.144510e+02	-2.397864e+00	-3.716601e+00	217400000	-8.345267e+01	-7.810714e+01	1.726301e+00	3.882405e+00
L	-8.324866e+01	-7.762424e+01	217450000	-8.336636e+01	-7.791219e+01	1.719847e+00	3.901691e+00
R	1.140207e+02	-2.368245e+00	-4.003823e+00	217500000	-8.328037e+01	-7.771630e+01	1.713798e+00	3.920423e+00
L	-8.330594e+01	-7.771633e+01	217550000	-8.319468e+01	-7.751950e+01	1.708136e+00	3.938624e+00
R	1.135407e+02	-2.417272e+00	-3.591984e+00	217600000	-8.310926e+01	-7.732180e+01	1.702844e+00	3.956312e+00
L	-8.322542e+01	-7.705737e+01	217650000	-8.302411e+01	-7.712324e+01	1.697904e+00	3.973507e+00
R	1.131605e+02	-2.400954e+00	-3.804637e+00	217700000	-8.293919e+01	-7.692383e+01	1.693301e+00	3.990225e+00
L	-8.298209e+01	-7.682386e+01	217750000	-8.285451e+01	-7.672361e+01	1.689019e+00	4.006485e+00
R	1.126747e+02	-2.403589e+00	-4.232361e+00	217800000	-8.277003e+01	-7.652259e+01	1.685043e+00	4.022302e+00
L	-8.258583e+01	-7.656901e+01	217850000	-8.268574e+01	-7.632079e+01	1.681358e+00	4.037691e+00
R	1.124484e+02	-2.352143e+00	-4.544715e+00	217900000	-8.260164e+01	-7.611824e+01	1.677950e+00	4.052667e+00
L	-8.252438e+01	-7.589699e+01	217950000	-8.251770e+01	-7.591496e+01	1.674806e+00	4.067244e+00
R	1.118005e+02	-2.395282e+00	-4.221564e+00	218000000	-8.243392e+01	-7.571097e+01	1.671912e+00	4.081437e+00
L	-8.238742e+01	-7.549863e+01	218050000	-8.235028e+01	-7.550628e+01	1.669256e+00	4.095256e+00
R	1.118553e+02	-2.371237e+00	-3.939645e+00	218100000	-8.226677e+01	-7.530091e+01	1.666826e+00	4.108715e+00
L	-8.210753e+01	-7.521863e+01	218150000	-8.218338e+01	-7.509488e+01	1.664610e+00	4.121825e+00
R	1.109744e+02	-2.430878e+00	-3.737267e+00	218200000	-8.210009e+01	-7.488822e+01	1.662597e+00	4.134598e+00
L	-8.178898e+01	-7.463170e+01	218250000	-8.201691e+01	-7.468092e+01	1.660777e+00	4.147044e+00
R	1.103063e+02	-2.447842e+00	-3.711824e+00	218300000	-8.193381e+01	-7.447302e+01	1.659139e+00	4.159174e+00
L	-8.184301e+01	-7.437451e+01	218350000	-8.185079e+01	-7.426452e+01	1.657674e+00	4.170997e+00
R	1.106921e+02	-2.352045e+00	-3.644850e+00	218400000	-8.176785e+01	-7.405545e+01	1.656371e+00	4.182523e+00
L	-8.174322e+01	-7.368798e+01	218450000	-8.168497e+01	-7.384581e+01	1.655223e+00	4.193761e+00
R	1.099387e+02	-2.401676e+00	-3.924586e+00	218500000	-8.160214e+01	-7.363562e+01	1.654221e+00	4.204720e+00
L	-8.167366e+01	-7.356726e+01	218550000	-8.151936e+01	-7.342489e+01	1.653355e+00	4.215407e+00
R	1.093615e+02	-2.455179e+00	-3.718062e+00	218600000	-8.143663e+01	-7.321364e+01	1.652620e+00	4.225833e+00
L	-8.135627e+01	-7.285691e+01	218650000	-8.135393e+01	-7.300188e+01	1.652006e+00	4.236003e+00
R	1.088654e+02	-2.372711e+00	-4.310198e+00	218700000	-8.127126e+01	-7.278962e+01	1.651507e+00	4.245926e+00
L	-8.080956e+01	-7.239412e+01	218750000	-8.118861e+01	-7.257687e+01	1.651117e+00	4.255608e+00
R	1.083408e+02	-2.384120e+00	-4.279396e+00	218800000	-8.110598e+01	-7.236365e+01	1.650828e+00	4.265057e+00
L	-8.125086e+01	-7.202674e+01	218850000	-8.102337e+01	-7.214997e+01	1.650634e+00	4.274280e+00
R	1.085785e+02	-2.423686e+00	-3.725418e+00	218900000	-8.094076e+01	-7.193584e+01	1.650530e+00	4.283282e+00
L	-8.082609e+01	-7.144480e+01	218950000	-8.085817e+01	-7.172126e+01	1.650510e+00	4.292070e+00
R	1.075854e+02	-2.346920e+00	-4.242055e+00	219000000	-8.077557e+01	-7.150626e+01	1.650568e+00	4.300650e+00
L	-8.056506e+01	-7.090974e+01	219050000	-8.069296e+01	-7.129083e+01	1.650700e+00	4.309028e+00
R	1.074713e+02	-2.434799e+00	-4.473183e+00	219100000	-8.061036e+01	-7.107500e+01	1.650900e+00	4.317209e+00
L	-8.019802e+01	-7.073196e+01	219150000	-8.052774e+01	-7.085876e+01	1.651165e+00	4.325199e+00
R	1.070116e+02	-2.415632e+00	-4.636850e+00	219200000	-8.044510e+01	-7.064213e+01	1.651489e+00	4.333003e+00
L	-8.044962e+01	-7.040199e+01	219250000	-8.036245e+01	-7.042512e+01	1.651869e+00	4.340626e+00
R	1.068183e+02	-2.422935e+00	-3.917760e+00	219300000	-8.027979e+01	-7.020774e+01	1.652300e+00	4.348072e+00
L	-8.028231e+01	-6.989362e+01	219350000	-8.019710e+01	-6.998999e+01	1.652780e+00	4.355347e+00
R	1.063442e+02	-2.421317e+00	-3.986972e+00	219400000	-8.011439e+01	-6.977188e+01	1.653303e+00	4.362455e+00
L	-8.002411e+01	-6.932565e+01	219450000	-8.003165e+01	-6.955343e+01	1.653868e+00	4.369401e+00
R	1.059902e+02	-2.451134e+00	-4.390129e+00	219500000	-7.994888e+01	-6.933464e+01	1.654470e+00	4.376188e+00
L	-7.984652e+01	-6.934024e+01	219550000	-7.986608e+01	-6.911551e+01	1.655107e+00	4.382822e+00
R	1.054970e+02	-2.450252e+00	-4.750630e+00	219600000	-7.978326e+01	-6.889606e+01	1.655775e+00	4.389305e+00
L	-7.983917e+01	-6.892295e+01	219650000	-7.970040e+01	-6.867629e+01	1.656473e+00	4.395641e+00
R	1.048627e+02	-2.480426e+00	-3.996713e+00	219700000	-7.961750e+01	-6.845621e+01	1.657198e+00	4.401836e+00
L	-7.949001e+01	-6.822926e+01	219750000	-7.953457e+01	-6.823583e+01	1.657946e+00	4.407891e+00
R	1.044278e+02	-2.424257e+00	-4.764650e+00	219800000	-7.945160e+01	-6.801515e+01	1.658717e+00	4.413811e+00
L	-7.926548e+01	-6.801407e+01	219850000	-7.936860e+01	-6.779419e+01	1.659507e+00	4.419598e+00
R	1.039073e+02	-2.422084e+00	-3.821418e+00	219900000	-7.928555e+01	-6.757293e+01	1.660315e+00	4.425258e+00
L	-7.912690e+01	-6.736338e+01	219950000	-7.920247e+01	-6.735140e+01	1.661139e+00	4.430791e+00
R	1.033626e+02	-2.430724e+00	-3.732980e+00	220000000	-7.911934e+01	-6.712960e+01	1.661977e+00	4.436203e+00
L	-7.902007e+01	-6.705061e+01	220050000	-7.903618e+01	-6.690754e+01	1.662827e+00	4.441495e+00
R	1.030476e+02	-2.393046e+00	-4.524946e+00	220100000	-7.895297e+01	-6.668521e+01	1.663687e+00	4.446670e+00
L	-7.903000e+01	-6.627696e+01	220150000	-7.886972e+01	-6.646264e+01	1.664557e+00	4.451732e+00
R	1.027112e+02	-2.429973e+00	-3.995097e+00	220200000	-7.878643e+01	-6.623981e+01	1.665434e+00	4.456683e+00
L	-7.866441e+01	-6.586109e+01	220250000	-7.870309e+01	-6.601674e+01	1.666318e+00	4.461526e+00
R	1.022842e+02	-2.407812e+00	-4.364344e+00	220300000	-7.861971e+01	-6.579343e+01	1.667207e+00	4.466264e+00
L	-7.848100e+01	-6.578079e+01	220350000	-7.853629e+01	-6.556990e+01	1.668099e+00	4.470898e+00
R	1.024661e+02	-2.373209e+00	-3.982405e+00	220400000	-7.845282e+01	-6.534613e+01	1.668995e+00	4.475432e+00
L	-7.844833e+01	-6.507982e+01	220450000	-7.836931e+01	-6.512214e+01	1.669892e+00	4.479868e+00
R	1.014532e+02	-2.501238e+00	-4.269728e+00	220500000	-7.828575e+01	-6.489794e+01	1.670790e+00	4.484208e+00
L	-7.818853e+01	-6.470064e+01	220550000	-7.820215e+01	-6.467352e+01	1.671688e+00	4.488455e+00
R	1.011450e+02	-2.416643e+00	-4.560852e+00	220600000	-7.811851e+01	-6.444890e+01	1.672584e+00	4.492610e+00
L	-7.790372e+01	-6.421398e+01	220650000	-7.803482e+01	-6.422407e+01	1.673479e+00	4.496676e+00
R	1.005942e+02	-2.467522e+00	-4.482231e+00	220700000	-7.795109e+01	-6.399904e+01	1.674372e+00	4.500655e+00
L	-7.781870e+01	-6.362658e+01	220750000	-7.786731e+01	-6.377382e+01	1.675261e+00	4.504549e+00
R	1.003666e+02	-2.453167e+00	-4.402982e+00	220800000	-7.778350e+01	-6.354840e+01	1.676147e+00	4.508360e+00
L	-7.771119e+01	-6.311041e+01	220850000	-7.769963e+01	-6.332280e+01	1.677028e+00	4.512089e+00
R	9.959746e+01	-2.491757e+00	-4.426240e+00	220900000	-7.761573e+01	-6.309702e+01	1.677904e+00	4.515739e+00
L	-7.748724e+01	-6.300470e+01	220950000	-7.753178e+01	-6.287106e+01	1.678774e+00	4.519312e+00
R	9.965682e+01	-2.489363e+00	-4.212654e+00	221000000	-7.744779e+01	-6.264492e+01	1.679639e+00	4.522809e+00
L	-7.727051e+01	-6.282975e+01	221050000	-7.736375e+01	-6.241861e+01	1.680497e+00	4.526232e+00
R	9.890761e+01	-2.469792e+00	-4.227741e+00	221100000	-7.727968e+01	-6.219214e+01	1.681349e+00	4.529582e+00
L	-7.727179e+01	-6.214760e+01	221150000	-7.719556e+01	-6.196550e+01	1.682193e+00	4.532862e+00
R	9.937933e+01	-2.483258e+00	-4.255693e+00	221200000	-7.711140e+01	-6.173870e+01	1.683030e+00	4.536073e+00
L	-7.693415e+01	-6.173505e+01	221250000	-7.702720e+01	-6.151174e+01	1.683859e+00	4.539216e+00
R	9.827590e+01	-2.466352e+00	-4.177944e+00	221300000	-7.694296e+01	-6.128463e+01	1.684680e+00	4.542293e+00
L	-7.678382e+01	-6.120054e+01	221350000	-7.685868e+01	-6.105736e+01	1.685492e+00	4.545305e+00
R	9.797065e+01	-2.436502e+00	-4.439321e+00	221400000	-7.677436e+01	-6.082995e+01	1.686296e+00	4.548255e+00
L	-7.669199e+01	-6.046631e+01	221450000	-7.669000e+01	-6.060240e+01	1.687092e+00	4.551143e+00
R	9.737867e+01	-2.420968e+00	-4.326033e+00	221500000	-7.660560e+01	-6.037470e+01	1.687878e+00	4.553970e+00
L	-7.654614e+01	-6.016442e+01	221550000	-7.652116e+01	-6.014687e+01	1.688655e+00	4.556738e+00
R	9.716697e+01	-2.496019e+00	-3.762041e+00	221600000	-7.643668e+01	-5.991890e+01	1.689423e+00	4.559449e+00
L	-7.646842e+01	-5.977064e+01	221650000	-7.635217e+01	-5.969079e+01	1.690182e+00	4.562103e+00
R	9.718710e+01	-2.468173e+00	-4.139109e+00	221700000	-7.626762e+01	-5.946256e+01	1.690931e+00	4.564702e+00
L	-7.612018e+01	-5.903398e+01	221750000	-7.618303e+01	-5.923420e+01	1.691671e+00	4.567247e+00
R	9.656512e+01	-2.503423e+00	-4.373853e+00	221800000	-7.609840e+01	-5.900571e+01	1.692401e+00	4.569739e+00
L	-7.607569e+01	-5.838109e+01	221850000	-7.601374e+01	-5.877711e+01	1.693121e+00	4.572180e+00
R	9.579689e+01	-2.505543e+00	-3.874435e+00	221900000	-7.592905e+01	-5.854838e+01	1.693832e+00	4.574570e+00
L	-7.609753e+01	-5.833937e+01	221950000	-7.584432e+01	-5.831954e+01	1.694533e+00	4.576910e+00
R	9.510425e+01	-2.499007e+00	-4.100728e+00	222000000	-7.575955e+01	-5.809058e+01	1.695224e+00	4.579202e+00
L	-7.573368e+01	-5.780093e+01	222050000	-7.567475e+01	-5.786151e+01	1.695905e+00	4.581447e+00
R	9.547735e+01	-2.496380e+00	-3.911190e+00	222100000	-7.558992e+01	-5.763233e+01	1.696577e+00	4.583645e+00
L	-7.560440e+01	-5.734274e+01	222150000	-7.550506e+01	-5.740304e+01	1.697238e+00	4.585798e+00
R	9.462654e+01	-2.448144e+00	-4.344341e+00	222200000	-7.542016e+01	-5.717364e+01	1.697890e+00	4.587907e+00
L	-7.536344e+01	-5.692921e+01	222250000	-7.533523e+01	-5.694414e+01	1.698533e+00	4.589973e+00
R	9.444921e+01	-2.502835e+00	-4.476778e+00	222300000	-7.525027e+01	-5.671455e+01	1.699165e+00	4.591996e+00
L	-7.541990e+01	-5.640186e+01	222350000	-7.516528e+01	-5.648485e+01	1.699788e+00	4.593977e+00
R	9.354390e+01	-2.483999e+00	-3.985899e+00	222400000	-7.508026e+01	-5.625505e+01	1.700401e+00	4.595918e+00
L	-7.500399e+01	-5.589796e+01	222450000	-7.499520e+01	-5.602516e+01	1.701005e+00	4.597818e+00
R	9.281924e+01	-2.506597e+00	-4.091154e+00	222500000	-7.491012e+01	-5.579518e+01	1.701599e+00	4.599680e+00
L	-7.455654e+01	-5.568456e+01	222550000	-7.482501e+01	-5.556510e+01	1.702183e+00	4.601504e+00
R	9.323587e+01	-2.502121e+00	-4.428433e+00	222600000	-7.473987e+01	-5.533494e+01	1.702759e+00	4.603290e+00
L	-7.465982e+01	-5.536501e+01	222650000	-7.465470e+01	-5.510469e+01	1.703325e+00	4.605040e+00
R	9.250888e+01	-2.463064e+00	-4.623614e+00	222700000	-7.456951e+01	-5.487435e+01	1.703881e+00	4.606754e+00
L	-7.468530e+01	-5.469611e+01	222750000	-7.448428e+01	-5.464393e+01	1.704429e+00	4.608434e+00
R	9.195850e+01	-2.514988e+00	-4.065550e+00	222800000	-7.439903e+01	-5.441343e+01	1.704968e+00	4.610078e+00
L	-7.438166e+01	-5.414230e+01	222850000	-7.431376e+01	-5.418284e+01	1.705497e+00	4.611690e+00
R	9.172100e+01	-2.472751e+00	-3.832793e+00	222900000	-7.422846e+01	-5.395218e+01	1.706018e+00	4.613268e+00
L	-7.416293e+01	-5.371631e+01	222950000	-7.414313e+01	-5.372144e+01	1.706530e+00	4.614814e+00
R	9.141172e+01	-2.520987e+00	-3.989660e+00	223000000	-7.405777e+01	-5.349062e+01	1.707033e+00	4.616329e+00
L	-7.402813e+01	-5.302970e+01	223050000	-7.397240e+01	-5.325973e+01	1.707528e+00	4.617813e+00
R	9.113266e+01	-2.554450e+00	-4.258425e+00	223100000	-7.388700e+01	-5.302877e+01	1.708014e+00	4.619266e+00
L	-7.390191e+01	-5.306285e+01	223150000	-7.380157e+01	-5.279774e+01	1.708491e+00	4.620690e+00
R	9.098310e+01	-2.494839e+00	-4.053392e+00	223200000	-7.371612e+01	-5.256663e+01	1.708961e+00	4.622086e+00
L	-7.372321e+01	-5.220175e+01	223250000	-7.363065e+01	-5.233546e+01	1.709422e+00	4.623452e+00
R	8.965162e+01	-2.513503e+00	-3.955148e+00	223300000	-7.354515e+01	-5.210422e+01	1.709875e+00	4.624792e+00
L	-7.323467e+01	-5.192655e+01	223350000	-7.345964e+01	-5.187292e+01	1.710320e+00	4.626103e+00
R	8.952110e+01	-2.470842e+00	-3.944164e+00	223400000	-7.337410e+01	-5.164155e+01	1.710758e+00	4.627389e+00
L	-7.308096e+01	-5.145280e+01	223450000	-7.328854e+01	-5.141012e+01	1.711187e+00	4.628648e+00
R	8.906335e+01	-2.541827e+00	-3.826714e+00	223500000	-7.320296e+01	-5.117862e+01	1.711609e+00	4.629881e+00
L	-7.269844e+01	-5.103191e+01	223550000	-7.311736e+01	-5.094707e+01	1.712024e+00	4.631090e+00
R	8.909649e+01	-2.552553e+00	-3.636611e+00	223600000	-7.303173e+01	-5.071545e+01	1.712431e+00	4.632274e+00
L	-7.273965e+01	-5.044499e+01	223650000	-7.294609e+01	-5.048378e+01	1.712830e+00	4.633434e+00
R	8.864892e+01	-2.513619e+00	-4.944221e+00	223700000	-7.286043e+01	-5.025205e+01	1.713222e+00	4.634571e+00
L	-7.256766e+01	-4.962073e+01	223750000	-7.277475e+01	-5.002027e+01	1.713608e+00	4.635685e+00
R	8.822392e+01	-2.573722e+00	-4.155338e+00	223800000	-7.268905e+01	-4.978843e+01	1.713986e+00	4.636776e+00
L	-7.257091e+01	-4.921998e+01	223850000	-7.260333e+01	-4.955654e+01	1.714357e+00	4.637845e+00
R	8.797995e+01	-2.514106e+00	-3.947367e+00	223900000	-7.251759e+01	-4.932460e+01	1.714722e+00	4.638893e+00
L	-7.248673e+01	-4.900023e+01	223950000	-7.243184e+01	-4.909260e+01	1.715079e+00	4.639919e+00
R	8.821549e+01	-2.564578e+00	-4.099970e+00	224000000	-7.234606e+01	-4.886055e+01	1.715431e+00	4.640925e+00
L	-7.211971e+01	-4.840966e+01	224050000	-7.226027e+01	-4.862846e+01	1.715775e+00	4.641910e+00
R	8.686893e+01	-2.581143e+00	-4.431119e+00	224100000	-7.217447e+01	-4.839632e+01	1.716114e+00	4.642875e+00
L	-7.195260e+01	-4.834076e+01	224150000	-7.208865e+01	-4.816413e+01	1.716446e+00	4.643821e+00
R	8.669730e+01	-2.566301e+00	-3.744590e+00	224200000	-7.200281e+01	-4.793189e+01	1.716772e+00	4.644748e+00
L	-7.167133e+01	-4.750750e+01	224250000	-7.191695e+01	-4.769961e+01	1.717091e+00	4.645656e+00
R	8.659025e+01	-2.570213e+00	-4.148042e+00	224300000	-7.183108e+01	-4.746728e+01	1.717405e+00	4.646546e+00
L	-7.157600e+01	-4.746627e+01	224350000	-7.174519e+01	-4.723491e+01	1.717713e+00	4.647418e+00
R	8.607109e+01	-2.594552e+00	-3.975087e+00	224400000	-7.165929e+01	-4.700249e+01	1.718015e+00	4.648272e+00
L	-7.149793e+01	-4.691553e+01	224450000	-7.157338e+01	-4.677004e+01	1.718312e+00	4.649109e+00
R	8.546721e+01	-2.573154e+00	-4.065601e+00	224500000	-7.148745e+01	-4.653754e+01	1.718602e+00	4.649929e+00
L	-7.122184e+01	-4.638943e+01	224550000	-7.140150e+01	-4.630501e+01	1.718888e+00	4.650733e+00
R	8.519273e+01	-2.537310e+00	-3.390381e+00	224600000	-7.131554e+01	-4.607243e+01	1.719168e+00	4.651520e+00
L	-7.139180e+01	-4.569378e+01	224650000	-7.122957e+01	-4.583982e+01	1.719442e+00	4.652292e+00
R	8.481124e+01	-2.576496e+00	-4.231721e+00	224700000	-7.114358e+01	-4.560716e+01	1.719712e+00	4.653048e+00
L	-7.121509e+01	-4.524004e+01	224750000	-7.105758e+01	-4.537447e+01	1.719976e+00	4.653789e+00
R	8.443061e+01	-2.534497e+00	-3.952309e+00	224800000	-7.097157e+01	-4.514175e+01	1.720235e+00	4.654515e+00
L	-7.092605e+01	-4.526854e+01	224850000	-7.088555e+01	-4.490899e+01	1.720490e+00	4.655226e+00
R	8.361366e+01	-2.558402e+00	-4.247272e+00	224900000	-7.079951e+01	-4.467619e+01	1.720739e+00	4.655923e+00
L	-7.078496e+01	-4.432203e+01	224950000	-7.071346e+01	-4.444336e+01	1.720984e+00	4.656607e+00
R	8.347953e+01	-2.585046e+00	-4.551540e+00	225000000	-7.062740e+01	-4.421050e+01	1.721224e+00	4.657276e+00
L	-7.064885e+01	-4.413431e+01	225050000	-7.054112e+01	-4.397768e+01	1.729608e+00	4.654912e+00
R	8.331259e+01	-2.630182e+00	-3.783567e+00	225100000	-7.045423e+01	-4.374505e+01	1.745717e+00	4.649624e+00
L	-7.024414e+01	-4.344706e+01	225150000	-7.036635e+01	-4.351275e+01	1.769138e+00	4.641479e+00
R	8.240358e+01	-2.527142e+00	-4.220735e+00	225200000	-7.027713e+01	-4.328094e+01	1.799467e+00	4.630509e+00
L	-7.024134e+01	-4.293765e+01	225250000	-7.018623e+01	-4.304974e+01	1.836305e+00	4.616716e+00
R	8.229851e+01	-2.605784e+00	-4.220059e+00	225300000	-7.009334e+01	-4.281931e+01	1.879264e+00	4.600077e+00
L	-6.997099e+01	-4.295141e+01	225350000	-6.999815e+01	-4.258977e+01	1.927962e+00	4.580550e+00
R	8.118621e+01	-2.573432e+00	-4.828411e+00	225400000	-6.990039e+01	-4.236129e+01	1.982024e+00	4.558077e+00
L	-6.987263e+01	-4.213411e+01	225450000	-6.979981e+01	-4.213401e+01	2.041083e+00	4.532588e+00
R	8.111185e+01	-2.616582e+00	-3.969835e+00	225500000	-6.969615e+01	-4.190808e+01	2.104779e+00	4.504005e+00
L	-6.963170e+01	-4.205722e+01	225550000	-6.958921e+01	-4.168365e+01	2.172756e+00	4.472242e+00
R	8.109004e+01	-2.595889e+00	-4.198018e+00	225600000	-6.947876e+01	-4.146090e+01	2.244667e+00	4.437210e+00
L	-6.949827e+01	-4.151007e+01	225650000	-6.936463e+01	-4.123998e+01	2.320169e+00	4.398820e+00
R	8.108196e+01	-2.608463e+00	-4.002878e+00	225700000	-6.924665e+01	-4.102107e+01	2.398924e+00	4.356982e+00
L	-6.905797e+01	-4.081932e+01	225750000	-6.912465e+01	-4.080433e+01	2.480600e+00	4.311610e+00
R	8.052714e+01	-2.572198e+00	-4.014164e+00	225800000	-6.899850e+01	-4.058996e+01	2.564870e+00	4.262619e+00
L	-6.897979e+01	-4.052611e+01	225850000	-6.886808e+01	-4.037813e+01	2.651410e+00	4.209931e+00
R	7.995008e+01	-2.607608e+00	-4.498747e+00	225900000	-6.873329e+01	-4.016903e+01	2.739902e+00	4.153474e+00
L	-6.871752e+01	-4.018676e+01	225950000	-6.859403e+01	-3.996284e+01	2.830033e+00	4.093183e+00
R	7.949211e+01	-2.612015e+00	-4.833020e+00	226000000	-6.845023e+01	-3.975977e+01	2.921492e+00	4.029000e+00
L	-6.833921e+01	-3.973564e+01	226050000	-6.830183e+01	-3.956000e+01	3.013977e+00	3.960875e+00
R	7.851330e+01	-2.643429e+00	-4.515767e+00	226100000	-6.814878e+01	-3.936374e+01	3.107185e+00	3.888769e+00
L	-6.793184e+01	-3.919317e+01	226150000	-6.799107e+01	-3.917119e+01	3.200822e+00	3.812652e+00
R	7.879138e+01	-2.619640e+00	-4.862352e+00	226200000	-6.782867e+01	-3.898254e+01	3.294597e+00	3.732501e+00
L	-6.758611e+01	-3.866284e+01	226250000	-6.766158e+01	-3.879801e+01	3.388223e+00	3.648307e+00
R	7.740274e+01	-2.565854e+00	-4.731635e+00	226300000	-6.748982e+01	-3.861778e+01	3.481422e+00	3.560069e+00
L	-6.741225e+01	-3.826586e+01	226350000	-6.731342e+01	-3.844206e+01	3.573916e+00	3.467797e+00
R	7.752151e+01	-2.566030e+00	-4.565688e+00	226400000	-6.713242e+01	-3.827106e+01	3.665437e+00	3.371511e+00
L	-6.705910e+01	-3.809903e+01	226450000	-6.694687e+01	-3.810498e+01	3.755720e+00	3.271242e+00
R	7.677112e+01	-2.599690e+00	-5.403633e+00	226500000	-6.675685e+01	-3.794401e+01	3.844507e+00	3.167031e+00
L	-6.647251e+01	-3.784892e+01	226550000	-6.656243e+01	-3.778834e+01	3.931546e+00	3.058930e+00
R	7.592454e+01	-2.667781e+00	-5.231569e+00	226600000	-6.636370e+01	-3.763818e+01	4.016592e+00	2.947000e+00
L	-6.608681e+01	-3.739450e+01	226650000	-6.616078e+01	-3.749370e+01	4.099406e+00	2.831312e+00
R	7.585009e+01	-2.597855e+00	-5.135363e+00	226700000	-6.595378e+01	-3.735511e+01	4.179756e+00	2.711948e+00
L	-6.564831e+01	-3.713975e+01	226750000	-6.574283e+01	-3.722257e+01	4.257417e+00	2.588998e+00
R	7.523993e+01	-2.649172e+00	-5.237156e+00	226800000	-6.552807e+01	-3.709627e+01	4.332173e+00	2.462563e+00
L	-6.542619e+01	-3.693011e+01	226850000	-6.530964e+01	-3.697637e+01	4.403812e+00	2.332752e+00
R	7.478351e+01	-2.672478e+00	-4.824383e+00	226900000	-6.508772e+01	-3.686305e+01	4.472134e+00	2.199682e+00
L	-6.476318e+01	-3.691590e+01	226950000	-6.486247e+01	-3.675646e+01	4.536944e+00	2.063480e+00
R	7.458922e+01	-2.605312e+00	-4.912671e+00	227000000	-6.463407e+01	-3.665675e+01	4.598056e+00	1.924278e+00
L	-6.446762e+01	-3.637625e+01	227050000	-6.440271e+01	-3.656408e+01	4.655293e+00	1.782220e+00
R	7.378420e+01	-2.576811e+00	-4.931066e+00	227100000	-6.416859e+01	-3.647858e+01	4.708486e+00	1.637453e+00
L	-6.443152e+01	-3.657322e+01	227150000	-6.393192e+01	-3.640038e+01	4.757476e+00	1.490133e+00
R	7.355773e+01	-2.610018e+00	-4.593554e+00	227200000	-6.369290e+01	-3.632961e+01	4.802109e+00	1.340423e+00
L	-6.328812e+01	-3.602270e+01	227250000	-6.345176e+01	-3.626638e+01	4.842244e+00	1.188491e+00
R	7.273197e+01	-2.594640e+00	-4.517366e+00	227300000	-6.320874e+01	-3.621080e+01	4.877748e+00	1.034510e+00
L	-6.309343e+01	-3.607387e+01	227350000	-6.296405e+01	-3.616296e+01	4.908497e+00	8.786607e-01
R	7.269677e+01	-2.590129e+00	-4.064983e+00	227400000	-6.271795e+01	-3.612296e+01	4.934374e+00	7.211264e-01
L	-6.210862e+01	-3.605841e+01	227450000	-6.247069e+01	-3.609088e+01	4.955275e+00	5.620961e-01
R	7.177824e+01	-2.594693e+00	-4.463365e+00	227500000	-6.222250e+01	-3.606678e+01	4.971104e+00	4.017623e-01
L	-6.185407e+01	-3.600437e+01	227550000	-6.197365e+01	-3.605072e+01	4.981773e+00	2.403214e-01
R	7.095589e+01	-2.629631e+00	-4.573932e+00	227600000	-6.172440e+01	-3.604277e+01	4.987206e+00	7.797316e-02
L	-6.179550e+01	-3.595920e+01	227650000	-6.147500e+01	-3.604294e+01	4.987333e+00	-8.508003e-02
R	7.152893e+01	-2.641322e+00	-3.870141e+00	227700000	-6.122574e+01	-3.605129e+01	4.982098e+00	-2.486332e-01
L	-6.119308e+01	-3.617459e+01	227750000	-6.097687e+01	-3.606782e+01	4.971450e+00	-4.124793e-01
R	7.061188e+01	-2.592332e+00	-3.541662e+00	227800000	-6.072867e+01	-3.609254e+01	4.955350e+00	-5.764097e-01
L	-6.053640e+01	-3.608471e+01	227850000	-6.048142e+01	-3.612546e+01	4.933768e+00	-7.402144e-01
R	7.020535e+01	-2.591042e+00	-4.092004e+00	227900000	-6.023538e+01	-3.616656e+01	4.906683e+00	-9.036826e-01
L	-6.005180e+01	-3.623254e+01	227950000	-5.999083e+01	-3.621583e+01	4.874084e+00	-1.066603e+00
R	6.928880e+01	-2.585959e+00	-3.514933e+00	228000000	-5.974805e+01	-3.627322e+01	4.835968e+00	-1.228764e+00
L	-5.961076e+01	-3.638478e+01	228050000	-5.950732e+01	-3.633869e+01	4.792342e+00	-1.389954e+00
R	6.954164e+01	-2.541518e+00	-3.391080e+00	228100000	-5.926890e+01	-3.641220e+01	4.743222e+00	-1.549963e+00
L	-5.923524e+01	-3.648659e+01	228150000	-5.903308e+01	-3.649367e+01	4.688633e+00	-1.708580e+00
R	6.971021e+01	-2.593311e+00	-2.921102e+00	228200000	-5.880012e+01	-3.658304e+01	4.628609e+00	-1.865598e+00
L	-5.871741e+01	-3.680057e+01	228250000	-5.857030e+01	-3.668021e+01	4.563191e+00	-2.020809e+00
R	6.913565e+01	-2.568481e+00	-2.587864e+00	228300000	-5.834388e+01	-3.678509e+01	4.492431e+00	-2.174009e+00
L	-5.816870e+01	-3.674793e+01	228350000	-5.812114e+01	-3.689758e+01	4.416389e+00	-2.324995e+00
R	6.851536e+01	-2.552767e+00	-2.239679e+00	228400000	-5.790232e+01	-3.701755e+01	4.335130e+00	-2.473566e+00
L	-5.785763e+01	-3.724637e+01	228450000	-5.768770e+01	-3.714490e+01	4.248733e+00	-2.619526e+00
R	6.814565e+01	-2.557921e+00	-1.933000e+00	228500000	-5.747753e+01	-3.727947e+01	4.157279e+00	-2.762680e+00
L	-5.740095e+01	-3.748723e+01	228550000	-5.727205e+01	-3.742112e+01	4.060861e+00	-2.902839e+00
R	6.817953e+01	-2.550093e+00	-1.552244e+00	228600000	-5.707152e+01	-3.756970e+01	3.959577e+00	-3.039814e+00
L	-5.681530e+01	-3.754765e+01	228650000	-5.687617e+01	-3.772505e+01	3.853534e+00	-3.173424e+00
R	6.825742e+01	-2.518578e+00	-1.635224e+00	228700000	-5.668624e+01	-3.788699e+01	3.742845e+00	-3.303490e+00
L	-5.658552e+01	-3.800845e+01	228750000	-5.650195e+01	-3.805535e+01	3.627631e+00	-3.429838e+00
R	6.796078e+01	-2.505934e+00	-1.247724e+00	228800000	-5.632354e+01	-3.822992e+01	3.508019e+00	-3.552299e+00
L	-5.605891e+01	-3.815513e+01	228850000	-5.615122e+01	-3.841051e+01	3.384143e+00	-3.670709e+00
R	6.775126e+01	-2.559816e+00	-2.965928e-02	228900000	-5.598519e+01	-3.859693e+01	3.256142e+00	-3.784908e+00
L	-5.582488e+01	-3.892942e+01	228950000	-5.582567e+01	-3.878894e+01	3.124164e+00	-3.894744e+00
R	6.775835e+01	-2.514784e+00	1.662394e-01	229000000	-5.567284e+01	-3.898633e+01	2.988360e+00	-4.000068e+00
L	-5.589436e+01	-3.922175e+01	229050000	-5.552689e+01	-3.918887e+01	2.848887e+00	-4.100740e+00
R	6.778486e+01	-2.465955e+00	2.288834e-01	229100000	-5.538800e+01	-3.939633e+01	2.705909e+00	-4.196622e+00
L	-5.513598e+01	-3.972795e+01	229150000	-5.525635e+01	-3.960846e+01	2.559593e+00	-4.287585e+00
R	6.791479e+01	-2.592745e+00	9.107873e-01	229200000	-5.513209e+01	-3.982501e+01	2.410113e+00	-4.373507e+00
L	-5.485193e+01	-4.010377e+01	229250000	-5.501539e+01	-4.004573e+01	2.257646e+00	-4.454270e+00
R	6.774911e+01	-2.435130e+00	8.077271e-01	229300000	-5.490637e+01	-4.027036e+01	2.102373e+00	-4.529764e+00
L	-5.478870e+01	-4.035242e+01	229350000	-5.480519e+01	-4.049862e+01	1.944481e+00	-4.599886e+00
R	6.833592e+01	-2.524656e+00	1.997747e+00	229400000	-5.471196e+01	-4.073026e+01	1.784159e+00	-4.664540e+00
L	-5.482714e+01	-4.089030e+01	229450000	-5.462681e+01	-4.096499e+01	1.621600e+00	-4.723637e+00
R	6.817682e+01	-2.499271e+00	1.808162e+00	229500000	-5.454984e+01	-4.120254e+01	1.457000e+00	-4.777095e+00
L	-5.473146e+01	-4.140205e+01	229550000	-5.448114e+01	-4.144261e+01	1.290559e+00	-4.824839e+00
R	6.889585e+01	-2.503655e+00	2.402064e+00	229600000	-5.442081e+01	-4.168493e+01	1.122479e+00	-4.866802e+00
L	-5.426779e+01	-4.185286e+01	229650000	-5.436892e+01	-4.192920e+01	9.529642e-01	-4.902924e+00
R	6.847356e+01	-2.506235e+00	2.506004e+00	229700000	-5.432553e+01	-4.217513e+01	7.822206e-01	-4.933153e+00
L	-5.421848e+01	-4.239534e+01	229750000	-5.429071e+01	-4.242242e+01	6.104568e-01	-4.957444e+00
R	6.850824e+01	-2.450538e+00	2.401955e+00	229800000	-5.426450e+01	-4.267078e+01	4.378827e-01	-4.975760e+00
L	-5.403984e+01	-4.260621e+01	229850000	-5.424693e+01	-4.291990e+01	2.647094e-01	-4.988072e+00
R	6.975449e+01	-2.474500e+00	3.164722e+00	229900000	-5.423804e+01	-4.316949e+01	9.114891e-02	-4.994358e+00
L	-5.449106e+01	-4.346159e+01	229950000	-5.423782e+01	-4.341924e+01	-8.258587e-02	-4.994603e+00
R	7.033135e+01	-2.521977e+00	3.431455e+00	230000000	-5.424629e+01	-4.366885e+01	-2.562817e-01	-4.988801e+00
L	-5.429091e+01	-4.383781e+01	230050000	-5.426316e+01	-4.391704e+01	-4.193295e-01	-4.957770e+00
R	6.984206e+01	-2.434419e+00	3.540849e+00	230100000	-5.428792e+01	-4.416359e+01	-5.725198e-01	-4.922782e+00
L	-5.448396e+01	-4.454211e+01	230150000	-5.432009e+01	-4.440832e+01	-7.163180e-01	-4.884599e+00
R	7.048230e+01	-2.498043e+00	3.985283e+00	230200000	-5.435921e+01	-4.465109e+01	-8.511933e-01	-4.843887e+00
L	-5.473009e+01	-4.466799e+01	230250000	-5.440485e+01	-4.489178e+01	-9.776125e-01	-4.801226e+00
R	7.039779e+01	-2.406396e+00	4.385180e+00	230300000	-5.445661e+01	-4.513031e+01	-1.096035e+00	-4.757120e+00
L	-5.455416e+01	-4.513420e+01	230350000	-5.451408e+01	-4.536662e+01	-1.206908e+00	-4.712004e+00
R	7.117722e+01	-2.433307e+00	4.458130e+00	230400000	-5.457692e+01	-4.560067e+01	-1.310667e+00	-4.666255e+00
L	-5.468506e+01	-4.569308e+01	230450000	-5.464477e+01	-4.583243e+01	-1.407730e+00	-4.620194e+00
R	7.129245e+01	-2.394110e+00	3.916138e+00	230500000	-5.471730e+01	-4.606190e+01	-1.498497e+00	-4.574095e+00
L	-5.462335e+01	-4.625648e+01	230550000	-5.479423e+01	-4.628907e+01	-1.583351e+00	-4.528191e+00
R	7.213467e+01	-2.497570e+00	4.155888e+00	230600000	-5.487525e+01	-4.651398e+01	-1.662655e+00	-4.482679e+00
L	-5.487243e+01	-4.666699e+01	230650000	-5.496010e+01	-4.673663e+01	-1.736756e+00	-4.437722e+00
R	7.219880e+01	-2.404845e+00	4.164564e+00	230700000	-5.504853e+01	-4.695705e+01	-1.805979e+00	-4.393456e+00
L	-5.530655e+01	-4.713002e+01	230750000	-5.514030e+01	-4.717530e+01	-1.870633e+00	-4.349993e+00
R	7.276301e+01	-2.457146e+00	3.884753e+00	230800000	-5.523520e+01	-4.739140e+01	-1.931009e+00	-4.307422e+00
L	-5.518733e+01	-4.769930e+01	230850000	-5.533302e+01	-4.760541e+01	-1.987380e+00	-4.265815e+00
R	7.313062e+01	-2.389573e+00	4.206386e+00	230900000	-5.543355e+01	-4.781737e+01	-2.040003e+00	-4.225226e+00
L	-5.548758e+01	-4.810440e+01	230950000	-5.553663e+01	-4.802733e+01	-2.089119e+00	-4.185697e+00
R	7.345349e+01	-2.473781e+00	4.827340e+00	231000000	-5.564208e+01	-4.823535e+01	-2.134955e+00	-4.147258e+00
L	-5.568802e+01	-4.838974e+01	231050000	-5.574975e+01	-4.844149e+01	-2.177723e+00	-4.109926e+00
R	7.407194e+01	-2.451688e+00	4.396674e+00	231100000	-5.585948e+01	-4.864580e+01	-2.217620e+00	-4.073713e+00
L	-5.612422e+01	-4.879876e+01	231150000	-5.597114e+01	-4.884833e+01	-2.254834e+00	-4.038621e+00
R	7.464674e+01	-2.429070e+00	4.550794e+00	231200000	-5.608460e+01	-4.904914e+01	-2.289537e+00	-4.004646e+00
L	-5.610398e+01	-4.918919e+01	231250000	-5.619973e+01	-4.924828e+01	-2.321893e+00	-3.971780e+00
R	7.448616e+01	-2.443522e+00	4.342165e+00	231300000	-5.631643e+01	-4.944582e+01	-2.352052e+00	-3.940010e+00
L	-5.625041e+01	-4.964991e+01	231350000	-5.643459e+01	-4.964180e+01	-2.380158e+00	-3.909318e+00
R	7.544012e+01	-2.417695e+00	4.258898e+00	231400000	-5.655410e+01	-4.983628e+01	-2.406343e+00	-3.879684e+00
L	-5.662199e+01	-5.025980e+01	231450000	-5.667488e+01	-5.002931e+01	-2.430731e+00	-3.851087e+00
R	7.558576e+01	-2.363456e+00	4.640415e+00	231500000	-5.679684e+01	-5.022094e+01	-2.453438e+00	-3.823501e+00
L	-5.701141e+01	-5.033961e+01	231550000	-5.691989e+01	-5.041122e+01	-2.474573e+00	-3.796902e+00
R	7.612523e+01	-2.448671e+00	4.434422e+00	231600000	-5.704397e+01	-5.060021e+01	-2.494236e+00	-3.771261e+00
L	-5.728145e+01	-5.059223e+01	231650000	-5.716899e+01	-5.078794e+01	-2.512522e+00	-3.746552e+00
R	7.662276e+01	-2.436590e+00	4.363377e+00	231700000	-5.729490e+01	-5.097446e+01	-2.529521e+00	-3.722746e+00
L	-5.745408e+01	-5.104681e+01	231750000	-5.742163e+01	-5.115981e+01	-2.545313e+00	-3.699815e+00
R	7.733409e+01	-2.440652e+00	4.568609e+00	231800000	-5.754912e+01	-5.134405e+01	-2.559977e+00	-3.677731e+00
L	-5.750173e+01	-5.147255e+01	231850000	-5.767733e+01	-5.152721e+01	-2.573585e+00	-3.656464e+00
R	7.786616e+01	-2.430499e+00	4.671695e+00	231900000	-5.780619e+01	-5.170933e+01	-2.586205e+00	-3.635986e+00
L	-5.791931e+01	-5.171636e+01	231950000	-5.793565e+01	-5.189045e+01	-2.597899e+00	-3.616271e+00
R	7.806456e+01	-2.394739e+00	3.837912e+00	232000000	-5.806569e+01	-5.207060e+01	-2.608727e+00	-3.597289e+00
L	-5.839217e+01	-5.223998e+01	232050000	-5.819625e+01	-5.224983e+01	-2.618745e+00	-3.579015e+00
R	7.810243e+01	-2.445924e+00	3.591155e+00	232100000	-5.832729e+01	-5.242817e+01	-2.628003e+00	-3.561421e+00
L	-5.862063e+01	-5.257035e+01	232150000	-5.845877e+01	-5.260564e+01	-2.636551e+00	-3.544483e+00
R	7.849684e+01	-2.390848e+00	3.772475e+00	232200000	-5.859067e+01	-5.278229e+01	-2.644433e+00	-3.528175e+00
L	-5.843396e+01	-5.278047e+01	232250000	-5.872295e+01	-5.295814e+01	-2.651693e+00	-3.512473e+00
R	7.856383e+01	-2.467459e+00	4.322946e+00	232300000	-5.885558e+01	-5.313323e+01	-2.658370e+00	-3.497354e+00
L	-5.924459e+01	-5.341716e+01	232350000	-5.898854e+01	-5.330758e+01	-2.664502e+00	-3.482793e+00
R	7.982373e+01	-2.465215e+00	4.493502e+00	232400000	-5.912179e+01	-5.348121e+01	-2.670123e+00	-3.468771e+00
L	-5.927041e+01	-5.387112e+01	232450000	-5.925531e+01	-5.365416e+01	-2.675266e+00	-3.455264e+00
R	8.054064e+01	-2.386091e+00	4.100865e+00	232500000	-5.938907e+01	-5.382646e+01	-2.679962e+00	-3.442252e+00
L	-5.936782e+01	-5.409620e+01	232550000	-5.952307e+01	-5.399811e+01	-2.684240e+00	-3.429716e+00
R	8.006094e+01	-2.410069e+00	4.313340e+00	232600000	-5.965727e+01	-5.416916e+01	-2.688126e+00	-3.417636e+00
L	-5.980676e+01	-5.434727e+01	232650000	-5.979165e+01	-5.433961e+01	-2.691646e+00	-3.405994e+00
R	8.103650e+01	-2.408656e+00	4.326865e+00	232700000	-5.992621e+01	-5.450950e+01	-2.694824e+00	-3.394773e+00
L	-5.990449e+01	-5.468476e+01	232750000	-6.006092e+01	-5.467883e+01	-2.697683e+00	-3.383954e+00
R	8.164855e+01	-2.414830e+00	4.030694e+00	232800000	-6.019576e+01	-5.484764e+01	-2.700242e+00	-3.373523e+00
L	-6.054492e+01	-5.495771e+01	232850000	-6.033073e+01	-5.501594e+01	-2.702521e+00	-3.363462e+00
R	8.191081e+01	-2.440744e+00	3.880675e+00	232900000	-6.046581e+01	-5.518375e+01	-2.704540e+00	-3.353758e+00
L	-6.035635e+01	-5.529309e+01	232950000	-6.060099e+01	-5.535108e+01	-2.706315e+00	-3.344395e+00
R	8.215903e+01	-2.398117e+00	4.047285e+00	233000000	-6.073625e+01	-5.551796e+01	-2.707862e+00	-3.335360e+00
L	-6.085717e+01	-5.565296e+01	233050000	-6.087158e+01	-5.568439e+01	-2.709198e+00	-3.326640e+00
R	8.224679e+01	-2.434888e+00	4.308563e+00	233100000	-6.100698e+01	-5.585040e+01	-2.710335e+00	-3.318222e+00
L	-6.132618e+01	-5.588778e+01	233150000	-6.114243e+01	-5.601600e+01	-2.711288e+00	-3.310093e+00
R	8.305920e+01	-2.408217e+00	4.429600e+00	233200000	-6.127792e+01	-5.618120e+01	-2.712068e+00	-3.302242e+00
L	-6.138084e+01	-5.622283e+01	233250000	-6.141345e+01	-5.634602e+01	-2.712689e+00	-3.294657e+00
R	8.334458e+01	-2.387920e+00	4.415191e+00	233300000	-6.154902e+01	-5.651047e+01	-2.713161e+00	-3.287329e+00
L	-6.172550e+01	-5.672466e+01	233350000	-6.168460e+01	-5.667455e+01	-2.713494e+00	-3.280247e+00
R	8.410676e+01	-2.372168e+00	4.021572e+00	233400000	-6.182020e+01	-5.683830e+01	-2.713699e+00	-3.273401e+00
L	-6.188242e+01	-5.712730e+01	233450000	-6.195580e+01	-5.700170e+01	-2.713784e+00	-3.266781e+00
R	8.393398e+01	-2.380402e+00	4.186207e+00	233500000	-6.209141e+01	-5.716479e+01	-2.713759e+00	-3.260379e+00
L	-6.237350e+01	-5.747059e+01	233550000	-6.222702e+01	-5.732756e+01	-2.713630e+00	-3.254186e+00
R	8.491795e+01	-2.388748e+00	4.478901e+00	233600000	-6.236262e+01	-5.749003e+01	-2.713407e+00	-3.248195e+00
L	-6.247210e+01	-5.771306e+01	233650000	-6.249821e+01	-5.765220e+01	-2.713096e+00	-3.242396e+00
R	8.553849e+01	-2.337059e+00	4.164376e+00	233700000	-6.263378e+01	-5.781409e+01	-2.712704e+00	-3.236783e+00
L	-6.284477e+01	-5.797256e+01	233750000	-6.276933e+01	-5.797571e+01	-2.712236e+00	-3.231348e+00
R	8.550414e+01	-2.436349e+00	4.209034e+00	233800000	-6.290486e+01	-5.813706e+01	-2.711700e+00	-3.226085e+00
L	-6.304062e+01	-5.842911e+01	233850000	-6.304036e+01	-5.829816e+01	-2.711101e+00	-3.220986e+00
R	8.638892e+01	-2.313820e+00	4.260869e+00	233900000	-6.317583e+01	-5.845900e+01	-2.710443e+00	-3.216047e+00
L	-6.344607e+01	-5.862204e+01	233950000	-6.331127e+01	-5.861961e+01	-2.709733e+00	-3.211260e+00
R	8.663640e+01	-2.397845e+00	4.176158e+00	234000000	-6.344667e+01	-5.877998e+01	-2.708973e+00	-3.206620e+00
L	-6.353208e+01	-5.908335e+01	234050000	-6.358204e+01	-5.894012e+01	-2.708170e+00	-3.202121e+00
R	8.708192e+01	-2.415686e+00	4.697648e+00	234100000	-6.371736e+01	-5.910004e+01	-2.707326e+00	-3.197758e+00
L	-6.394811e+01	-5.952626e+01	234150000	-6.385264e+01	-5.925975e+01	-2.706445e+00	-3.193526e+00
R	8.755585e+01	-2.431091e+00	5.301983e+00	234200000	-6.398788e+01	-5.941926e+01	-2.705532e+00	-3.189421e+00
L	-6.393724e+01	-5.946952e+01	234250000	-6.412308e+01	-5.957856e+01	-2.704589e+00	-3.185437e+00
R	8.747601e+01	-2.370993e+00	4.375664e+00	234300000	-6.425823e+01	-5.973767e+01	-2.703619e+00	-3.181571e+00
L	-6.442953e+01	-5.997627e+01	234350000	-6.439332e+01	-5.989658e+01	-2.702626e+00	-3.177817e+00
R	8.793887e+01	-2.377693e+00	4.315738e+00	234400000	-6.452838e+01	-6.005532e+01	-2.701612e+00	-3.174172e+00
L	-6.473549e+01	-6.024486e+01	234450000	-6.466338e+01	-6.021387e+01	-2.700580e+00	-3.170632e+00
R	8.882235e+01	-2.353175e+00	4.142347e+00	234500000	-6.479832e+01	-6.037226e+01	-2.699532e+00	-3.167193e+00
L	-6.498636e+01	-6.043321e+01	234550000	-6.493322e+01	-6.053047e+01	-2.698470e+00	-3.163852e+00
R	8.840768e+01	-2.406357e+00	3.883196e+00	234600000	-6.506807e+01	-6.068852e+01	-2.697397e+00	-3.160606e+00
L	-6.527841e+01	-6.080166e+01	234650000	-6.520286e+01	-6.084642e+01	-2.696314e+00	-3.157450e+00
R	8.971938e+01	-2.328280e+00	4.604846e+00	234700000	-6.533760e+01	-6.100415e+01	-2.695223e+00	-3.154382e+00
L	-6.552569e+01	-6.112660e+01	234750000	-6.547228e+01	-6.116174e+01	-2.694126e+00	-3.151399e+00
R	8.962504e+01	-2.379494e+00	4.017890e+00	234800000	-6.560692e+01	-6.131918e+01	-2.693024e+00	-3.148498e+00
L	-6.564942e+01	-6.132650e+01	234850000	-6.574149e+01	-6.147648e+01	-2.691920e+00	-3.145676e+00
R	9.006780e+01	-2.349999e+00	4.310201e+00	234900000	-6.587602e+01	-6.163364e+01	-2.690813e+00	-3.142931e+00
L	-6.607421e+01	-6.190396e+01	234950000	-6.601048e+01	-6.179067e+01	-2.689706e+00	-3.140260e+00
R	9.109685e+01	-2.419790e+00	4.655162e+00	235000000	-6.614490e+01	-6.194757e+01	-2.688600e+00	-3.137660e+00
L	-6.598210e+01	-6.203944e+01	235050000	-6.627926e+01	-6.210434e+01	-2.687496e+00	-3.135129e+00
R	9.111327e+01	-2.393239e+00	3.812148e+00	235100000	-6.641356e+01	-6.226098e+01	-2.686394e+00	-3.132665e+00
L	-6.640637e+01	-6.250443e+01	235150000	-6.654781e+01	-6.241751e+01	-2.685297e+00	-3.130266e+00
R	9.141613e+01	-2.324258e+00	4.157732e+00	235200000	-6.668201e+01	-6.257392e+01	-2.684204e+00	-3.127930e+00
L	-6.644202e+01	-6.248572e+01	235250000	-6.681615e+01	-6.273021e+01	-2.683116e+00	-3.125654e+00
R	9.211268e+01	-2.365358e+00	4.680859e+00	235300000	-6.695024e+01	-6.288639e+01	-2.682035e+00	-3.123438e+00
L	-6.711509e+01	-6.312092e+01	235350000	-6.708428e+01	-6.304247e+01	-2.680960e+00	-3.121278e+00
R	9.222546e+01	-2.421030e+00	3.831010e+00	235400000	-6.721826e+01	-6.319843e+01	-2.679893e+00	-3.119173e+00
L	-6.741578e+01	-6.319783e+01	235450000	-6.735220e+01	-6.335430e+01	-2.678834e+00	-3.117121e+00
R	9.279970e+01	-2.395542e+00	3.926118e+00	235500000	-6.748608e+01	-6.351006e+01	-2.677783e+00	-3.115122e+00
L	-6.773895e+01	-6.384571e+01	235550000	-6.761990e+01	-6.366573e+01	-2.676742e+00	-3.113172e+00
R	9.276731e+01	-2.435449e+00	4.150343e+00	235600000	-6.775368e+01	-6.382130e+01	-2.675710e+00	-3.111271e+00
L	-6.782813e+01	-6.405628e+01	235650000	-6.788741e+01	-6.397678e+01	-2.674688e+00	-3.109418e+00
R	9.351723e+01	-2.370086e+00	4.277741e+00	235700000	-6.802108e+01	-6.413217e+01	-2.673676e+00	-3.107610e+00
L	-6.819275e+01	-6.422925e+01	235750000	-6.815471e+01	-6.428746e+01	-2.672675e+00	-3.105847e+00
R	9.396046e+01	-2.436707e+00	4.429388e+00	235800000	-6.828829e+01	-6.444268e+01	-2.671685e+00	-3.104126e+00
L	-6.833702e+01	-6.453184e+01	235850000	-6.842181e+01	-6.459781e+01	-2.670705e+00	-3.102448e+00
R	9.447724e+01	-2.344344e+00	3.685809e+00	235900000	-6.855530e+01	-6.475285e+01	-2.669737e+00	-3.100810e+00
L	-6.833201e+01	-6.499700e+01	235950000	-6.868873e+01	-6.490782e+01	-2.668781e+00	-3.099212e+00
R	9.439152e+01	-2.439313e+00	3.776695e+00	236000000	-6.882211e+01	-6.506270e+01	-2.667836e+00	-3.097652e+00
L	-6.895050e+01	-6.529708e+01	236050000	-6.895545e+01	-6.521752e+01	-2.666903e+00	-3.096130e+00
R	9.472514e+01	-2.363056e+00	3.448092e+00	236100000	-6.908875e+01	-6.537225e+01	-2.665982e+00	-3.094643e+00
L	-6.938956e+01	-6.520823e+01	236150000	-6.922200e+01	-6.552692e+01	-2.665073e+00	-3.093192e+00
R	9.565992e+01	-2.390454e+00	4.122570e+00	236200000	-6.935520e+01	-6.568151e+01	-2.664176e+00	-3.091775e+00
L	-6.945777e+01	-6.574595e+01	236250000	-6.948836e+01	-6.583603e+01	-2.663291e+00	-3.090391e+00
R	9.597575e+01	-2.376780e+00	4.106861e+00	236300000	-6.962148e+01	-6.599049e+01	-2.662419e+00	-3.089040e+00
L	-6.984019e+01	-6.623090e+01	236350000	-6.975455e+01	-6.614488e+01	-2.661559e+00	-3.087720e+00
R	9.668301e+01	-2.409938e+00	4.082413e+00	236400000	-6.988758e+01	-6.629920e+01	-2.660711e+00	-3.086431e+00
L	-7.021143e+01	-6.665344e+01	236450000	-7.002057e+01	-6.645346e+01	-2.659875e+00	-3.085171e+00
R	9.644613e+01	-2.397461e+00	4.143378e+00	236500000	-7.015352e+01	-6.660766e+01	-2.659052e+00	-3.083940e+00
L	-7.008247e+01	-6.683381e+01	236550000	-7.028643e+01	-6.676180e+01	-2.658241e+00	-3.082738e+00
R	9.709953e+01	-2.391095e+00	4.553653e+00	236600000	-7.041930e+01	-6.691588e+01	-2.657442e+00	-3.081563e+00
L	-7.043134e+01	-6.713252e+01	236650000	-7.055213e+01	-6.706991e+01	-2.656656e+00	-3.080415e+00
R	9.772674e+01	-2.395685e+00	4.168135e+00	236700000	-7.068492e+01	-6.722387e+01	-2.655882e+00	-3.079293e+00
L	-7.098008e+01	-6.758873e+01	236750000	-7.081768e+01	-6.737779e+01	-2.655119e+00	-3.078196e+00
R	9.781756e+01	-2.394408e+00	3.805145e+00	236800000	-7.095039e+01	-6.753164e+01	-2.654369e+00	-3.077124e+00
L	-7.113685e+01	-6.769193e+01	236850000	-7.108307e+01	-6.768545e+01	-2.653631e+00	-3.076076e+00
R	9.807033e+01	-2.348280e+00	4.193878e+00	236900000	-7.121571e+01	-6.783921e+01	-2.652904e+00	-3.075052e+00
L	-7.136544e+01	-6.796915e+01	236950000	-7.134832e+01	-6.799291e+01	-2.652190e+00	-3.074050e+00
R	9.908800e+01	-2.351013e+00	4.283501e+00	237000000	-7.148089e+01	-6.814657e+01	-2.651487e+00	-3.073071e+00
L	-7.169981e+01	-6.800775e+01	237050000	-7.161343e+01	-6.830017e+01	-2.650795e+00	-3.072113e+00
R	9.905083e+01	-2.349597e+00	4.161714e+00	237100000	-7.174593e+01	-6.845373e+01	-2.650115e+00	-3.071177e+00
L	-7.188455e+01	-6.848802e+01	237150000	-7.187841e+01	-6.860725e+01	-2.649447e+00	-3.070261e+00
R	9.930321e+01	-2.436414e+00	4.464067e+00	237200000	-7.201084e+01	-6.876072e+01	-2.648789e+00	-3.069366e+00
L	-7.204449e+01	-6.891505e+01	237250000	-7.214325e+01	-6.891414e+01	-2.648143e+00	-3.068490e+00
R	1.000843e+02	-2.396828e+00	4.518565e+00	237300000	-7.227562e+01	-6.906753e+01	-2.647508e+00	-3.067633e+00
L	-7.238239e+01	-6.934441e+01	237350000	-7.240797e+01	-6.922087e+01	-2.646883e+00	-3.066795e+00
R	1.006966e+02	-2.344076e+00	4.516620e+00	237400000	-7.254028e+01	-6.937417e+01	-2.646270e+00	-3.065975e+00
L	-7.293846e+01	-6.956962e+01	237450000	-7.267256e+01	-6.952743e+01	-2.645667e+00	-3.065173e+00
R	1.006355e+02	-2.361620e+00	4.378680e+00	237500000	-7.280481e+01	-6.968065e+01	-2.645074e+00	-3.064388e+00
L	-7.299718e+01	-6.988239e+01	237550000	-7.293704e+01	-6.983383e+01	-2.644492e+00	-3.063621e+00
R	1.012773e+02	-2.356222e+00	4.395126e+00	237600000	-7.306923e+01	-6.998697e+01	-2.643920e+00	-3.062870e+00
L	-7.341414e+01	-7.033534e+01	237650000	-7.320140e+01	-7.014008e+01	-2.643359e+00	-3.062135e+00
R	1.015834e+02	-2.394590e+00	4.410983e+00	237700000	-7.333354e+01	-7.029315e+01	-2.642807e+00	-3.061416e+00
L	-7.353875e+01	-7.036995e+01	237750000	-7.346565e+01	-7.044619e+01	-2.642265e+00	-3.060712e+00
R	1.017963e+02	-2.306229e+00	3.838579e+00	237800000	-7.359773e+01	-7.059919e+01	-2.641733e+00	-3.060023e+00
L	-7.382270e+01	-7.044326e+01	237850000	-7.372979e+01	-7.075216e+01	-2.641210e+00	-3.059349e+00
R	1.030125e+02	-2.387731e+00	3.864178e+00	237900000	-7.386183e+01	-7.090509e+01	-2.640697e+00	-3.058690e+00
L	-7.397763e+01	-7.105431e+01	237950000	-7.399384e+01	-7.105800e+01	-2.640193e+00	-3.058044e+00
R	1.027862e+02	-2.376568e+00	4.403883e+00	238000000	-7.412582e+01	-7.121087e+01	-2.639698e+00	-3.057412e+00
L	-7.438602e+01	-7.104912e+01	238050000	-7.425778e+01	-7.136371e+01	-2.639212e+00	-3.056794e+00
R	1.026160e+02	-2.425404e+00	4.307588e+00	238100000	-7.438972e+01	-7.151652e+01	-2.638735e+00	-3.056189e+00
L	-7.446557e+01	-7.149670e+01	238150000	-7.452163e+01	-7.166930e+01	-2.638267e+00	-3.055596e+00
R	1.040313e+02	-2.370540e+00	3.477115e+00	238200000	-7.465352e+01	-7.182205e+01	-2.637807e+00	-3.055016e+00
L	-7.467888e+01	-7.200871e+01	238250000	-7.478539e+01	-7.197477e+01	-2.637356e+00	-3.054448e+00
R	1.040928e+02	-2.417283e+00	3.865366e+00	238300000	-7.491723e+01	-7.212747e+01	-2.636913e+00	-3.053892e+00
L	-7.498685e+01	-7.225114e+01	238350000	-7.504906e+01	-7.228014e+01	-2.636479e+00	-3.053348e+00
R	1.042977e+02	-2.351323e+00	3.961407e+00	238400000	-7.518086e+01	-7.243278e+01	-2.636052e+00	-3.052816e+00
L	-7.525250e+01	-7.263349e+01	238450000	-7.531264e+01	-7.258539e+01	-2.635634e+00	-3.052294e+00
R	1.047514e+02	-2.446411e+00	4.203090e+00	238500000	-7.544440e+01	-7.273798e+01	-2.635223e+00	-3.051783e+00
L	-7.544368e+01	-7.300960e+01	238550000	-7.557614e+01	-7.289055e+01	-2.634820e+00	-3.051283e+00
R	1.047518e+02	-2.359156e+00	4.024270e+00	238600000	-7.570786e+01	-7.304309e+01	-2.634424e+00	-3.050794e+00
L	-7.586573e+01	-7.313089e+01	238650000	-7.583956e+01	-7.319560e+01	-2.634036e+00	-3.050314e+00
R	1.053670e+02	-2.398231e+00	3.878171e+00	238700000	-7.597124e+01	-7.334810e+01	-2.633656e+00	-3.049845e+00
L	-7.620980e+01	-7.332560e+01	238750000	-7.610291e+01	-7.350057e+01	-2.633282e+00	-3.049385e+00
R	1.063516e+02	-2.384411e+00	4.044432e+00	238800000	-7.623455e+01	-7.365301e+01	-2.632916e+00	-3.048935e+00
L	-7.603948e+01	-7.384881e+01	238850000	-7.636618e+01	-7.380544e+01	-2.632556e+00	-3.048494e+00
R	1.062735e+02	-2.352999e+00	4.304257e+00	238900000	-7.649779e+01	-7.395784e+01	-2.632203e+00	-3.048062e+00
L	-7.664050e+01	-7.405334e+01	238950000	-7.662938e+01	-7.411022e+01	-2.631857e+00	-3.047640e+00
R	1.067116e+02	-2.411646e+00	4.093132e+00	239000000	-7.676096e+01	-7.426259e+01	-2.631518e+00	-3.047226e+00
L	-7.672860e+01	-7.457631e+01	239050000	-7.689252e+01	-7.441493e+01	-2.631185e+00	-3.046820e+00
R	1.073447e+02	-2.421010e+00	4.031361e+00	239100000	-7.702406e+01	-7.456725e+01	-2.630859e+00	-3.046423e+00
L	-7.708651e+01	-7.451559e+01	239150000	-7.715559e+01	-7.471955e+01	-2.630538e+00	-3.046034e+00
R	1.076000e+02	-2.395198e+00	3.842327e+00	239200000	-7.728710e+01	-7.487183e+01	-2.630224e+00	-3.045653e+00
L	-7.726740e+01	-7.518640e+01	239250000	-7.741859e+01	-7.502410e+01	-2.629916e+00	-3.045280e+00
R	1.084066e+02	-2.437684e+00	3.630504e+00	239300000	-7.755007e+01	-7.517634e+01	-2.629614e+00	-3.044915e+00
L	-7.758049e+01	-7.524804e+01	239350000	-7.768154e+01	-7.532857e+01	-2.629317e+00	-3.044557e+00
R	1.082253e+02	-2.375320e+00	3.768808e+00	239400000	-7.781299e+01	-7.548078e+01	-2.629026e+00	-3.044207e+00
L	-7.794630e+01	-7.545438e+01	239450000	-7.794442e+01	-7.563298e+01	-2.628741e+00	-3.043863e+00
R	1.083087e+02	-2.343474e+00	4.130143e+00	239500000	-7.807585e+01	-7.578515e+01	-2.628462e+00	-3.043527e+00
L	-7.821388e+01	-7.571868e+01	239550000	-7.820726e+01	-7.593731e+01	-2.628188e+00	-3.043198e+00
R	1.095312e+02	-2.369160e+00	4.355460e+00	239600000	-7.833865e+01	-7.608946e+01	-2.627919e+00	-3.042875e+00
L	-7.865669e+01	-7.636183e+01	239650000	-7.847003e+01	-7.624159e+01	-2.627655e+00	-3.042559e+00
R	1.100244e+02	-2.338665e+00	3.905331e+00	239700000	-7.860140e+01	-7.639370e+01	-2.627396e+00	-3.042249e+00
L	-7.891865e+01	-7.646977e+01	239750000	-7.873276e+01	-7.654580e+01	-2.627143e+00	-3.041946e+00
R	1.097612e+02	-2.437959e+00	3.922561e+00	239800000	-7.886411e+01	-7.669788e+01	-2.626894e+00	-3.041649e+00
L	-7.914604e+01	-7.671306e+01	239850000	-7.899544e+01	-7.684995e+01	-2.626650e+00	-3.041358e+00
R	1.099606e+02	-2.398456e+00	4.379705e+00	239900000	-7.912676e+01	-7.700200e+01	-2.626411e+00	-3.041073e+00
L	-7.931396e+01	-7.696547e+01	239950000	-7.925807e+01	-7.715404e+01	-2.626177e+00	-3.040794e+00
R	1.111533e+02	-2.398218e+00	4.346719e+00	240000000	-7.938936e+01	-7.730607e+01	-2.625947e+00	-3.040520e+00
L	-7.939134e+01	-7.754742e+01	240050000	-7.952054e+01	-7.745818e+01	-2.621158e+00	-3.044187e+00
R	1.108213e+02	-2.338496e+00	3.697034e+00	240100000	-7.965136e+01	-7.761057e+01	-2.612023e+00	-3.051577e+00
L	-7.956524e+01	-7.764612e+01	240150000	-7.978162e+01	-7.776341e+01	-2.598728e+00	-3.062466e+00
R	1.112966e+02	-2.439307e+00	3.894608e+00	240200000	-7.991112e+01	-7.791688e+01	-2.581437e+00	-3.076625e+00
L	-7.995811e+01	-7.826572e+01	240250000	-8.003966e+01	-7.807114e+01	-2.560295e+00	-3.093822e+00
R	1.120865e+02	-2.412391e+00	4.372406e+00	240300000	-8.016705e+01	-7.822632e+01	-2.535430e+00	-3.113824e+00
L	-8.026198e+01	-7.802438e+01	240350000	-8.029311e+01	-7.838257e+01	-2.506956e+00	-3.136397e+00
R	1.125174e+02	-2.313070e+00	4.372309e+00	240400000	-8.041765e+01	-7.854001e+01	-2.474974e+00	-3.161309e+00
L	-8.046286e+01	-7.892839e+01	240450000	-8.054051e+01	-7.869875e+01	-2.439577e+00	-3.188329e+00
R	1.129393e+02	-2.386102e+00	4.080545e+00	240500000	-8.066152e+01	-7.885888e+01	-2.400849e+00	-3.217229e+00
L	-8.090574e+01	-7.890863e+01	240550000	-8.078051e+01	-7.902051e+01	-2.358865e+00	-3.247783e+00
R	1.131634e+02	-2.375753e+00	3.978887e+00	240600000	-8.089732e+01	-7.918369e+01	-2.313698e+00	-3.279770e+00
L	-8.145629e+01	-7.922902e+01	240650000	-8.101180e+01	-7.934851e+01	-2.265417e+00	-3.312970e+00
R	1.135504e+02	-2.313094e+00	4.054183e+00	240700000	-8.112378e+01	-7.951501e+01	-2.214085e+00	-3.347171e+00
L	-8.098399e+01	-7.980966e+01	240750000	-8.123313e+01	-7.968324e+01	-2.159767e+00	-3.382161e+00
R	1.139081e+02	-2.388020e+00	4.056050e+00	240800000	-8.133968e+01	-7.985324e+01	-2.102524e+00	-3.417737e+00
L	-8.132755e+01	-8.029038e+01	240850000	-8.144331e+01	-8.002502e+01	-2.042418e+00	-3.453698e+00
R	1.145411e+02	-2.385702e+00	3.491996e+00	240900000	-8.154385e+01	-8.019861e+01	-1.979511e+00	-3.489848e+00
L	-8.180560e+01	-8.031841e+01	240950000	-8.164119e+01	-8.037400e+01	-1.913867e+00	-3.525998e+00
R	1.145721e+02	-2.356911e+00	3.692682e+00	241000000	-8.173517e+01	-8.055120e+01	-1.845549e+00	-3.561964e+00
L	-8.186326e+01	-8.094113e+01	241050000	-8.182568e+01	-8.073019e+01	-1.774624e+00	-3.597565e+00
R	1.150003e+02	-2.329881e+00	3.878083e+00	241100000	-8.191257e+01	-8.091095e+01	-1.701159e+00	-3.632628e+00
L	-8.186008e+01	-8.111510e+01	241150000	-8.199573e+01	-8.109344e+01	-1.625224e+00	-3.666984e+00
R	1.159775e+02	-2.393169e+00	4.141246e+00	241200000	-8.207504e+01	-8.127763e+01	-1.546892e+00	-3.700471e+00
L	-8.195089e+01	-8.161663e+01	241250000	-8.215037e+01	-8.146347e+01	-1.466237e+00	-3.732932e+00
R	1.161323e+02	-2.366375e+00	3.936868e+00	241300000	-8.222161e+01	-8.165090e+01	-1.383337e+00	-3.764215e+00
L	-8.216097e+01	-8.164419e+01	241350000	-8.228865e+01	-8.183986e+01	-1.298273e+00	-3.794175e+00
R	1.159832e+02	-2.404994e+00	3.368687e+00	241400000	-8.235138e+01	-8.203028e+01	-1.211126e+00	-3.822672e+00
L	-8.255648e+01	-8.225807e+01	241450000	-8.240971e+01	-8.222209e+01	-1.121983e+00	-3.849572e+00
R	1.165200e+02	-2.375298e+00	3.809457e+00	241500000	-8.246354e+01	-8.241521e+01	-1.030932e+00	-3.874747e+00
L	-8.240368e+01	-8.250021e+01	241550000	-8.251276e+01	-8.260953e+01	-9.380632e-01	-3.898076e+00
R	1.167155e+02	-2.358690e+00	3.845392e+00	241600000	-8.255730e+01	-8.280498e+01	-8.434703e-01	-3.919440e+00
L	-8.274469e+01	-8.303232e+01	241650000	-8.259707e+01	-8.300143e+01	-7.472490e-01	-3.938731e+00
R	1.173843e+02	-2.359439e+00	3.794340e+00	241700000	-8.263199e+01	-8.319880e+01	-6.494974e-01	-3.955843e+00
L	-8.273703e+01	-8.330184e+01	241750000	-8.266199e+01	-8.339697e+01	-5.503158e-01	-3.970678e+00
R	1.174189e+02	-2.361969e+00	3.095191e+00	241800000	-8.268699e+01	-8.359583e+01	-4.498066e-01	-3.983142e+00
L	-8.254478e+01	-8.379581e+01	241850000	-8.270694e+01	-8.379524e+01	-3.480741e-01	-3.993149e+00
R	1.182558e+02	-2.338977e+00	2.903590e+00	241900000	-8.272177e+01	-8.399509e+01	-2.452246e-01	-4.000616e+00
L	-8.283567e+01	-8.447899e+01	241950000	-8.273144e+01	-8.419525e+01	-1.413658e-01	-4.005468e+00
R	1.182053e+02	-2.323879e+00	2.863824e+00	242000000	-8.273589e+01	-8.439558e+01	-3.660705e-02	-4.007636e+00
L	-8.270229e+01	-8.438172e+01	242050000	-8.273508e+01	-8.459596e+01	6.894087e-02	-4.007054e+00
R	1.184773e+02	-2.339220e+00	2.745851e+00	242100000	-8.272897e+01	-8.479624e+01	1.751661e-01	-4.003664e+00
L	-8.268683e+01	-8.521419e+01	242150000	-8.271755e+01	-8.499627e+01	2.819558e-01	-3.997412e+00
R	1.183631e+02	-2.373965e+00	2.784921e+00	242200000	-8.270077e+01	-8.519592e+01	3.891960e-01	-3.988252e+00
L	-8.281934e+01	-8.545920e+01	242250000	-8.267862e+01	-8.539504e+01	4.967723e-01	-3.976140e+00
R	1.192134e+02	-2.371019e+00	1.991382e+00	242300000	-8.265108e+01	-8.559348e+01	6.045696e-01	-3.961040e+00
L	-8.284350e+01	-8.554460e+01	242350000	-8.261815e+01	-8.579108e+01	7.124725e-01	-3.942920e+00
R	1.191546e+02	-2.358795e+00	1.441657e+00	242400000	-8.257983e+01	-8.598771e+01	8.203652e-01	-3.921754e+00
L	-8.249747e+01	-8.629398e+01	242450000	-8.253612e+01	-8.618320e+01	9.281320e-01	-3.897519e+00
R	1.189954e+02	-2.286288e+00	2.326816e+00	242500000	-8.248702e+01	-8.637740e+01	1.035657e+00	-3.870201e+00
L	-8.248343e+01	-8.680561e+01	242550000	-8.243255e+01	-8.657016e+01	1.142825e+00	-3.839788e+00
R	1.202271e+02	-2.290774e+00	2.344956e+00	242600000	-8.237274e+01	-8.676132e+01	1.249521e+00	-3.806274e+00
L	-8.219507e+01	-8.696047e+01	242650000	-8.230761e+01	-8.695073e+01	1.355630e+00	-3.769656e+00
R	1.196637e+02	-2.331018e+00	2.231500e+00	242700000	-8.223719e+01	-8.713823e+01	1.461038e+00	-3.729939e+00
L	-8.219279e+01	-8.749395e+01	242750000	-8.216152e+01	-8.732367e+01	1.565632e+00	-3.687131e+00
R	1.199619e+02	-2.345352e+00	2.015393e+00	242800000	-8.208064e+01	-8.750689e+01	1.669300e+00	-3.641243e+00
L	-8.218459e+01	-8.783337e+01	242850000	-8.199461e+01	-8.768773e+01	1.771931e+00	-3.592293e+00
R	1.200318e+02	-2.363368e+00	4.920511e-01	242900000	-8.190347e+01	-8.786606e+01	1.873415e+00	-3.540302e+00
L	-8.195225e+01	-8.823309e+01	242950000	-8.180729e+01	-8.804171e+01	1.973643e+00	-3.485296e+00
R	1.203250e+02	-2.278551e+00	1.242829e+00	243000000	-8.170613e+01	-8.821453e+01	2.072508e+00	-3.427304e+00
L	-8.176062e+01	-8.838149e+01	243050000	-8.160006e+01	-8.838438e+01	2.169904e+00	-3.366360e+00
R	1.205163e+02	-2.320022e+00	5.388980e-01	243100000	-8.148916e+01	-8.855111e+01	2.265728e+00	-3.302503e+00
L	-8.144413e+01	-8.858491e+01	243150000	-8.137352e+01	-8.871458e+01	2.359877e+00	-3.235773e+00
R	1.205173e+02	-2.299998e+00	5.566683e-01	243200000	-8.125321e+01	-8.887464e+01	2.452250e+00	-3.166217e+00
L	-8.115119e+01	-8.908137e+01	243250000	-8.112833e+01	-8.903115e+01	2.542751e+00	-3.093883e+00
R	1.204009e+02	-2.346356e+00	9.233445e-01	243300000	-8.099897e+01	-8.918398e+01	2.631281e+00	-3.018824e+00
L	-8.094382e+01	-8.937248e+01	243350000	-8.086523e+01	-8.933298e+01	2.717748e+00	-2.941095e+00
R	1.201728e+02	-2.325183e+00	-4.410006e-01	243400000	-8.072723e+01	-8.947804e+01	2.802060e+00	-2.860758e+00
L	-8.048103e+01	-8.962805e+01	243450000	-8.058507e+01	-8.961901e+01	2.884126e+00	-2.777873e+00
R	1.201697e+02	-2.290451e+00	-9.547566e-02	243500000	-8.043886e+01	-8.975578e+01	2.963861e+00	-2.692508e+00
L	-8.040833e+01	-9.016564e+01	243550000	-8.028872e+01	-8.988822e+01	3.041179e+00	-2.604730e+00
R	1.202572e+02	-2.282386e+00	-2.491594e-01	243600000	-8.013478e+01	-9.001621e+01	3.115998e+00	-2.514612e+00
L	-8.019703e+01	-9.019552e+01	243650000	-7.997717e+01	-9.013964e+01	3.188240e+00	-2.422228e+00
R	1.204734e+02	-2.291657e+00	-7.800044e-01	243700000	-7.981601e+01	-9.025839e+01	3.257828e+00	-2.327655e+00
L	-7.980186e+01	-9.042004e+01	243750000	-7.965143e+01	-9.037237e+01	3.324688e+00	-2.230973e+00
R	1.205525e+02	-2.250611e+00	-6.932198e-01	243800000	-7.948359e+01	-9.048145e+01	3.388750e+00	-2.132265e+00
L	-7.955124e+01	-9.063072e+01	243850000	-7.931261e+01	-9.058556e+01	3.449945e+00	-2.031614e+00
R	1.203355e+02	-2.310867e+00	-1.259689e+00	243900000	-7.913864e+01	-9.068458e+01	3.508208e+00	-1.929108e+00
L	-7.911249e+01	-9.073769e+01	243950000	-7.896184e+01	-9.077844e+01	3.563479e+00	-1.824835e+00
R	1.204355e+02	-2.305798e+00	-1.352760e+00	244000000	-7.878235e+01	-9.086704e+01	3.615697e+00	-1.718887e+00
L	-7.855295e+01	-9.090608e+01	244050000	-7.860033e+01	-9.095030e+01	3.664807e+00	-1.611356e+00
R	1.205162e+02	-2.294908e+00	-1.001741e+00	244100000	-7.841593e+01	-9.102814e+01	3.710757e+00	-1.502337e+00
L	-7.827606e+01	-9.129415e+01	244150000	-7.822931e+01	-9.110051e+01	3.753497e+00	-1.391927e+00
R	1.202617e+02	-2.261037e+00	-1.283672e+00	244200000	-7.804063e+01	-9.116731e+01	3.792981e+00	-1.280222e+00
L	-7.773428e+01	-9.114890e+01	244250000	-7.785007e+01	-9.122851e+01	3.829166e+00	-1.167323e+00
R	1.196842e+02	-2.335167e+00	-1.891823e+00	244300000	-7.765777e+01	-9.128403e+01	3.862014e+00	-1.053330e+00
L	-7.746373e+01	-9.142139e+01	244350000	-7.746392e+01	-9.133382e+01	3.891487e+00	-9.383455e-01
R	1.197926e+02	-2.230423e+00	-1.939787e+00	244400000	-7.726869e+01	-9.137784e+01	3.917553e+00	-8.224716e-01
L	-7.720604e+01	-9.120438e+01	244450000	-7.707223e+01	-9.141605e+01	3.940182e+00	-7.058126e-01
R	1.194075e+02	-2.270738e+00	-2.765450e+00	244500000	-7.687473e+01	-9.144841e+01	3.959348e+00	-5.884734e-01
L	-7.693941e+01	-9.133982e+01	244550000	-7.667636e+01	-9.147489e+01	3.975029e+00	-4.705596e-01
R	1.193537e+02	-2.229189e+00	-1.613665e+00	244600000	-7.647729e+01	-9.149546e+01	3.987206e+00	-3.521776e-01
L	-7.629195e+01	-9.151274e+01	244650000	-7.627770e+01	-9.151010e+01	3.995862e+00	-2.334341e-01
R	1.189574e+02	-2.259615e+00	-2.150012e+00	244700000	-7.607776e+01	-9.151880e+01	4.000985e+00	-1.144364e-01
L	-7.598605e+01	-9.128398e+01	244750000	-7.587766e+01	-9.152154e+01	4.002566e+00	4.707757e-03
R	1.181757e+02	-2.245982e+00	-2.257894e+00	244800000	-7.567757e+01	-9.151833e+01	4.000599e+00	1.238906e-01
L	-7.543390e+01	-9.141338e+01	244850000	-7.547766e+01	-9.150915e+01	3.995083e+00	2.430041e-01
R	1.181391e+02	-2.208998e+00	-2.465744e+00	244900000	-7.527812e+01	-9.149403e+01	3.986019e+00	3.619403e-01
L	-7.518505e+01	-9.175552e+01	244950000	-7.507912e+01	-9.147297e+01	3.973410e+00	4.805913e-01
R	1.179093e+02	-2.273642e+00	-3.564776e+00	245000000	-7.488084e+01	-9.144598e+01	3.957267e+00	5.988495e-01
L	-7.464399e+01	-9.133643e+01	245050000	-7.468146e+01	-9.141291e+01	3.978033e+00	7.178033e-01
R	1.179153e+02	-2.261450e+00	-2.808242e+00	245100000	-7.448114e+01	-9.137397e+01	3.995606e+00	8.325852e-01
L	-7.423510e+01	-9.098515e+01	245150000	-7.428004e+01	-9.132938e+01	4.010367e+00	9.432507e-01
R	1.173705e+02	-2.243424e+00	-3.592792e+00	245200000	-7.407829e+01	-9.127933e+01	4.022659e+00	1.049873e+00
L	-7.391178e+01	-9.108973e+01	245250000	-7.387600e+01	-9.122404e+01	4.032796e+00	1.152539e+00
R	1.173652e+02	-2.217625e+00	-3.228169e+00	245300000	-7.367328e+01	-9.116369e+01	4.041062e+00	1.251345e+00
L	-7.357346e+01	-9.150962e+01	245350000	-7.347021e+01	-9.109848e+01	4.047710e+00	1.346398e+00
R	1.162258e+02	-2.186541e+00	-4.001969e+00	245400000	-7.326686e+01	-9.102860e+01	4.052970e+00	1.437809e+00
L	-7.289298e+01	-9.103621e+01	245450000	-7.306331e+01	-9.095423e+01	4.057047e+00	1.525693e+00
R	1.162265e+02	-2.225578e+00	-3.512027e+00	245500000	-7.285959e+01	-9.087554e+01	4.060125e+00	1.610167e+00
L	-7.252839e+01	-9.086812e+01	245550000	-7.265577e+01	-9.079270e+01	4.062366e+00	1.691352e+00
R	1.163330e+02	-2.241113e+00	-3.366582e+00	245600000	-7.245187e+01	-9.070587e+01	4.063916e+00	1.769364e+00
L	-7.219024e+01	-9.047385e+01	245650000	-7.224792e+01	-9.061521e+01	4.064905e+00	1.844324e+00
R	1.152700e+02	-2.191050e+00	-3.549431e+00	245700000	-7.204396e+01	-9.052088e+01	4.065445e+00	1.916346e+00
L	-7.197019e+01	-9.022465e+01	245750000	-7.184000e+01	-9.042301e+01	4.065637e+00	1.985544e+00
R	1.150282e+02	-2.234065e+00	-4.250061e+00	245800000	-7.163605e+01	-9.032174e+01	4.065569e+00	2.052032e+00
L	-7.165180e+01	-9.024475e+01	245850000	-7.143213e+01	-9.021722e+01	4.065318e+00	2.115918e+00
R	1.147041e+02	-2.206518e+00	-4.558146e+00	245900000	-7.122825e+01	-9.010956e+01	4.064951e+00	2.177306e+00
L	-7.110839e+01	-9.014732e+01	245950000	-7.102439e+01	-8.999889e+01	4.064525e+00	2.236301e+00
R	1.146658e+02	-2.230115e+00	-4.065103e+00	246000000	-7.082058e+01	-8.988533e+01	4.064090e+00	2.293000e+00
L	-7.071117e+01	-8.973694e+01	246050000	-7.061680e+01	-8.976898e+01	4.063688e+00	2.347500e+00
R	1.142932e+02	-2.247438e+00	-4.511416e+00	246100000	-7.041306e+01	-8.964997e+01	4.063357e+00	2.399892e+00
L	-7.018469e+01	-8.945877e+01	246150000	-7.020935e+01	-8.952839e+01	4.063126e+00	2.450265e+00
R	1.135724e+02	-2.273239e+00	-4.626732e+00	246200000	-7.000565e+01	-8.940434e+01	4.063020e+00	2.498704e+00
L	-6.996295e+01	-8.883859e+01	246250000	-6.980198e+01	-8.927792e+01	4.063060e+00	2.545290e+00
R	1.131665e+02	-2.284715e+00	-4.657967e+00	246300000	-6.959831e+01	-8.914921e+01	4.063263e+00	2.590101e+00
L	-6.956894e+01	-8.866736e+01	246350000	-6.939463e+01	-8.901831e+01	4.063642e+00	2.633214e+00
R	1.128289e+02	-2.246268e+00	-4.233308e+00	246400000	-6.919095e+01	-8.888530e+01	4.064207e+00	2.674699e+00
L	-6.883523e+01	-8.886030e+01	246450000	-6.898725e+01	-8.875025e+01	4.064964e+00	2.714625e+00
R	1.118648e+02	-2.268953e+00	-4.759029e+00	246500000	-6.878351e+01	-8.861325e+01	4.065919e+00	2.753058e+00
L	-6.858971e+01	-8.850601e+01	246550000	-6.857974e+01	-8.847437e+01	4.067074e+00	2.790060e+00
R	1.118886e+02	-2.219923e+00	-4.746775e+00	246600000	-6.837591e+01	-8.833367e+01	4.068431e+00	2.825693e+00
L	-6.803281e+01	-8.846277e+01	246650000	-6.817202e+01	-8.819123e+01	4.069987e+00	2.860012e+00
R	1.112030e+02	-2.264657e+00	-4.652433e+00	246700000	-6.796805e+01	-8.804711e+01	4.071742e+00	2.893074e+00
L	-6.763402e+01	-8.800485e+01	246750000	-6.776401e+01	-8.790137e+01	4.073692e+00	2.924930e+00
R	1.101219e+02	-2.167133e+00	-4.401840e+00	246800000	-6.755987e+01	-8.775407e+01	4.075832e+00	2.955630e+00
L	-6.717095e+01	-8.775349e+01	246850000	-6.735563e+01	-8.760526e+01	4.078158e+00	2.985224e+00
R	1.104434e+02	-2.216658e+00	-4.760369e+00	246900000	-6.715128e+01	-8.745501e+01	4.080664e+00	3.013755e+00
L	-6.674014e+01	-8.696609e+01	246950000	-6.694680e+01	-8.730336e+01	4.083343e+00	3.041268e+00
R	1.098375e+02	-2.211837e+00	-4.478706e+00	247000000	-6.674220e+01	-8.715036e+01	4.086188e+00	3.067805e+00
L	-6.652446e+01	-8.700275e+01	247050000	-6.653746e+01	-8.699606e+01	4.089193e+00	3.093405e+00
R	1.093094e+02	-2.168207e+00	-4.538945e+00	247100000	-6.633257e+01	-8.684051e+01	4.092350e+00	3.118107e+00
L	-6.650499e+01	-8.640389e+01	247150000	-6.612753e+01	-8.668375e+01	4.095651e+00	3.141947e+00
R	1.087316e+02	-2.261491e+00	-4.589027e+00	247200000	-6.592233e+01	-8.652582e+01	4.099089e+00	3.164960e+00
L	-6.563731e+01	-8.634376e+01	247250000	-6.571696e+01	-8.636677e+01	4.102656e+00	3.187178e+00
R	1.082850e+02	-2.176056e+00	-4.807316e+00	247300000	-6.551142e+01	-8.620662e+01	4.106344e+00	3.208634e+00
L	-6.541194e+01	-8.631598e+01	247350000	-6.530570e+01	-8.604543e+01	4.110146e+00	3.229359e+00
R	1.075110e+02	-2.233656e+00	-5.219429e+00	247400000	-6.509979e+01	-8.588322e+01	4.114053e+00	3.249381e+00
L	-6.471646e+01	-8.588924e+01	247450000	-6.489369e+01	-8.572004e+01	4.118058e+00	3.268727e+00
R	1.071929e+02	-2.172710e+00	-5.376028e+00	247500000	-6.468739e+01	-8.555590e+01	4.122154e+00	3.287425e+00
L	-6.440274e+01	-8.544750e+01	247550000	-6.448089e+01	-8.539085e+01	4.126334e+00	3.305500e+00
R	1.073801e+02	-2.202827e+00	-5.457374e+00	247600000	-6.427419e+01	-8.522492e+01	4.130589e+00	3.322976e+00
L	-6.423750e+01	-8.518201e+01	247650000	-6.406728e+01	-8.505813e+01	4.134914e+00	3.339877e+00
R	1.058620e+02	-2.187478e+00	-5.590473e+00	247700000	-6.386016e+01	-8.489051e+01	4.139302e+00	3.356224e+00
L	-6.358331e+01	-8.468597e+01	247750000	-6.365282e+01	-8.472209e+01	4.143745e+00	3.372039e+00
R	1.061308e+02	-2.166078e+00	-4.770453e+00	247800000	-6.344527e+01	-8.455290e+01	4.148238e+00	3.387342e+00
L	-6.333272e+01	-8.437609e+01	247850000	-6.323749e+01	-8.438296e+01	4.152775e+00	3.402153e+00
R	1.048515e+02	-2.149725e+00	-5.244853e+00	247900000	-6.302950e+01	-8.421229e+01	4.157350e+00	3.416491e+00
L	-6.259474e+01	-8.390389e+01	247950000	-6.282127e+01	-8.404092e+01	4.161957e+00	3.430373e+00
R	1.045354e+02	-2.236013e+00	-5.307665e+00	248000000	-6.261283e+01	-8.386888e+01	4.166590e+00	3.443816e+00
L	-6.246918e+01	-8.372682e+01	248050000	-6.240415e+01	-8.369617e+01	4.171245e+00	3.456837e+00
R	1.045444e+02	-2.172808e+00	-4.728531e+00	248100000	-6.219525e+01	-8.352283e+01	4.175917e+00	3.469452e+00
L	-6.223078e+01	-8.351464e+01	248150000	-6.198612e+01	-8.334887e+01	4.180601e+00	3.481675e+00
R	1.034878e+02	-2.140746e+00	-4.592661e+00	248200000	-6.177675e+01	-8.317431e+01	4.185292e+00	3.493522e+00
L	-6.163798e+01	-8.298518e+01	248250000	-6.156716e+01	-8.299917e+01	4.189986e+00	3.505005e+00
R	1.031509e+02	-2.152139e+00	-5.118706e+00	248300000	-6.135734e+01	-8.282347e+01	4.194679e+00	3.516138e+00
L	-6.091418e+01	-8.260849e+01	248350000	-6.114729e+01	-8.264722e+01	4.199368e+00	3.526934e+00
R	1.023319e+02	-2.231272e+00	-5.556858e+00	248400000	-6.093700e+01	-8.247045e+01	4.204049e+00	3.537405e+00
L	-6.060030e+01	-8.213513e+01	248450000	-6.072649e+01	-8.229316e+01	4.208717e+00	3.547562e+00
R	1.026810e+02	-2.188076e+00	-5.342940e+00	248500000	-6.051575e+01	-8.211538e+01	4.213371e+00	3.557418e+00
L	-6.040132e+01	-8.190482e+01	248550000	-6.030478e+01	-8.193711e+01	4.218007e+00	3.566982e+00
R	1.017219e+02	-2.271004e+00	-5.688644e+00	248600000	-6.009358e+01	-8.175837e+01	4.222622e+00	3.576264e+00
L	-6.008179e+01	-8.127043e+01	248650000	-5.988216e+01	-8.157918e+01	4.227213e+00	3.585276e+00
R	1.011736e+02	-2.216500e+00	-5.268939e+00	248700000	-5.967051e+01	-8.139955e+01	4.231778e+00	3.594025e+00
L	-5.925329e+01	-8.128658e+01	248750000	-5.945863e+01	-8.121950e+01	4.236315e+00	3.602523e+00
R	1.004958e+02	-2.204908e+00	-5.312661e+00	248800000	-5.924654e+01	-8.103902e+01	4.240821e+00	3.610776e+00
L	-5.899447e+01	-8.076790e+01	248850000	-5.903422e+01	-8.085814e+01	4.245295e+00	3.618793e+00
R	9.966743e+01	-2.227800e+00	-5.355503e+00	248900000	-5.882169e+01	-8.067687e+01	4.249734e+00	3.626584e+00
L	-5.865007e+01	-8.049034e+01	248950000	-5.860893e+01	-8.049522e+01	4.254136e+00	3.634154e+00
R	9.966681e+01	-2.215117e+00	-5.507965e+00	249000000	-5.839596e+01	-8.031320e+01	4.258501e+00	3.641512e+00
L	-5.813281e+01	-8.014225e+01	249050000	-5.818278e+01	-8.013081e+01	4.262826e+00	3.648665e+00
R	9.863015e+01	-2.226424e+00	-5.871268e+00	249100000	-5.796938e+01	-7.994808e+01	4.267111e+00	3.655620e+00
L	-5.780028e+01	-7.959691e+01	249150000	-5.775578e+01	-7.976500e+01	4.271353e+00	3.662383e+00
R	9.881618e+01	-2.208288e+00	-5.356918e+00	249200000	-5.754196e+01	-7.958160e+01	4.275553e+00	3.668961e+00
L	-5.724096e+01	-7.933146e+01	249250000	-5.732794e+01	-7.939787e+01	4.279708e+00	3.675360e+00
R	9.737329e+01	-2.169283e+00	-5.291628e+00	249300000	-5.711372e+01	-7.921383e+01	4.283818e+00	3.681585e+00
L	-5.713567e+01	-7.895135e+01	249350000	-5.689929e+01	-7.902949e+01	4.287882e+00	3.687643e+00
R	9.725254e+01	-2.220870e+00	-5.783060e+00	249400000	-5.668467e+01	-7.884484e+01	4.291899e+00	3.693538e+00
L	-5.627582e+01	-7.856270e+01	249450000	-5.646984e+01	-7.865991e+01	4.295869e+00	3.699276e+00
R	9.715298e+01	-2.230261e+00	-5.666320e+00	249500000	-5.625483e+01	-7.847470e+01	4.299791e+00	3.704862e+00
L	-5.613609e+01	-7.841147e+01	249550000	-5.603962e+01	-7.828922e+01	4.303664e+00	3.710301e+00
R	9.578413e+01	-2.191903e+00	-5.982231e+00	249600000	-5.582422e+01	-7.810347e+01	4.307489e+00	3.715597e+00
L	-5.571352e+01	-7.800717e+01	249650000	-5.560863e+01	-7.791746e+01	4.311264e+00	3.720755e+00
R	9.577856e+01	-2.192437e+00	-5.387066e+00	249700000	-5.539286e+01	-7.773119e+01	4.314990e+00	3.725780e+00
L	-5.521884e+01	-7.768273e+01	249750000	-5.517691e+01	-7.754468e+01	4.318666e+00	3.730674e+00
R	9.482997e+01	-2.162212e+00	-5.211984e+00	249800000	-5.496077e+01	-7.735794e+01	4.322293e+00	3.735443e+00
L	-5.456487e+01	-7.682201e+01	249850000	-5.474446e+01	-7.717095e+01	4.325869e+00	3.740090e+00
R	9.495887e+01	-2.187409e+00	-5.599841e+00	249900000	-5.452797e+01	-7.698374e+01	4.329395e+00	3.744619e+00
L	-5.428856e+01	-7.676776e+01	249950000	-5.431131e+01	-7.679631e+01	4.332871e+00	3.749034e+00
R	9.362496e+01	-2.231373e+00	-5.449541e+00	250000000	-5.409448e+01	-7.660866e+01	4.336297e+00	3.753337e+00
